{"type":"FeatureCollection","crs":{"type":"name","properties":{"name":"urn:ogc:def:crs:EPSG::3889"}},"features":[{"type":"Feature","properties":{"ID_0":177,"ISO":"PHL","NAME_0":"Philippines","ID_1":25,"NAME_1":"Cebu","ID_2":440,"NAME_2":"Alcantara","NL_NAME_2":null,"VARNAME_2":null,"TYPE_2":"Bayan|Munisipyo","ENGTYPE_2":"Municipality","PROVINCE":"Cebu","REGION":"Central Visayas (Region VII)"},"geometry":{"type":"MultiPolygon","coordinates":[[[[123.44978332519565,9.976710319519043],[123.45498657226562,9.976409912109489],[123.45931243896496,9.9760103225708],[123.46278381347656,9.976360321044922],[123.46916198730491,9.97710990905773],[123.4746322631836,9.97772026062006],[123.47807312011719,9.97821044921875],[123.47968292236362,9.978380203247013],[123.4847412109375,9.97926998138422],[123.49009704589889,9.979969978332463],[123.49472808837936,9.980779647827148],[123.49963378906295,9.981439590454045],[123.50443267822277,9.981920242309798],[123.5022964477539,9.976220130920524],[123.49970245361362,9.969019889831657],[123.4983901977539,9.963259696960506],[123.49748992919945,9.958359718322754],[123.49439239501953,9.949589729309139],[123.4937667846682,9.947119712829647],[123.49301910400436,9.94678020477295],[123.49120330810547,9.946619987487793],[123.4873275756836,9.94744968414301],[123.48359680175781,9.948260307311955],[123.48137664794967,9.948699951171932],[123.4786834716798,9.94933032989502],[123.477577209473,9.949500083923283],[123.47561645507824,9.95001029968273],[123.4713134765625,9.951410293579158],[123.46613311767612,9.952520370483512],[123.46141815185581,9.953129768371582],[123.45584106445347,9.954139709472656],[123.45275115966808,9.954710006713924],[123.44763946533237,9.955380439758244],[123.44257354736328,9.956110000610352],[123.44119262695324,9.956350326538029],[123.43489074707031,9.956809997558594],[123.42803955078159,9.956939697265739],[123.42273712158203,9.957099914550838],[123.41722106933594,9.957619667053223],[123.40878295898472,9.958849906921444],[123.40582275390636,9.958729743957576],[123.40351104736374,9.958600044250602],[123.4012832641605,9.959440231323242],[123.39364624023483,9.962420463562012],[123.39366912841797,9.962530136108455],[123.39380645751964,9.963000297546387],[123.39380645751964,9.963470458984375],[123.39366912841797,9.963959693908919],[123.3934707641605,9.964509963989258],[123.393310546875,9.965089797973633],[123.39317321777344,9.965660095215071],[123.39302062988327,9.966179847717285],[123.39295196533237,9.966629981994856],[123.39293670654308,9.966979980468807],[123.39306640625045,9.967289924621639],[123.39321899414074,9.967630386352596],[123.39302062988327,9.967880249023438],[123.39299774169922,9.967929840087834],[123.39293670654308,9.968179702759016],[123.39273071289062,9.96825027465826],[123.39215087890625,9.96815013885498],[123.39069366455078,9.96691989898676],[123.39021301269577,9.966710090637264],[123.38964843750034,9.966779708862362],[123.38951110839878,9.967399597168026],[123.38973999023438,9.967769622802734],[123.38993072509766,9.96809005737316],[123.39083099365234,9.9689302444458],[123.3909606933596,9.969050407409611],[123.39069366455078,9.969490051269588],[123.39073181152389,9.969949722290153],[123.3908615112307,9.970439910888672],[123.39102172851562,9.97089958190918],[123.39124298095726,9.971309661865291],[123.39163970947266,9.971739768982161],[123.39217376708996,9.9721298217774],[123.39248657226585,9.972299575805664],[123.3926467895509,9.972379684448185],[123.39304351806652,9.972539901733512],[123.39334106445335,9.97278022766119],[123.39340209960983,9.972829818725643],[123.3936233520509,9.973030090332031],[123.3939437866211,9.973259925842285],[123.39431762695312,9.973520278930891],[123.39479064941452,9.973750114440975],[123.39537048339878,9.973919868469238],[123.39592742919967,9.973979949951229],[123.39646911621105,9.973759651184139],[123.39700317382812,9.97358036041254],[123.39765930175815,9.973509788513297],[123.39839935302757,9.973500251769963],[123.39872741699219,9.97321033477806],[123.39897918701217,9.972929954528922],[123.39923858642612,9.9727201461792],[123.39958190917969,9.972610473632756],[123.39996337890625,9.972729682922306],[123.40043640136719,9.97278022766119],[123.40086364746105,9.972829818725813],[123.40093231201172,9.972840309143237],[123.40131378173828,9.973010063171671],[123.40161895751964,9.973079681396428],[123.4018020629884,9.973259925842285],[123.40186309814487,9.973509788513297],[123.40193939208984,9.973859786987418],[123.40194702148438,9.97428989410406],[123.40194702148438,9.97472000122093],[123.40222167968818,9.975000381469727],[123.4024429321289,9.975769996643294],[123.4027328491211,9.97611045837408],[123.40234375,9.976412773132552],[123.39943695068393,9.976389884948787],[123.39916992187545,9.97611045837408],[123.39888763427734,9.976389884948787],[123.39888763427734,9.976670265197754],[123.39861297607456,9.976940155029297],[123.39861297607456,9.977780342102108],[123.39888763427734,9.978300094604492],[123.39971160888683,9.978429794311637],[123.40019989013706,9.978710174560604],[123.40022277832031,9.979339599609375],[123.39971923828136,9.979999542236328],[123.39888763427734,9.980830192566032],[123.39888763427734,9.981109619140852],[123.39903259277344,9.981920242309798],[123.39919281005893,9.982689857483024],[123.39943695068393,9.983329772949219],[123.39971923828136,9.983900070190487],[123.40000152587925,9.984439849853743],[123.4013900756836,9.985830307007063],[123.40165710449264,9.985830307007063],[123.40194702148438,9.9861097335816],[123.40194702148438,9.986390113830566],[123.40222167968795,9.986669540405217],[123.40283966064453,9.986630439758414],[123.40381622314487,9.986590385437125],[123.40519714355469,9.986359596252385],[123.40554046630893,9.98620986938488],[123.4073867797855,9.984900474548567],[123.40838623046886,9.984250068664608],[123.4101028442384,9.983110427856559],[123.41162109375,9.9824800491333],[123.41259765625034,9.982080459594783],[123.41565704345726,9.981280326843262],[123.41660308837925,9.980890274047852],[123.4188385009769,9.980199813842717],[123.42362976074219,9.979630470275936],[123.42838287353516,9.979260444641113],[123.43182373046875,9.979129791259822],[123.43586730957065,9.978590011596737],[123.441162109375,9.977849960327262],[123.44529724121105,9.977219581603947],[123.44680786132858,9.977069854736442],[123.44978332519565,9.976710319519043]]]]}},{"type":"Feature","properties":{"ID_0":177,"ISO":"PHL","NAME_0":"Philippines","ID_1":25,"NAME_1":"Cebu","ID_2":441,"NAME_2":"Alcoy","NL_NAME_2":null,"VARNAME_2":null,"TYPE_2":"Bayan|Munisipyo","ENGTYPE_2":"Municipality","PROVINCE":"Cebu","REGION":"Central Visayas (Region VII)"},"geometry":{"type":"Polygon","coordinates":[[[123.5022964477539,9.739330291748104],[123.51193237304688,9.73622035980236],[123.51249694824219,9.73628044128418],[123.51260375976608,9.736140251159782],[123.51249694824219,9.735600471496696],[123.51236724853538,9.735019683838004],[123.51222991943405,9.734569549560604],[123.51197814941429,9.734419822692871],[123.51168823242199,9.734270095825195],[123.51142883300781,9.734060287475813],[123.5113906860355,9.734029769897518],[123.51112365722679,9.733750343322981],[123.51087951660156,9.73346042633051],[123.51074218750023,9.733119964599723],[123.51055145263695,9.732839584350586],[123.51038360595737,9.732580184936637],[123.51026153564476,9.7322998046875],[123.5101089477539,9.732040405273551],[123.50997161865246,9.731699943542708],[123.50975036621139,9.731340408325309],[123.50961303710983,9.730859756469727],[123.509521484375,9.73048019409174],[123.50948333740268,9.730340003967342],[123.50949859619163,9.729769706726131],[123.50966644287121,9.72920036315918],[123.50972747802734,9.728650093078613],[123.50977325439464,9.728179931640682],[123.5098800659182,9.727820396423454],[123.50994110107467,9.727680206298828],[123.51001739501953,9.727470397949332],[123.51026153564476,9.727120399475211],[123.51048278808594,9.7267103195191],[123.51055145263695,9.726160049438533],[123.5105590820317,9.725609779358024],[123.51053619384777,9.725079536438045],[123.510498046875,9.724579811096248],[123.51040649414062,9.724069595336971],[123.5102767944336,9.723560333252067],[123.51013183593795,9.723050117492619],[123.51009368896484,9.722860336303825],[123.51007080078148,9.722769737243652],[123.51001739501953,9.72251987457281],[123.51000213623081,9.721989631652889],[123.50998687744186,9.721469879150504],[123.51000213623081,9.720990180969238],[123.51001739501953,9.720540046692008],[123.51014709472668,9.720109939575309],[123.51024627685581,9.719699859619368],[123.51032257080124,9.719249725341797],[123.51035308837902,9.719209671020508],[123.51036834716842,9.719160079956112],[123.51051330566452,9.718830108642521],[123.5105590820317,9.718330383300895],[123.51056671142624,9.718119621276855],[123.5105972290039,9.717780113220215],[123.51069641113327,9.717499732971191],[123.51071929931652,9.717450141906795],[123.51078033447266,9.717269897460938],[123.5108108520509,9.71669960021967],[123.5108337402346,9.716540336608887],[123.5108337402346,9.716139793396053],[123.5108337402346,9.715519905090389],[123.51074981689499,9.714949607849121],[123.51058959960938,9.71444034576416],[123.5105590820317,9.713910102844181],[123.51055145263695,9.713359832763672],[123.5105590820317,9.712800025940055],[123.5105590820317,9.712260246276912],[123.5105590820317,9.711739540100098],[123.51055145263695,9.711230278015137],[123.51052093505871,9.710729598999023],[123.5103912353519,9.710249900817928],[123.5102767944336,9.709779739379996],[123.51014709472668,9.709329605102596],[123.51001739501953,9.70888996124279],[123.51000213623081,9.708450317382756],[123.51000213623081,9.708000183105526],[123.51000213623081,9.707550048828125],[123.51000213623081,9.707099914550724],[123.51000213623081,9.706649780273494],[123.51000213623081,9.706190109252987],[123.51000213623081,9.705730438232422],[123.51001739501953,9.70526027679449],[123.51014709472668,9.704790115356502],[123.51022338867188,9.70452022552513],[123.5102767944336,9.704310417175236],[123.51040649414062,9.703829765319881],[123.51042175292969,9.703310012817496],[123.51042175292969,9.702819824218977],[123.51048278808594,9.702380180359],[123.51052856445324,9.7019300460816],[123.51055145263695,9.701450347900504],[123.5105590820317,9.700969696044922],[123.51053619384777,9.700489997863826],[123.51042938232433,9.699999809265137],[123.51030731201172,9.699520111084098],[123.51029968261719,9.699370384216536],[123.5102767944336,9.699040412902832],[123.5102767944336,9.698920249938965],[123.51029205322266,9.69855976104759],[123.51029968261719,9.698089599609489],[123.5102767944336,9.697620391845817],[123.5102767944336,9.697199821472225],[123.5102767944336,9.696720123290959],[123.51024627685581,9.696310043335018],[123.51011657714844,9.695949554443303],[123.50998687744186,9.695579528808821],[123.50980377197311,9.695210456848088],[123.50965118408203,9.694789886474723],[123.50945281982422,9.694410324096737],[123.50927734375,9.6941299438476],[123.50923919677768,9.694049835205021],[123.50914001464844,9.69363975524908],[123.50898742675827,9.693300247192383],[123.50890350341808,9.69297027587902],[123.50884246826217,9.692669868469295],[123.5086898803711,9.69242000579834],[123.50859832763717,9.692119598388786],[123.50847625732456,9.691820144653377],[123.50842285156261,9.691659927368278],[123.50833129882824,9.691490173339844],[123.5082473754884,9.69108963012718],[123.50816345214866,9.690660476684798],[123.50804901123058,9.690219879150334],[123.50791168212925,9.689780235290527],[123.50772857666016,9.689370155334586],[123.50762176513672,9.689169883728027],[123.5075073242192,9.688980102539006],[123.50731658935592,9.688570022583235],[123.50723266601562,9.688229560852108],[123.50720977783226,9.688130378723258],[123.50708007812545,9.687700271606388],[123.5069274902346,9.687270164489746],[123.50673675537132,9.686849594116154],[123.506629943848,9.686389923095817],[123.50636291503952,9.686019897460994],[123.5059967041019,9.685729980468864],[123.50554656982467,9.685489654541016],[123.50511169433616,9.685259819030762],[123.50496673583984,9.685150146484489],[123.50469970703125,9.684960365295524],[123.50433349609409,9.684610366821403],[123.50399780273438,9.684180259704704],[123.50372314453125,9.68367958068859],[123.50363922119186,9.683449745178336],[123.50353240966797,9.68311023712181],[123.50331878662155,9.682589530944824],[123.50306701660202,9.68212985992443],[123.50290679931652,9.681670188903922],[123.50276947021484,9.681220054626522],[123.50260162353516,9.680789947509993],[123.50247955322266,9.680350303650016],[123.5022964477539,9.679920196533146],[123.50222778320324,9.67947959899908],[123.5022201538086,9.679039955139274],[123.5022201538086,9.678649902343864],[123.50222778320324,9.678279876708984],[123.50225830078148,9.677949905395621],[123.50235748291061,9.677630424499512],[123.50247955322266,9.677289962768668],[123.50256347656284,9.676910400390682],[123.50273895263717,9.676560401916618],[123.50277709960938,9.676199913024902],[123.50277709960938,9.675849914550781],[123.50277709960938,9.67549991607666],[123.50282287597679,9.675129890442008],[123.50298309326172,9.674759864807129],[123.50303649902344,9.674329757690487],[123.50305938720703,9.673870086669922],[123.50305938720703,9.673350334167537],[123.50306701660202,9.672760009765739],[123.5031509399414,9.672100067138615],[123.50321960449219,9.671609878540096],[123.5032577514653,9.671330451965446],[123.50327301025402,9.670610427856502],[123.50306701660202,9.670040130615234],[123.50289154052746,9.669589996338004],[123.50279235839844,9.669199943542594],[123.50277709960938,9.668860435485897],[123.50276947021484,9.66851997375494],[123.50272369384777,9.668180465698242],[123.50254821777389,9.667869567871094],[123.50247955322266,9.667449951171875],[123.50234985351585,9.66703033447277],[123.50218200683628,9.666569709777946],[123.50195312500011,9.666060447692985],[123.50171661376953,9.665510177612305],[123.50121307373092,9.665909767150993],[123.49807739257812,9.667510032654036],[123.4973831176759,9.667730331421012],[123.49712371826172,9.667819976806868],[123.49571228027344,9.668279647827205],[123.49147033691418,9.669050216674918],[123.4882431030278,9.66977977752697],[123.48429107666016,9.6706800460816],[123.48116302490246,9.671449661254996],[123.47752380371105,9.672419548034782],[123.4602203369144,9.678640365600529],[123.45095825195312,9.681940078735465],[123.42356109619152,9.690279960632381],[123.42410278320358,9.693269729614258],[123.42447662353516,9.695340156555233],[123.4253616333009,9.69900989532482],[123.42671203613315,9.701880455017204],[123.42752075195312,9.702850341796932],[123.42778015136764,9.703120231628532],[123.42874145507858,9.707050323486328],[123.42861938476597,9.70991039276123],[123.42870330810558,9.716250419616927],[123.42881011962925,9.719349861145247],[123.42833709716808,9.723179817199764],[123.4281463623048,9.725310325622786],[123.42794799804699,9.726309776306266],[123.4267272949221,9.730079650878963],[123.42601776123092,9.733090400695858],[123.425537109375,9.735580444335938],[123.42536926269565,9.739069938659668],[123.4253616333009,9.740400314331168],[123.42539215087913,9.742139816284293],[123.42591857910156,9.748040199279842],[123.42627716064487,9.749560356140137],[123.42677307128952,9.753109931946028],[123.42674255371094,9.757089614868278],[123.42664337158249,9.76231956481945],[123.42655944824219,9.765930175781307],[123.42653656005882,9.767060279846191],[123.42701721191452,9.770449638366813],[123.42777252197288,9.772230148315487],[123.4284362792971,9.77383041381836],[123.42938995361351,9.775970458984318],[123.43115997314499,9.779219627380371],[123.43351745605503,9.776639938354606],[123.43730926513695,9.771659851074276],[123.44348907470737,9.765219688415641],[123.44905090332031,9.760169982910156],[123.45054626464878,9.758970260620117],[123.45390319824241,9.75625991821289],[123.4600219726567,9.751669883728141],[123.46005249023438,9.751649856567383],[123.46436309814464,9.749449729919434],[123.46589660644543,9.748689651489371],[123.46602630615234,9.748629570007324],[123.46797180175827,9.747670173644963],[123.47122955322277,9.746470451354924],[123.47161102294933,9.746319770812931],[123.47290802001953,9.745849609375],[123.47770690918014,9.744609832763672],[123.48288726806652,9.74384975433361],[123.48956298828136,9.743180274963322],[123.5022964477539,9.739330291748104]]]}},{"type":"Feature","properties":{"ID_0":177,"ISO":"PHL","NAME_0":"Philippines","ID_1":25,"NAME_1":"Cebu","ID_2":442,"NAME_2":"Alegria","NL_NAME_2":null,"VARNAME_2":null,"TYPE_2":"Bayan|Munisipyo","ENGTYPE_2":"Municipality","PROVINCE":"Cebu","REGION":"Central Visayas (Region VII)"},"geometry":{"type":"Polygon","coordinates":[[[123.42874145507858,9.707050323486328],[123.42778015136764,9.703120231628532],[123.42752075195312,9.702850341796932],[123.42671203613315,9.701880455017204],[123.4253616333009,9.69900989532482],[123.42447662353516,9.695340156555233],[123.42410278320358,9.693269729614258],[123.42356109619152,9.690279960632381],[123.3922119140625,9.699970245361328],[123.38921356201183,9.700880050659237],[123.38733673095726,9.701519966125488],[123.3847885131836,9.701549530029297],[123.38136291503906,9.702219963073674],[123.37902069091831,9.702690124511832],[123.37468719482422,9.703980445861873],[123.37010192871094,9.705369949340877],[123.3655929565432,9.706080436706543],[123.36155700683605,9.706219673156852],[123.36045074462936,9.706110000610579],[123.35817718505893,9.706379890442122],[123.35704803466797,9.707030296325797],[123.35520172119163,9.707960128784293],[123.35442352294956,9.708419799804801],[123.35212707519565,9.709210395813045],[123.34934234619186,9.70991039276123],[123.3470230102539,9.710590362548942],[123.34454345703125,9.711090087890739],[123.34146118164085,9.711449623107967],[123.33775329589889,9.711979866027946],[123.33796691894565,9.71277046203619],[123.33799743652344,9.712820053100586],[123.33815765380893,9.71315002441412],[123.33831024169933,9.713470458984375],[123.33833312988327,9.713839530944938],[123.33828735351574,9.714050292968807],[123.33824157714844,9.714249610900879],[123.33808898925827,9.714730262756461],[123.33805084228516,9.715290069580135],[123.33807373046875,9.715889930725211],[123.3381500244144,9.716440200805721],[123.33831787109398,9.71691036224388],[123.33847808837902,9.717240333557072],[123.33850860595726,9.717309951782227],[123.33854675292969,9.717700004577637],[123.33840942382835,9.71807003021246],[123.33840942382835,9.718110084533919],[123.33834075927768,9.718549728393555],[123.33828735351574,9.719019889831543],[123.33809661865246,9.719490051269645],[123.33805847167969,9.720060348510742],[123.33809661865246,9.720640182495117],[123.3381500244144,9.720780372619856],[123.33828735351574,9.721170425415096],[123.33837890625,9.721719741821289],[123.33857727050793,9.722220420837402],[123.33872222900425,9.722749710083121],[123.33881378173828,9.723099708557243],[123.33885955810558,9.723250389099235],[123.33892822265625,9.723719596862907],[123.33905029296886,9.724100112915153],[123.33917999267601,9.72443962097168],[123.3393325805664,9.724749565124512],[123.33943176269543,9.725079536438045],[123.33946990966842,9.725419998169059],[123.33953094482433,9.725760459900016],[123.33952331542969,9.726079940796012],[123.33943176269543,9.726389884948844],[123.3394165039067,9.726429939270076],[123.33928680419967,9.726679801940918],[123.33917999267601,9.72698974609375],[123.33911132812534,9.727330207824764],[123.33894348144531,9.727660179138297],[123.33889007568382,9.728019714355526],[123.33888244628918,9.728429794311467],[123.33889007568382,9.728859901428336],[123.33892059326206,9.729310035705566],[123.3390808105471,9.729760169982967],[123.33908843994186,9.72986984252941],[123.33915710449253,9.730199813842773],[123.33915710449253,9.730660438537598],[123.33915710449253,9.730739593505916],[123.33915710449253,9.731160163879451],[123.33915710449253,9.731710433959961],[123.33915710449253,9.7322998046875],[123.33920288085938,9.732919692993164],[123.3393783569336,9.733480453491438],[123.3393783569336,9.73406982421875],[123.33923339843795,9.734649658203182],[123.33936309814476,9.735199928283691],[123.3394927978519,9.735759735107536],[123.33965301513695,9.736289978027287],[123.33966827392624,9.736869812011662],[123.33965301513695,9.737090110778809],[123.339599609375,9.737469673156966],[123.33975982666016,9.739529609680176],[123.33952331542969,9.740599632263297],[123.33946228027366,9.741239547729492],[123.33943939208996,9.741920471191634],[123.33943176269543,9.742589950561523],[123.33946990966842,9.743249893188477],[123.3396606445317,9.74384975433361],[123.3399124145509,9.744179725646973],[123.34002685546886,9.744339942932129],[123.34050750732445,9.744779586792106],[123.34063720703159,9.74491024017334],[123.34085083007812,9.745109558105469],[123.34098815917991,9.745249748230037],[123.34149932861328,9.745670318603572],[123.34192657470714,9.746109962463379],[123.34221649169956,9.746569633484114],[123.34245300292969,9.746959686279354],[123.34248352050793,9.74740028381342],[123.34240722656284,9.74785041809082],[123.34246063232422,9.748290061950627],[123.34248352050793,9.748680114746037],[123.34239196777355,9.748990058898869],[123.34227752685592,9.749250411987305],[123.34220123291027,9.749509811401595],[123.34205627441406,9.749759674072266],[123.34195709228561,9.750060081481934],[123.34194183349632,9.750459671020451],[123.34194183349632,9.750880241394043],[123.34195709228561,9.751310348510685],[123.34208679199264,9.751689910888672],[123.34217071533203,9.751910209655989],[123.34223175048851,9.752070426940918],[123.34240722656284,9.752440452575797],[123.34253692626987,9.752880096435604],[123.34275817871094,9.753290176391715],[123.34291076660202,9.753740310668945],[123.3430633544923,9.754220008850211],[123.3431015014653,9.7544202804566],[123.34317779541038,9.75471019744873],[123.34326934814464,9.755049705505428],[123.34330749511753,9.755180358886662],[123.34333801269531,9.755640029907227],[123.34364318847668,9.756959915161133],[123.3438186645509,9.75778961181652],[123.34388732910156,9.758090019226188],[123.34388732910156,9.75839996337902],[123.34385681152389,9.758749961853141],[123.34378051757812,9.759140014648551],[123.3437728881836,9.75918006896984],[123.34369659423828,9.759599685668888],[123.34353637695324,9.760129928588867],[123.34361267089889,9.760729789734],[123.34372711181652,9.761349678039664],[123.34385681152389,9.761960029601994],[123.34384918212913,9.762000083923454],[123.34393310546909,9.76251029968273],[123.34411621093784,9.762969970703239],[123.34417724609375,9.763500213623047],[123.34420776367199,9.76366996765148],[123.34427642822266,9.764019966125602],[123.34455871582031,9.764450073242244],[123.34468078613293,9.764679908752555],[123.3448104858403,9.764920234680233],[123.34497833251964,9.765460014343489],[123.34503936767578,9.766050338745117],[123.34525299072277,9.76657962799078],[123.34532928466842,9.766980171203613],[123.34535217285168,9.76710033416748],[123.3455200195317,9.7675199508667],[123.34554290771496,9.76774978637701],[123.34557342529342,9.767950057983398],[123.34558105468795,9.76830005645752],[123.3458023071289,9.768759727478027],[123.34565734863304,9.77013969421398],[123.34497833251964,9.771900177001953],[123.34490966796875,9.772509574890364],[123.3447494506836,9.773090362548885],[123.34462738037155,9.77367019653326],[123.34446716308594,9.77418041229248],[123.3443374633789,9.77466964721691],[123.34419250488327,9.775099754333553],[123.34416198730469,9.775509834289494],[123.34417724609375,9.77587032318121],[123.34417724609375,9.776249885559196],[123.3442306518557,9.776599884033317],[123.34430694580112,9.776940345764103],[123.34432220459007,9.777290344238224],[123.34420776367199,9.777629852294922],[123.34400939941418,9.777970314025936],[123.34385681152389,9.778369903564453],[123.34368133544956,9.77880954742443],[123.34367370605514,9.779310226440543],[123.3438186645509,9.779829978942928],[123.34384918212913,9.780079841613713],[123.34387969970737,9.780329704284895],[123.34388732910156,9.78081035614008],[123.34388732910156,9.781270027160645],[123.34388732910156,9.781720161438216],[123.34388732910156,9.781880378723201],[123.34388732910156,9.782159805297852],[123.34388732910156,9.782620429992676],[123.34388732910156,9.783100128173942],[123.34390258789062,9.783599853515568],[123.34398651123047,9.784119606018123],[123.34413909912132,9.784620285034237],[123.34414672851562,9.7847900390625],[123.34416961669922,9.785129547119368],[123.34422302246105,9.785599708557186],[123.34422302246105,9.785639762878418],[123.34441375732433,9.786140441894531],[123.34452056884788,9.78672981262207],[123.34470367431663,9.787269592285156],[123.34471893310547,9.787369728088436],[123.34483337402378,9.787850379943848],[123.34504699707031,9.788339614868221],[123.34525299072277,9.788849830627498],[123.34532165527344,9.789409637451115],[123.34544372558605,9.789699554443587],[123.34552764892624,9.789950370788517],[123.3455963134769,9.790209770202637],[123.34567260742188,9.790510177612532],[123.34588623046875,9.791000366211051],[123.34616851806675,9.79131984710699],[123.34620666503918,9.791370391845703],[123.34657287597656,9.79164981842041],[123.3469467163086,9.79185009002697],[123.34734344482422,9.792030334472656],[123.3477783203125,9.792149543762207],[123.3482131958009,9.7923002243042],[123.34864044189487,9.79251956939703],[123.34899902343773,9.792840003967285],[123.34922790527344,9.79331970214838],[123.34947204589866,9.793880462646541],[123.34980773925781,9.794469833374023],[123.35014343261741,9.795109748840446],[123.35059356689464,9.795649528503532],[123.35109710693382,9.79607963562023],[123.35166168212902,9.796369552612305],[123.35218811035156,9.796589851379622],[123.35265350341831,9.796830177307129],[123.3530731201173,9.797109603881836],[123.3534927368164,9.797389984130973],[123.35394287109386,9.797679901123047],[123.35440063476562,9.7978897094726],[123.35478210449219,9.798130035400504],[123.35507202148449,9.798399925232047],[123.35536193847668,9.798620223998967],[123.3556594848634,9.798810005187988],[123.3559799194336,9.798910140991438],[123.35604858398449,9.798930168151799],[123.35611724853516,9.798970222473088],[123.35639190673874,9.799130439758414],[123.35643005371105,9.79916000366211],[123.35690307617222,9.799400329589957],[123.35742187500034,9.7996702194215],[123.35785675048862,9.8001003265382],[123.35826873779297,9.800600051879996],[123.35859680175781,9.801150321960506],[123.35890960693371,9.801679611206055],[123.35920715332054,9.802140235900879],[123.35957336425815,9.802490234375],[123.35991668701172,9.802780151367244],[123.36023712158214,9.803079605102653],[123.36054229736351,9.803389549255485],[123.36080169677746,9.80370998382574],[123.3610229492192,9.804070472717285],[123.36122131347702,9.804409980774153],[123.36148834228538,9.804710388183707],[123.36181640625,9.805000305175781],[123.36224365234409,9.805310249328613],[123.36267852783203,9.805720329284725],[123.36322784423828,9.806130409240666],[123.3637924194336,9.806550025939941],[123.36440277099655,9.80688953399681],[123.36493682861328,9.807189941406364],[123.3653335571289,9.807589530944881],[123.36557769775402,9.80811977386486],[123.36580657959018,9.808679580688477],[123.36595916748058,9.809289932251033],[123.3660888671875,9.809880256652832],[123.3661117553711,9.810500144958496],[123.36608123779297,9.81112003326416],[123.36602020263672,9.811699867248535],[123.36625671386741,9.812040328979549],[123.37471008300827,9.808270454406852],[123.38285827636741,9.804780006408635],[123.39047241210972,9.80160999298107],[123.39817047119186,9.798549652099723],[123.40505218505871,9.795129776000977],[123.41055297851562,9.791939735412654],[123.41613769531273,9.789050102233887],[123.42096710205078,9.786450386047363],[123.42437744140625,9.784310340881404],[123.43115997314499,9.779219627380371],[123.42938995361351,9.775970458984318],[123.4284362792971,9.77383041381836],[123.42777252197288,9.772230148315487],[123.42701721191452,9.770449638366813],[123.42653656005882,9.767060279846191],[123.42655944824219,9.765930175781307],[123.42664337158249,9.76231956481945],[123.42674255371094,9.757089614868278],[123.42677307128952,9.753109931946028],[123.42627716064487,9.749560356140137],[123.42591857910156,9.748040199279842],[123.42539215087913,9.742139816284293],[123.4253616333009,9.740400314331168],[123.42536926269565,9.739069938659668],[123.425537109375,9.735580444335938],[123.42601776123092,9.733090400695858],[123.4267272949221,9.730079650878963],[123.42794799804699,9.726309776306266],[123.4281463623048,9.725310325622786],[123.42833709716808,9.723179817199764],[123.42881011962925,9.719349861145247],[123.42870330810558,9.716250419616927],[123.42861938476597,9.70991039276123],[123.42874145507858,9.707050323486328]]]}},{"type":"Feature","properties":{"ID_0":177,"ISO":"PHL","NAME_0":"Philippines","ID_1":25,"NAME_1":"Cebu","ID_2":443,"NAME_2":"Aloguinsan","NL_NAME_2":null,"VARNAME_2":null,"TYPE_2":"Bayan|Munisipyo","ENGTYPE_2":"Municipality","PROVINCE":"Cebu","REGION":"Central Visayas (Region VII)"},"geometry":{"type":"Polygon","coordinates":[[[123.57195281982433,10.247500419616813],[123.57221984863281,10.247220039367676],[123.57250213623092,10.247220039367676],[123.57256317138706,10.247159957885799],[123.5727767944336,10.24693965911871],[123.57350921630905,10.246359825134277],[123.57377624511741,10.246219635009709],[123.57407379150436,10.246009826660213],[123.57431030273438,10.245949745178166],[123.57401275634766,10.245719909668082],[123.57340240478538,10.245169639587402],[123.57272338867199,10.244560241699332],[123.57259368896484,10.244239807128906],[123.57247924804688,10.243969917297363],[123.57219696044922,10.243040084838867],[123.57205200195347,10.241789817810115],[123.57232666015636,10.241200447082747],[123.57253265380871,10.240750312805176],[123.5727767944336,10.240349769592342],[123.5729370117192,10.23972034454357],[123.57283020019554,10.239230155944881],[123.57270812988293,10.238699913024902],[123.57244873046898,10.237540245056152],[123.57240295410156,10.237079620361328],[123.57235717773483,10.236689567565918],[123.57234954834007,10.235969543457145],[123.57240295410156,10.235329627990723],[123.57243347168003,10.234720230102482],[123.57296752929688,10.23400020599388],[123.57346343994152,10.234040260315169],[123.57438659667969,10.233909606933537],[123.57512664794922,10.232999801635799],[123.5754623413086,10.231369972229231],[123.57594299316418,10.230330467224121],[123.57660675048828,10.228540420532454],[123.5775299072269,10.227689743042049],[123.57791900634766,10.226619720458984],[123.57845306396507,10.225859642028922],[123.57985687255871,10.225079536437931],[123.58148193359386,10.223990440368652],[123.582763671875,10.22321987152094],[123.58442687988281,10.222290039062443],[123.58924102783203,10.219809532165527],[123.59127044677734,10.218970298767204],[123.59571075439476,10.217269897461051],[123.59828186035168,10.216050148010254],[123.6001663208009,10.215180397033748],[123.60196685791016,10.214189529418945],[123.60469818115234,10.212599754333496],[123.6070175170903,10.211350440979231],[123.61113739013683,10.208930015563965],[123.61370849609386,10.206999778747502],[123.61570739746094,10.205929756164608],[123.61643218994175,10.205539703369254],[123.618202209473,10.204640388488883],[123.63102722167969,10.198209762573185],[123.61799621582031,10.175720214843864],[123.61480712890625,10.169560432434025],[123.61064910888717,10.162730216980037],[123.60690307617222,10.15647029876709],[123.59882354736374,10.143600463867244],[123.58255004882835,10.1531600952149],[123.57993316650436,10.15474987030052],[123.56626892089878,10.163200378417969],[123.557167053223,10.168479919433707],[123.5549774169923,10.169799804687614],[123.54752349853527,10.174200057983398],[123.53505706787132,10.1815700531007],[123.52443695068405,10.187029838562125],[123.5245513916019,10.187199592590389],[123.52472686767578,10.187479972839355],[123.52488708496128,10.187780380249023],[123.52497863769531,10.188110351562614],[123.52500152587936,10.188469886779842],[123.52500915527389,10.188570022582951],[123.52501678466808,10.188839912414494],[123.5251388549807,10.18920040130621],[123.52528381347656,10.18960952758789],[123.52539825439464,10.190019607544002],[123.52541351318371,10.190070152282715],[123.5255737304692,10.190600395202864],[123.5258026123048,10.191109657287654],[123.52606201171875,10.191599845886344],[123.526123046875,10.191679954528865],[123.5261688232423,10.19174957275402],[123.52636718750011,10.192049980163574],[123.526649475098,10.192520141601506],[123.52689361572266,10.19301986694336],[123.52704620361351,10.193280220031738],[123.52706909179688,10.193309783935604],[123.52719116210938,10.193510055542049],[123.52742767334007,10.194000244140739],[123.52758026123047,10.19447040557884],[123.52777862548828,10.19478988647461],[123.52797698974621,10.195050239563045],[123.52813720703125,10.195329666137752],[123.52832794189453,10.19556999206543],[123.52850341796909,10.195839881896973],[123.52866363525402,10.196129798889274],[123.52887725830124,10.196390151977482],[123.52913665771518,10.196660041809025],[123.52947235107422,10.196969985961857],[123.52982330322311,10.197299957275618],[123.53014373779297,10.197660446166992],[123.5304107666019,10.198080062866211],[123.53063201904297,10.198539733886946],[123.5308837890625,10.198969841003475],[123.53112792968761,10.19941043853754],[123.53138732910156,10.199830055236816],[123.5316772460942,10.200240135193098],[123.5320663452153,10.20059013366722],[123.53246307373058,10.20094013214117],[123.53289031982456,10.20133018493658],[123.53295135498081,10.201370239257812],[123.53337860107422,10.201669692993221],[123.53394317626953,10.20199966430664],[123.53417968750011,10.202150344848633],[123.53446960449253,10.202320098877067],[123.53459930419967,10.202500343322754],[123.53478240966842,10.202739715576115],[123.53500366210938,10.203169822692985],[123.53514862060558,10.20359039306635],[123.53527069091797,10.204030036926326],[123.53540802001953,10.204469680786133],[123.53575134277378,10.204839706421012],[123.53600311279331,10.205349922180233],[123.53624725341797,10.205909729003906],[123.5366668701173,10.206170082092342],[123.53708648681675,10.206509590148983],[123.53755187988281,10.206899642944393],[123.53801727294945,10.207289695739973],[123.53842926025425,10.207699775695914],[123.53871154785156,10.207929611205998],[123.53884887695324,10.208040237426758],[123.53917694091842,10.208430290222111],[123.53943634033237,10.208869934082088],[123.53974914550827,10.209320068359318],[123.53999328613293,10.209650039673079],[123.54007720947311,10.209779739379883],[123.54028320312511,10.210359573364258],[123.54033660888706,10.210599899291935],[123.54044342041016,10.210969924926815],[123.54061126708984,10.211560249328613],[123.54084777832043,10.212070465087834],[123.54109191894565,10.21251010894781],[123.5413284301759,10.212949752807617],[123.54170227050781,10.213319778442496],[123.54212951660156,10.213689804077148],[123.54254913330124,10.214110374450684],[123.54295349121105,10.21452999114996],[123.54328155517578,10.214989662170467],[123.54353332519543,10.215439796447697],[123.54374694824264,10.2158203125],[123.5439682006836,10.216179847717399],[123.54418945312511,10.216569900512809],[123.5443801879884,10.21708011627203],[123.54448699951183,10.217700004577694],[123.54472351074253,10.218359947204817],[123.54490661621128,10.21903991699213],[123.54493713378906,10.219790458679427],[123.54519653320312,10.220210075378532],[123.54550170898438,10.220520019531364],[123.54580688476574,10.220760345459212],[123.54606628417969,10.221099853515739],[123.5462265014653,10.221579551696834],[123.5465011596682,10.222069740295524],[123.54678344726574,10.222610473632926],[123.54715728759777,10.223079681396541],[123.5474319458009,10.223560333251953],[123.54783630371116,10.223830223083496],[123.54842376708984,10.223750114440918],[123.54900360107422,10.223429679870662],[123.54949188232456,10.223259925842228],[123.55000305175793,10.223349571228141],[123.55005645751987,10.22356986999506],[123.55000305175793,10.22389984130865],[123.54982757568371,10.224209785461483],[123.54950714111328,10.224479675293196],[123.54915618896518,10.224699974060172],[123.54901123046875,10.224800109863281],[123.54847717285168,10.225250244140852],[123.54843139648438,10.225729942321777],[123.54860687255882,10.226229667663574],[123.54881286621094,10.226750373840446],[123.54898071289085,10.227299690246639],[123.54915618896518,10.227769851684798],[123.54933929443371,10.22821044921875],[123.5495529174807,10.228610038757438],[123.54969024658203,10.22898006439209],[123.54974365234398,10.229109764099235],[123.55000305175793,10.229579925537223],[123.55027770996094,10.230030059814453],[123.5505828857423,10.23050975799572],[123.55107879638695,10.23095989227295],[123.55172729492199,10.231439590454215],[123.55217742919922,10.231989860534895],[123.55258178710949,10.232540130615234],[123.55301666259766,10.23297977447504],[123.55352020263672,10.233269691467342],[123.55391693115246,10.233679771423454],[123.55431365966831,10.234109878540153],[123.55474090576172,10.23445034027111],[123.55516052246105,10.234789848327637],[123.55563354492199,10.235110282898063],[123.55612945556652,10.235440254211426],[123.55639648437511,10.235710144043026],[123.55657958984375,10.235879898071232],[123.55664825439453,10.236020088195858],[123.55687713623058,10.236479759216536],[123.55708312988293,10.237130165100211],[123.55726623535168,10.237529754638729],[123.55748748779342,10.237790107727108],[123.55770111083984,10.238059997558707],[123.5579605102539,10.238349914550781],[123.55827331542969,10.238710403442496],[123.55860137939464,10.239179611206168],[123.55896759033214,10.239680290222282],[123.55948638916016,10.239999771118221],[123.56001281738281,10.240269660949764],[123.56050872802746,10.24048995971674],[123.5610122680664,10.240610122680778],[123.5614700317384,10.240810394287166],[123.56194305419956,10.24098014831543],[123.56237030029297,10.241160392761287],[123.56276702880905,10.241390228271541],[123.56284332275425,10.241439819335994],[123.56314849853561,10.24164962768549],[123.56352996826217,10.241889953613395],[123.56392669677746,10.242110252380371],[123.56430816650402,10.242289543152083],[123.56458282470703,10.242549896240348],[123.56475830078125,10.24285984039318],[123.56498718261753,10.243140220642147],[123.56523132324219,10.243459701538086],[123.56543731689499,10.243840217590389],[123.5657424926759,10.244159698486328],[123.56606292724655,10.244480133056754],[123.56633758544945,10.244830131530875],[123.56658172607467,10.245220184326286],[123.56685638427734,10.24551010131836],[123.56710052490257,10.24584007263195],[123.56728363037143,10.24615955352806],[123.56752014160156,10.24641036987299],[123.56775665283214,10.246649742126579],[123.56804656982456,10.24689960479742],[123.5684814453125,10.247139930725098],[123.5689315795903,10.247420310974235],[123.5693588256836,10.247710227966365],[123.56968688964889,10.247920036315861],[123.56971740722656,10.24794006347679],[123.56986236572277,10.248029708862305],[123.5704727172855,10.248220443725586],[123.57111358642601,10.248049736023063],[123.57161712646518,10.247790336608887],[123.57173156738327,10.247690200805607],[123.57195281982433,10.247500419616813]]]}},{"type":"Feature","properties":{"ID_0":177,"ISO":"PHL","NAME_0":"Philippines","ID_1":25,"NAME_1":"Cebu","ID_2":444,"NAME_2":"Argao","NL_NAME_2":null,"VARNAME_2":null,"TYPE_2":"Bayan|Munisipyo","ENGTYPE_2":"Municipality","PROVINCE":"Cebu","REGION":"Central Visayas (Region VII)"},"geometry":{"type":"Polygon","coordinates":[[[123.62239074707043,9.950849533081055],[123.62270355224632,9.950770378112793],[123.62291717529331,9.950860023498649],[123.62317657470726,9.951040267944336],[123.62358093261719,9.951100349426326],[123.62407684326172,9.951060295105037],[123.6245727539067,9.950790405273494],[123.62493896484375,9.950349807739201],[123.6250991821289,9.949760437011719],[123.62518310546898,9.949130058288802],[123.62493133544922,9.948479652404785],[123.62454223632812,9.947569847107047],[123.62451171875023,9.947500228881893],[123.62445831298828,9.94678020477295],[123.6243667602539,9.945560455322322],[123.6241683959961,9.943889617920036],[123.6241683959961,9.943059921264648],[123.62389373779297,9.942779541015682],[123.62389373779297,9.942219734191838],[123.62367248535202,9.942000389099178],[123.62361145019577,9.941940307617188],[123.62361145019577,9.941840171814079],[123.62361145019577,9.941670417785645],[123.62336730957054,9.941419601440543],[123.62333679199219,9.941390037536678],[123.62333679199219,9.94099044799816],[123.62262725830078,9.940230369567871],[123.62214660644577,9.939399719238395],[123.62185668945312,9.938699722289982],[123.62172698974621,9.938360214233455],[123.62120819091831,9.938570022583008],[123.62120819091831,9.938929557800236],[123.62120819091831,9.939749717712516],[123.62127685546898,9.940440177917424],[123.62191009521496,9.940930366516113],[123.62246704101608,9.942170143127441],[123.62267303466808,9.943559646606502],[123.62287902832043,9.945010185241813],[123.6232299804692,9.945980072021598],[123.6232299804692,9.94674015045166],[123.62287902832043,9.946949958801383],[123.62232208251976,9.946809768676815],[123.62238311767578,9.944860458374137],[123.62169647216797,9.943559646606502],[123.62120819091831,9.942939758300838],[123.62050628662132,9.941829681396484],[123.62023925781295,9.940719604492301],[123.62017059326172,9.939539909362793],[123.62019348144543,9.939279556274357],[123.62023925781295,9.938300132751465],[123.62093353271484,9.937049865722884],[123.62135314941418,9.93645000457758],[123.62139129638706,9.93638992309576],[123.62109375,9.936129570007324],[123.62110900878906,9.935830116271916],[123.62081909179722,9.935560226440373],[123.62082672119175,9.935000419616756],[123.6207733154298,9.93488025665306],[123.62055206298828,9.934269905090332],[123.62037658691452,9.933779716491642],[123.62032318115257,9.93362045288086],[123.62021636962902,9.932939529419059],[123.62007904052734,9.932399749755916],[123.62020874023449,9.932000160217228],[123.62027740478516,9.931670188903865],[123.62027740478516,9.931389808654899],[123.62055206298828,9.931110382080192],[123.62055206298828,9.930279731750545],[123.62027740478516,9.930000305175838],[123.62027740478516,9.929539680481184],[123.62027740478516,9.929169654846191],[123.61972045898449,9.928609848022688],[123.61972045898449,9.928330421447868],[123.6188888549807,9.927499771118164],[123.6188888549807,9.92693996429449],[123.61860656738304,9.926670074462947],[123.61860656738304,9.925829887390137],[123.61833190918014,9.925559997558594],[123.61833190918014,9.925279617309627],[123.61805725097656,9.925000190734977],[123.61805725097656,9.924719810485783],[123.61682128906284,9.92348957061779],[123.61638641357433,9.923060417175407],[123.61638641357433,9.92278003692627],[123.61611175537143,9.922499656677303],[123.61599731445324,9.922430038452148],[123.61557006835938,9.922200202941895],[123.61528015136764,9.921890258789062],[123.61504364013683,9.921629905700797],[123.61488342285179,9.921409606933821],[123.61475372314453,9.921210289001522],[123.61472320556675,9.920960426330566],[123.61472320556675,9.920649528503418],[123.61470031738327,9.920310020446891],[123.6145935058596,9.9199600219726],[123.61454010009766,9.919619560241813],[123.61453247070347,9.91958045959484],[123.61451721191452,9.91950988769537],[123.6144638061528,9.91919040679943],[123.61444091796875,9.918889999389705],[123.61416625976562,9.918609619140739],[123.61416625976562,9.918060302734318],[123.61389160156295,9.917779922485352],[123.61389160156295,9.917220115661735],[123.6133270263673,9.916669845580998],[123.6133270263673,9.916390419006348],[123.6130523681644,9.916110038757381],[123.6130523681644,9.915829658508358],[123.61277770996105,9.915559768676815],[123.61277770996105,9.914999961853027],[123.6130523681644,9.914719581604004],[123.61277770996105,9.914440155029524],[123.61277770996105,9.91417026519781],[123.61250305175804,9.913889884948844],[123.61250305175804,9.913610458374137],[123.61222076416061,9.913330078125],[123.61195373535156,9.913330078125],[123.61138916015625,9.91277980804449],[123.6111068725586,9.91277980804449],[123.61083221435592,9.913060188293457],[123.61083221435592,9.913330078125],[123.61055755615234,9.913610458374137],[123.61055755615234,9.913889884948844],[123.6111068725586,9.914440155029524],[123.61174011230491,9.915410041809139],[123.6119308471682,9.916110038757381],[123.61195373535156,9.916179656982479],[123.61267089843784,9.91734981536871],[123.61302185058594,9.91825008392334],[123.61329650878906,9.918729782104606],[123.61329650878906,9.919079780578727],[123.61315917968761,9.919150352478141],[123.61282348632812,9.918869972229004],[123.6111831665039,9.91693973541254],[123.61065673828136,9.916419982910213],[123.61055755615234,9.91631031036377],[123.61051177978561,9.91627025604248],[123.60971832275402,9.915550231933707],[123.60965728759766,9.915379524230957],[123.60958099365234,9.915140151977596],[123.60944366455101,9.914719581604004],[123.60916137695335,9.91446971893322],[123.6090316772461,9.914179801940918],[123.60897064209007,9.914050102233944],[123.60899353027378,9.913570404052678],[123.60926055908226,9.913100242614746],[123.61007690429733,9.911709785461426],[123.60980987548862,9.911219596862907],[123.60906982421898,9.91077995300293],[123.60830688476585,9.910829544067496],[123.60780334472668,9.910810470581055],[123.60749053955078,9.910690307617188],[123.60736846923828,9.910409927368221],[123.60739135742188,9.909990310669002],[123.6075363159182,9.90950965881359],[123.60743713378918,9.909179687500057],[123.60746765136753,9.908829689025936],[123.60743713378918,9.90845012664795],[123.60727691650425,9.908049583435115],[123.60716247558616,9.907620429992733],[123.60700225830078,9.907239913940657],[123.60688018798874,9.9068603515625],[123.60674285888672,9.906499862670955],[123.60661315917969,9.906080245971737],[123.60646057128918,9.905639648437614],[123.60637664794956,9.905139923095817],[123.60633850097656,9.904640197753963],[123.60639190673851,9.904170036316032],[123.60666656494152,9.904170036316032],[123.60694122314464,9.903889656066895],[123.60749816894531,9.903889656066895],[123.60778045654342,9.903610229492188],[123.60778045654342,9.903329849243391],[123.60832977294922,9.902779579162711],[123.60861206054722,9.902779579162711],[123.60861206054722,9.90194034576416],[123.60832977294922,9.901670455932617],[123.60832977294922,9.90139007568365],[123.6080474853519,9.901109695434684],[123.6080474853519,9.900279998779297],[123.60778045654342,9.8999996185305],[123.60778045654342,9.89972019195568],[123.60749816894531,9.899439811706486],[123.60749816894531,9.899169921874943],[123.6072235107423,9.898889541625977],[123.6072235107423,9.898610115051326],[123.60694122314464,9.898329734802303],[123.60694122314464,9.89795970916748],[123.60694122314464,9.89778041839611],[123.60666656494152,9.897500038146973],[123.60633087158237,9.897049903869743],[123.60646057128918,9.896849632263297],[123.6065063476567,9.896579742431754],[123.6065063476567,9.896539688110465],[123.60643005371094,9.896129608154524],[123.60635375976562,9.895689964294547],[123.60629272460949,9.895480155944824],[123.60623168945312,9.89525032043457],[123.60620880126976,9.89480018615734],[123.60632324218784,9.894370079040641],[123.60640716552734,9.893930435180664],[123.60656738281284,9.89356994628912],[123.60669708251999,9.893239974975586],[123.60687255859398,9.89295959472662],[123.60698699951172,9.892660140991211],[123.60717010498047,9.892379760742188],[123.6073379516605,9.89202022552496],[123.60767364501953,9.891710281372127],[123.60807037353516,9.89136981964117],[123.60812377929688,9.891320228576717],[123.60814666748047,9.891280174255485],[123.6084671020509,9.890970230102653],[123.60885620117222,9.890560150146484],[123.60888671875,9.89052963256836],[123.60917663574264,9.89013957977295],[123.60946655273438,9.889760017394963],[123.60974121093795,9.889439582824707],[123.6100006103519,9.889169692993164],[123.61055755615234,9.888609886169547],[123.61055755615234,9.887499809265194],[123.61083221435592,9.887220382690657],[123.61083221435592,9.885560035705623],[123.61067962646496,9.885370254516602],[123.61052703857456,9.88500022888195],[123.61029052734386,9.884699821472282],[123.61009216308605,9.884400367736873],[123.6100006103519,9.884079933166618],[123.6100006103519,9.883729934692496],[123.6100006103519,9.883449554443303],[123.60997772216797,9.883339881897086],[123.60999298095714,9.88292026519781],[123.60994720459018,9.882479667663574],[123.6097564697269,9.88206005096447],[123.60974884033249,9.881910324096793],[123.6097335815432,9.881609916687239],[123.6097335815432,9.881170272827262],[123.6097335815432,9.880909919738826],[123.6097335815432,9.88080024719244],[123.60957336425815,9.88047027587902],[123.60906982421898,9.880200386047477],[123.60870361328125,9.87987995147705],[123.60851287841797,9.879480361938533],[123.60836791992199,9.879110336303654],[123.60833740234375,9.878689765930119],[123.60832977294922,9.878239631652889],[123.60832977294922,9.877770423889217],[123.60833740234375,9.877300262451286],[123.60833740234375,9.877189636230582],[123.60838317871105,9.876839637756461],[123.60855865478527,9.876399993896484],[123.60859680175827,9.87598037719738],[123.60861206054722,9.875590324401799],[123.60862731933594,9.875229835510254],[123.60872650146484,9.874879837036133],[123.60881805419922,9.87454986572277],[123.60868835449241,9.874250411987532],[123.60839843750023,9.873990058898926],[123.60801696777366,9.873920440673828],[123.60791015625034,9.873920440673828],[123.60738372802734,9.873909950256404],[123.60720825195358,9.873909950256404],[123.6070938110355,9.873920440673828],[123.6068572998048,9.873950004577637],[123.60639953613304,9.8741197586059],[123.60594940185581,9.874170303344783],[123.60552978515636,9.874170303344783],[123.60513305664074,9.874170303344783],[123.60472869873092,9.8741197586059],[123.60431671142578,9.8739404678347],[123.60376739501953,9.873889923095817],[123.60315704345726,9.873820304870662],[123.60256958007847,9.873629570007381],[123.60199737548862,9.873379707336426],[123.60148620605514,9.873069763183594],[123.60101318359375,9.872739791870174],[123.60093688964855,9.872710227966309],[123.60045623779308,9.87255001068138],[123.59992980957031,9.87234973907482],[123.59941864013683,9.872240066528548],[123.59887695312545,9.872179985046387],[123.59834289550781,9.87201976776123],[123.59771728515648,9.872039794921989],[123.59767913818405,9.872039794921989],[123.59693145751964,9.872150421142692],[123.59618377685558,9.872030258178825],[123.59546661376953,9.87195968627941],[123.59484100341808,9.871939659118652],[123.59436798095737,9.871870040893555],[123.59409332275413,9.871540069580135],[123.5938491821289,9.871100425720329],[123.59348297119186,9.870770454406795],[123.59293365478527,9.870679855346793],[123.59226226806675,9.870690345764388],[123.59221649169956,9.870670318603459],[123.59176635742233,9.870420455932674],[123.59131622314487,9.870030403137434],[123.59082031250011,9.86970043182373],[123.59028625488327,9.869440078735465],[123.59020233154297,9.869389533996582],[123.58979797363304,9.869170188903922],[123.58936309814453,9.86892032623291],[123.58915710449253,9.868820190429801],[123.58894348144554,9.868700027465763],[123.58860778808594,9.868390083312931],[123.58815002441418,9.868229866027832],[123.58780670166061,9.86802005767845],[123.58753204345703,9.867779731750602],[123.58728790283203,9.86752986907959],[123.58705139160202,9.867250442504883],[123.58676147460938,9.86701965332037],[123.58634948730503,9.86692047119152],[123.58592224121128,9.866769790649528],[123.58545684814453,9.86662960052496],[123.5850067138673,9.866390228271541],[123.58458709716831,9.866149902343864],[123.5841903686528,9.865960121154899],[123.58380889892624,9.865770339965877],[123.58341217041038,9.86559009552002],[123.58309173583984,9.865320205688477],[123.58277130126953,9.86497974395752],[123.5824966430664,9.864569664001522],[123.58223724365246,9.864150047302303],[123.58207702636741,9.863800048828352],[123.58203887939499,9.863719940185604],[123.58183288574219,9.863360404968375],[123.58158874511753,9.86303997039795],[123.58136749267578,9.862730026245117],[123.58112335205101,9.862500190734863],[123.58088684082077,9.86229038238531],[123.58056640625045,9.862139701843319],[123.5802230834961,9.861949920654297],[123.57980346679733,9.861789703369197],[123.57924652099643,9.861740112304801],[123.57874298095726,9.86166954040533],[123.57833099365246,9.861490249633789],[123.57801055908203,9.861149787902775],[123.57788848876999,9.860529899597111],[123.57763671875,9.860110282898063],[123.57729339599621,9.85995960235607],[123.57692718505882,9.859789848327637],[123.57655334472702,9.85960960388195],[123.57615661621105,9.859419822692928],[123.57584381103516,9.859140396118278],[123.57565307617188,9.858980178832951],[123.57549285888695,9.85886001586914],[123.57508087158203,9.858659744262695],[123.57472991943382,9.858369827270621],[123.57437133789062,9.85805988311779],[123.57398223876953,9.857720375061263],[123.5736312866211,9.857319831848258],[123.57331848144577,9.856880187988281],[123.57319641113315,9.856730461120605],[123.57301330566429,9.85647010803234],[123.57263183593773,9.856180191040039],[123.5724105834961,9.855830192565918],[123.57219696044922,9.855440139770565],[123.57193756103527,9.85507965087902],[123.57166290283237,9.854740142822493],[123.57147979736362,9.854539871215934],[123.57140350341842,9.854450225830021],[123.57121276855514,9.854169845581055],[123.57102966308639,9.853910446167106],[123.57083892822311,9.853679656982365],[123.57079315185558,9.853599548339787],[123.57064819335983,9.853409767150993],[123.57044219970726,9.853090286254883],[123.57038879394531,9.853019714355412],[123.57015228271507,9.852749824523869],[123.56983184814499,9.852359771728459],[123.56971740722656,9.852179527282829],[123.56955718994152,9.851909637451229],[123.56931304931686,9.851440429687614],[123.56899261474643,9.851050376892204],[123.56873321533249,9.850600242614803],[123.5683822631836,9.850179672241211],[123.56806182861351,9.849679946899414],[123.56777954101608,9.849129676818904],[123.56749725341797,9.84860992431652],[123.56722259521518,9.84815979003929],[123.56694793701172,9.847780227661133],[123.56671142578159,9.847439765930176],[123.56654357910156,9.847089767456055],[123.56639099121139,9.846739768981934],[123.56626129150436,9.84640979766857],[123.56613922119175,9.846090316772575],[123.56610107421875,9.845709800720329],[123.56604003906261,9.84531021118164],[123.56594085693393,9.844900131225643],[123.56585693359386,9.84453010559082],[123.5658798217778,9.8441801071167],[123.56611633300781,9.843870162963867],[123.56635284423828,9.84352970123291],[123.56642913818371,9.843090057373104],[123.56664276123092,9.842700004577864],[123.56706237792969,9.842399597167969],[123.56735229492233,9.842120170593319],[123.56748962402366,9.84197998046875],[123.56777954101608,9.84148979187023],[123.56771850585938,9.841360092163086],[123.56749725341797,9.84088039398199],[123.56759643554733,9.840290069580192],[123.567420959473,9.839909553527889],[123.56719970703148,9.839630126953239],[123.56697845458996,9.839449882507381],[123.56694030761719,9.839420318603516],[123.5666732788086,9.839240074157829],[123.56640625000011,9.839059829712141],[123.56619262695312,9.838829994201717],[123.56601715087936,9.838540077209416],[123.56578063964844,9.83825969696045],[123.5655288696289,9.837900161743221],[123.56519317626976,9.837479591369686],[123.56477355957031,9.837010383606014],[123.56421661376964,9.836580276489485],[123.56371307373047,9.836099624633732],[123.56326293945324,9.835599899292106],[123.5628280639653,9.835149765014876],[123.56250000000011,9.834679603576774],[123.56236267089844,9.834480285644645],[123.56230926513683,9.834400177002067],[123.56223297119152,9.834280014038029],[123.56197357177734,9.833889961242676],[123.56178283691406,9.83345031738287],[123.56157684326195,9.832969665527457],[123.56134796142578,9.832449913024902],[123.56121063232422,9.831910133361816],[123.56134796142578,9.831350326538143],[123.56143188476608,9.83080959320074],[123.56160736083984,9.830289840698242],[123.56168365478561,9.829700469970703],[123.56182861328136,9.829270362854004],[123.56186676025436,9.82913970947277],[123.56188201904331,9.828599929809684],[123.56173706054699,9.828180313110579],[123.56172180175781,9.82810020446783],[123.56165313720714,9.827599525451717],[123.56154632568371,9.827110290527344],[123.56149291992233,9.82664966583252],[123.56165313720714,9.826270103454704],[123.56168365478561,9.826210021972713],[123.56189727783203,9.825779914856184],[123.56194305419956,9.825269699096793],[123.56192016601562,9.82466983795166],[123.56181335449264,9.82402038574213],[123.56166076660168,9.823349952697754],[123.5615234375,9.8226900100708],[123.5615234375,9.822130203247184],[123.56141662597656,9.821619987487736],[123.56139373779297,9.82112026214611],[123.56137847900413,9.820650100707951],[123.561317443848,9.820229530334416],[123.5611572265625,9.819930076599178],[123.56104278564453,9.819649696350211],[123.56091308593795,9.819519996643066],[123.56085205078125,9.819450378417912],[123.56070709228527,9.819230079650993],[123.56070709228527,9.81888961792015],[123.5607681274414,9.818470001220703],[123.56075286865234,9.818400382995605],[123.56062316894554,9.818010330200195],[123.5604476928711,9.81758975982666],[123.56024169921898,9.81717967987072],[123.56001281738281,9.816760063171614],[123.55970764160156,9.816289901733455],[123.55935668945324,9.815819740295524],[123.55899810791038,9.815340042114258],[123.55877685546886,9.815059661865291],[123.54979705810592,9.821590423584098],[123.54360961914062,9.825630187988338],[123.53560638427746,9.832699775695914],[123.52900695800827,9.837750434875488],[123.51991271972702,9.844070434570312],[123.51689147949219,9.846159934997559],[123.50238800048828,9.85696029663086],[123.50000762939453,9.858719825744743],[123.49632263183628,9.861359596252498],[123.49002075195324,9.865630149841309],[123.47354888916038,9.875169754028434],[123.4742889404298,9.880419731140137],[123.47633361816406,9.887339591980208],[123.48103332519531,9.900569915771598],[123.48181915283214,9.903539657592773],[123.48412322998081,9.912619590759334],[123.48490905761719,9.914560317993221],[123.48892211914062,9.928560256958121],[123.4891815185548,9.929550170898438],[123.49031829833996,9.934479713439885],[123.49108123779308,9.939849853515625],[123.4937667846682,9.947119712829647],[123.49439239501953,9.949589729309139],[123.49748992919945,9.958359718322754],[123.4983901977539,9.963259696960506],[123.49970245361362,9.969019889831657],[123.5022964477539,9.976220130920524],[123.50443267822277,9.981920242309798],[123.50813293457031,9.991200447082633],[123.51653289794933,9.989270210266227],[123.52892303466797,9.986370086669979],[123.53925323486351,9.984270095825309],[123.55621337890659,9.980420112609863],[123.55832672119163,9.980059623718319],[123.57669830322311,9.975799560546989],[123.58309936523449,9.974390029907227],[123.59577178955124,9.971529960632267],[123.60888671875,9.968939781189079],[123.6136398315432,9.967840194702148],[123.61411285400402,9.967729568481445],[123.6210098266605,9.966139793395996],[123.62165069580101,9.965880393982047],[123.62167358398438,9.965000152587947],[123.62172698974621,9.964900016784668],[123.62188720703125,9.96465969085699],[123.62184906005882,9.964229583740462],[123.6214828491211,9.963850021362305],[123.6211166381836,9.96348953247076],[123.62084197998047,9.963129997253532],[123.62071990966797,9.962710380554313],[123.62103271484375,9.962100028991927],[123.62095642089855,9.961759567260742],[123.62094116210983,9.961709976196346],[123.62090301513672,9.96160030364996],[123.62079620361351,9.961370468139648],[123.62059783935558,9.96107006072998],[123.62049102783237,9.960709571838436],[123.62032318115257,9.960309982299918],[123.62027740478516,9.959870338439941],[123.62027740478516,9.959699630737532],[123.62027740478516,9.959440231323242],[123.62032318115257,9.959079742431868],[123.62043762207065,9.958809852600325],[123.6207733154298,9.958550453186035],[123.62084197998047,9.958410263061637],[123.62088775634788,9.958310127258358],[123.62100219726608,9.958069801330623],[123.6211166381836,9.95783996582054],[123.62132263183639,9.957719802856502],[123.62158966064487,9.957610130310115],[123.62184906005882,9.957489967346248],[123.62210845947277,9.95734977722168],[123.62236785888672,9.957220077514876],[123.622596740723,9.956999778747559],[123.62278747558628,9.95629024505638],[123.62294006347656,9.9557399749757],[123.62284088134766,9.955309867859],[123.62271881103561,9.954970359802303],[123.62265014648438,9.954719543457031],[123.62290954589889,9.954520225524902],[123.62322235107422,9.954230308532829],[123.62332153320312,9.953740119934139],[123.62300109863281,9.952989578247184],[123.62261199951195,9.952779769897461],[123.6222763061528,9.952679634094352],[123.6220474243164,9.952529907226676],[123.62181854248058,9.95236968994152],[123.62159729003906,9.952139854431266],[123.62156677246139,9.95197963714594],[123.62153625488293,9.951849937438965],[123.62171936035168,9.951539993286133],[123.62175750732467,9.951499938964844],[123.62194824218795,9.951279640197697],[123.62214660644577,9.951100349426326],[123.62239074707043,9.950849533081055]]]}},{"type":"Feature","properties":{"ID_0":177,"ISO":"PHL","NAME_0":"Philippines","ID_1":25,"NAME_1":"Cebu","ID_2":445,"NAME_2":"Asturias","NL_NAME_2":null,"VARNAME_2":null,"TYPE_2":"Bayan|Munisipyo","ENGTYPE_2":"Municipality","PROVINCE":"Cebu","REGION":"Central Visayas (Region VII)"},"geometry":{"type":"Polygon","coordinates":[[[123.93636322021507,10.64037036895752],[123.93477630615268,10.635689735412598],[123.93300628662121,10.627779960632381],[123.93176269531261,10.622360229492415],[123.92833709716831,10.612649917602596],[123.92369079589889,10.59107971191429],[123.92011260986328,10.58335018157959],[123.91845703125,10.579689979553336],[123.91731262207031,10.576600074768294],[123.90883636474643,10.555749893188477],[123.90823364257835,10.554969787597656],[123.90753173828125,10.553460121154785],[123.90667724609386,10.552490234375],[123.90550994873047,10.551580429077262],[123.90455627441406,10.55066967010498],[123.90339660644531,10.548819541931152],[123.9024429321289,10.547360420227164],[123.9022827148442,10.547109603881836],[123.90219116210938,10.545929908752555],[123.90223693847656,10.54407978057884],[123.90187072753906,10.542650222778377],[123.90196228027378,10.540960311889592],[123.90187072753906,10.540300369262695],[123.90141296386719,10.539730072021598],[123.90039825439464,10.539349555969352],[123.89946746826217,10.53880977630621],[123.89942932128918,10.537879943847713],[123.89898681640648,10.537199974060059],[123.89845275878906,10.536339759826717],[123.89851379394577,10.535400390625057],[123.89849853515636,10.534500122070426],[123.89684295654297,10.533349990844783],[123.89627075195312,10.53302001953125],[123.89203643798874,10.53302001953125],[123.89140319824264,10.532779693603572],[123.89087677001976,10.532090187072754],[123.8908309936528,10.531399726867619],[123.89021301269554,10.53098011016857],[123.88945007324241,10.530670166015739],[123.88913726806652,10.529879570007324],[123.88829040527378,10.528949737548828],[123.88762664794933,10.527899742126522],[123.88725280761741,10.52810001373291],[123.88680267333984,10.52888011932373],[123.88633728027344,10.529350280761832],[123.88587951660202,10.529069900512695],[123.88583374023438,10.52855014801031],[123.88542938232456,10.528169631958065],[123.8849334716798,10.528510093689022],[123.884521484375,10.529660224914664],[123.88392639160156,10.529060363769588],[123.88314056396518,10.529419898986816],[123.88317108154297,10.529780387878532],[123.88313293457065,10.53059005737316],[123.88246917724621,10.530500411987305],[123.88197326660156,10.53059005737316],[123.88152313232433,10.531439781188908],[123.88188934326183,10.532050132751465],[123.88147735595703,10.532449722290153],[123.88085937500023,10.532620429992733],[123.88037872314464,10.532719612121525],[123.87951660156284,10.532429695129451],[123.8791732788086,10.532739639282283],[123.87879943847656,10.532910346984806],[123.8778762817384,10.53256988525402],[123.87760925293003,10.532290458679142],[123.87792205810592,10.531949996948356],[123.87773895263706,10.531620025634766],[123.87721252441418,10.531599998474235],[123.87634277343795,10.532750129699707],[123.87571716308616,10.533349990844783],[123.8747787475586,10.533109664917106],[123.87423706054733,10.533209800720215],[123.87336730957031,10.533379554748649],[123.87264251709018,10.532779693603572],[123.8717727661134,10.53262996673584],[123.87059020996094,10.534199714660758],[123.86982727050781,10.53372955322277],[123.86958312988293,10.534440040588436],[123.86992645263706,10.53518009185791],[123.86985015869186,10.535699844360295],[123.87084197998058,10.535869598388729],[123.8709411621096,10.53610038757347],[123.86987304687511,10.537070274353255],[123.86924743652344,10.537469863891602],[123.86855316162121,10.538479804992676],[123.86802673339844,10.538789749145508],[123.86736297607422,10.53876972198492],[123.86740112304699,10.539819717407454],[123.86785888671875,10.540229797363224],[123.86766052246094,10.540740013122672],[123.8676910400394,10.541410446167049],[123.86834716796886,10.541609764099121],[123.86872863769543,10.541210174560604],[123.86891937255871,10.541449546814022],[123.86878204345737,10.542110443115234],[123.86817932128929,10.542599678039664],[123.86766052246094,10.542830467224235],[123.86689758300781,10.542969703674316],[123.8665771484375,10.542759895324764],[123.86627960205124,10.542090415954704],[123.86554718017578,10.542249679565543],[123.8653564453125,10.54284954071045],[123.86538696289074,10.543510437011719],[123.86521148681675,10.543990135192985],[123.86476135253952,10.544420242309627],[123.86414337158214,10.54413986206049],[123.86399078369186,10.543709754943848],[123.86356353759811,10.543359756469727],[123.86334991455078,10.543259620666618],[123.86292266845737,10.54246997833252],[123.8631362915039,10.542010307312125],[123.86248016357456,10.541600227356184],[123.86199188232422,10.54209995269781],[123.8612670898442,10.541970252990666],[123.86110687255871,10.541270256042424],[123.86065673828125,10.54088020324707],[123.86029815673828,10.541090011596793],[123.85987091064487,10.54158973693859],[123.85939788818371,10.541330337524471],[123.85952758789062,10.540929794311637],[123.85930633544945,10.540450096130371],[123.85880279541027,10.540670394897688],[123.85854339599632,10.541399955749625],[123.85846710205124,10.541919708251953],[123.8582916259769,10.54218006134056],[123.857421875,10.54209995269781],[123.85704040527344,10.541950225830135],[123.85646057128906,10.541999816894531],[123.85597991943405,10.54259014129633],[123.85511016845726,10.542539596557617],[123.85469818115234,10.541879653930664],[123.85463714599632,10.541350364685002],[123.854286193848,10.540900230407772],[123.85360717773438,10.540760040283203],[123.85323333740234,10.540189743041935],[123.85381317138672,10.539770126342887],[123.8541412353519,10.539739608764705],[123.85440826416061,10.539299964904728],[123.85440826416061,10.53925991058344],[123.8540496826173,10.538249969482422],[123.85382080078125,10.537540435791016],[123.85307312011764,10.536939620971623],[123.8521881103519,10.537699699401855],[123.85166931152378,10.537349700927734],[123.85104370117222,10.537599563598746],[123.8509521484375,10.5385103225708],[123.8511581420903,10.53919982910179],[123.85073852539062,10.539999961853141],[123.84956359863315,10.540149688720646],[123.84915161132812,10.539660453796444],[123.84871673583996,10.538729667663688],[123.848426818848,10.537590026855469],[123.84812164306652,10.536680221557674],[123.84773254394577,10.536439895629996],[123.84647369384766,10.536879539489973],[123.84509277343761,10.536310195922852],[123.84297943115246,10.535849571228027],[123.84116363525402,10.535980224609432],[123.84027099609375,10.536290168762264],[123.83970642089844,10.53672981262207],[123.83901977539097,10.536479949951286],[123.83904266357422,10.53466987609886],[123.83885955810547,10.533829689025879],[123.83814239501976,10.533639907836914],[123.8372421264653,10.534310340881461],[123.83580017089844,10.535909652710188],[123.83525848388706,10.53512001037609],[123.83425903320347,10.535019874572981],[123.83377075195312,10.536109924316406],[123.83325195312511,10.537260055542049],[123.83247375488327,10.537400245666447],[123.83090209960938,10.537269592285213],[123.83027648925781,10.537079811096191],[123.82924652099621,10.537240028381348],[123.82848358154308,10.537469863891602],[123.82659912109398,10.53754997253418],[123.82483673095749,10.537460327148494],[123.82276916503918,10.537520408630485],[123.82132720947277,10.536760330200423],[123.82015228271484,10.536970138549805],[123.81900787353516,10.537699699401855],[123.81765747070347,10.538800239563102],[123.8163223266605,10.540160179138297],[123.81584167480469,10.54113960266119],[123.8150863647461,10.540889739990348],[123.8147430419923,10.540019989013672],[123.81511688232467,10.538680076599064],[123.81532287597668,10.538470268249512],[123.81471252441406,10.537369728088493],[123.81379699707043,10.538049697875977],[123.8126678466798,10.53610038757347],[123.81214141845703,10.535169601440487],[123.81069946289062,10.5346298217774],[123.80892181396484,10.534660339355582],[123.8077621459961,10.53507995605463],[123.80684661865268,10.53590011596691],[123.80648803710938,10.536879539489973],[123.80570983886741,10.538299560546989],[123.80596160888717,10.539910316467285],[123.8060531616211,10.540760040283203],[123.80503082275402,10.541729927062988],[123.80388641357433,10.543219566345329],[123.8026504516605,10.543740272521973],[123.80229187011719,10.54376029968273],[123.80184936523438,10.543330192566032],[123.80092620849643,10.5430202484132],[123.79988098144543,10.5430202484132],[123.79871368408249,10.543510437011719],[123.79833221435592,10.544969558716048],[123.79730224609409,10.545820236206282],[123.79644012451183,10.545999526977482],[123.79434967041027,10.545940399169979],[123.7925796508789,10.546230316162223],[123.79126739501999,10.546799659729004],[123.79039001464878,10.547690391540527],[123.78898620605514,10.548899650573674],[123.78784179687545,10.5494899749757],[123.78675079345749,10.549699783325195],[123.78543853759766,10.549579620361385],[123.7846908569336,10.549260139465389],[123.78334045410156,10.549289703369084],[123.78150177001953,10.549860000610352],[123.78067016601562,10.549989700317496],[123.77935791015625,10.550100326538029],[123.7785110473634,10.550950050353947],[123.77755737304699,10.551460266113395],[123.77629852294922,10.551230430603141],[123.774940490723,10.551090240478572],[123.77355194091808,10.550740242004451],[123.77275848388672,10.550160408020076],[123.77187347412155,10.549340248107967],[123.77126312255871,10.54845046997093],[123.7702331542971,10.547229766845703],[123.76928710937523,10.546930313110465],[123.76837158203125,10.546810150146428],[123.76728057861351,10.546919822692871],[123.76622009277378,10.547369956970442],[123.7656402587894,10.547809600830078],[123.76508331298851,10.547980308532829],[123.76448059082031,10.547599792480526],[123.7636871337894,10.546859741211051],[123.76318359375023,10.546050071716365],[123.7636871337894,10.545060157775879],[123.76421356201183,10.544619560241756],[123.76540374755893,10.544249534606934],[123.76631927490246,10.543680191040153],[123.76641082763706,10.542940139770621],[123.76589965820358,10.541950225830135],[123.7649612426759,10.54108047485363],[123.76394653320335,10.540829658508358],[123.76290893554733,10.541290283203352],[123.76219940185558,10.542160034179688],[123.76130676269531,10.543190002441463],[123.76058959960949,10.543700218200684],[123.75995635986328,10.543939590454102],[123.74270629882847,10.542659759521484],[123.73296356201217,10.541819572448844],[123.72654724121128,10.541259765625],[123.72586822509777,10.541609764099121],[123.7250137329105,10.541419982910156],[123.72464752197288,10.541029930114746],[123.72398376464866,10.541049957275504],[123.72363281250034,10.541560173034895],[123.72296905517578,10.541049957275504],[123.72245025634777,10.540209770202694],[123.72207641601585,10.539239883423079],[123.72110748291027,10.538610458374137],[123.71965789794922,10.538419723510856],[123.71839141845703,10.53864955902111],[123.71697998046875,10.538330078124943],[123.71640014648438,10.53816032409668],[123.71501922607445,10.53794002532959],[123.71381378173828,10.538069725036735],[123.71248626708984,10.53816032409668],[123.71141815185581,10.537980079650822],[123.71105194091797,10.53750991821289],[123.71019744873047,10.537240028381348],[123.70934295654297,10.537260055542049],[123.7086791992192,10.537260055542049],[123.70810699462936,10.537170410156364],[123.70748138427757,10.537560462951774],[123.70696258544967,10.537579536438045],[123.70646667480503,10.537599563598746],[123.70619201660156,10.53754997253418],[123.70572662353516,10.537679672241325],[123.70572662353516,10.537830352783317],[123.70552062988281,10.53839015960699],[123.70538330078148,10.538800239563102],[123.70468902587902,10.539859771728743],[123.70462036132835,10.53997993469244],[123.7043380737307,10.540599822998104],[123.7039184570317,10.541359901428336],[123.7039184570317,10.541790008544979],[123.7039184570317,10.54343032836914],[123.70394897460949,10.54362964630127],[123.70398712158237,10.543849945068416],[123.70410919189499,10.543999671936092],[123.70426940917969,10.544190406799373],[123.70488739013683,10.544679641723576],[123.70530700683639,10.54502010345459],[123.70559692382812,10.545229911804313],[123.70600891113327,10.5455703735351],[123.70684814453159,10.546609878540039],[123.7076187133789,10.547349929809513],[123.70783996582043,10.54751014709484],[123.70807647705078,10.547699928283635],[123.70831298828136,10.547889709472656],[123.70851898193371,10.54811954498291],[123.70868682861374,10.548399925232047],[123.70897674560547,10.548649787902889],[123.70932769775425,10.548919677734602],[123.70967864990257,10.549269676208553],[123.70999145507812,10.549710273742619],[123.71029663085938,10.550140380859489],[123.71145629882812,10.551030158996525],[123.71230316162155,10.552069664001465],[123.71286010742188,10.553310394287053],[123.71289825439464,10.553939819336051],[123.71299743652378,10.555379867553768],[123.71299743652378,10.557069778442326],[123.71299743652378,10.557319641113509],[123.71257781982422,10.558770179748478],[123.71193695068371,10.559720039367903],[123.71166992187534,10.559720039367903],[123.71138763427746,10.5600004196167],[123.71138763427746,10.560560226440543],[123.71111297607445,10.560830116272086],[123.71111297607445,10.561109542846737],[123.71118164062511,10.561670303344727],[123.71173858642624,10.561949729919377],[123.71208190917969,10.56243038177496],[123.71221923828125,10.56305980682373],[123.71221923828125,10.564439773559627],[123.71193695068371,10.564720153808594],[123.71193695068371,10.5649995803833],[123.71166992187534,10.565279960632438],[123.71166992187534,10.565560340881404],[123.71193695068371,10.565830230712947],[123.7122268676759,10.56741046905529],[123.71272277832043,10.567819595336914],[123.71321105957054,10.568099975585938],[123.71354675292969,10.568309783935604],[123.71369934082077,10.568519592285156],[123.71473693847679,10.569549560546932],[123.71515655517578,10.56968975067133],[123.71634674072277,10.570380210876465],[123.71662139892612,10.57044982910162],[123.71719360351597,10.570590019226188],[123.71739196777378,10.570590019226188],[123.71781158447266,10.570659637451115],[123.71865081787155,10.570590019226188],[123.71898651123092,10.57044982910162],[123.71932983398438,10.57044982910162],[123.71941375732467,10.57044982910162],[123.7196197509769,10.570520401001204],[123.71980285644577,10.570619583129826],[123.71997070312511,10.570730209350586],[123.72059631347656,10.570929527282658],[123.72136688232422,10.571279525756779],[123.72241210937545,10.571490287780819],[123.72355651855514,10.571660041809082],[123.72403717041016,10.571519851684684],[123.72447204589844,10.571499824523926],[123.72450256347656,10.571479797363395],[123.72496795654331,10.571640014648494],[123.72601318359375,10.57166957855236],[123.72608947753952,10.57180023193365],[123.72630310058628,10.572150230407772],[123.72663879394543,10.572629928588867],[123.72692108154331,10.572910308838004],[123.72708892822266,10.573010444641113],[123.72733306884766,10.573140144348258],[123.72740936279308,10.573189735412654],[123.7281265258789,10.5738401412965],[123.72824096679688,10.573949813842717],[123.72839355468784,10.574090003967285],[123.72881317138672,10.57421970367426],[123.72894287109398,10.57421970367426],[123.72920989990268,10.57456970214838],[123.72928619384811,10.574669837951717],[123.72937774658203,10.574769973754996],[123.72958374023449,10.575110435485783],[123.72962188720703,10.575180053710938],[123.7300033569336,10.575559616088924],[123.72989654541038,10.575650215148869],[123.72944641113281,10.576109886169434],[123.72972106933639,10.57639026641857],[123.72972106933639,10.577779769897461],[123.72944641113281,10.578060150146598],[123.72944641113281,10.578889846801815],[123.72972106933639,10.579170227050781],[123.72972106933639,10.579449653625431],[123.7300033569336,10.579719543456974],[123.7300033569336,10.579999923706168],[123.73055267334018,10.580559730529785],[123.73055267334018,10.581110000610295],[123.7313919067384,10.58362960815424],[123.73146057128906,10.584600448608512],[123.73194122314453,10.585829734802246],[123.73194122314453,10.58638954162609],[123.73222351074219,10.586669921875057],[123.73222351074219,10.587220191955566],[123.73249816894531,10.587499618530217],[123.73278045654331,10.588129997253532],[123.73304748535179,10.58882045745861],[123.73278045654331,10.589440345764274],[123.73278045654331,10.589719772338924],[123.73304748535179,10.590000152587947],[123.73304748535179,10.590559959411564],[123.73332977294945,10.590829849243107],[123.73342895507835,10.591150283813533],[123.73381805419922,10.59243011474615],[123.73451232910156,10.593339920043945],[123.73473358154308,10.593890190124625],[123.73583221435581,10.595000267028809],[123.73583221435581,10.595279693603516],[123.7361068725586,10.595560073852653],[123.7361068725586,10.595829963684196],[123.73665618896518,10.59638977050787],[123.73734283447311,10.596650123596248],[123.7374496459961,10.596690177917537],[123.73786926269577,10.597310066223201],[123.73828887939476,10.597729682922477],[123.73863220214889,10.598070144653263],[123.73954010009766,10.598830223083496],[123.73989105224643,10.599320411682186],[123.74037933349621,10.600700378417912],[123.74044799804688,10.600910186767635],[123.74075317382824,10.601449966430721],[123.74079895019565,10.601530075073299],[123.74107360839844,10.601869583129996],[123.74136352539097,10.602290153503361],[123.74163055419945,10.602769851684627],[123.74205017089844,10.603260040283317],[123.7423324584961,10.603810310363826],[123.74265289306652,10.604339599609375],[123.74273681640625,10.604499816894645],[123.7427673339846,10.604539871215934],[123.74302673339855,10.604909896850586],[123.74314117431675,10.605139732360897],[123.7433090209961,10.60546970367443],[123.74344635009811,10.605879783630371],[123.74372100830101,10.606439590454215],[123.74389648437534,10.607089996337834],[123.74392700195312,10.607199668884277],[123.74405670166016,10.6075696945191],[123.744140625,10.607819557189941],[123.74429321289085,10.608300209045524],[123.74449157714866,10.608650207519588],[123.74476623535168,10.609199523926009],[123.74533081054699,10.610369682312012],[123.74566650390625,10.611269950866642],[123.74658203125023,10.613419532776106],[123.74720001220703,10.614830017089844],[123.7472915649414,10.614999771118278],[123.74748229980469,10.616660118103141],[123.74741363525402,10.61874008178711],[123.7466506958009,10.62073993682867],[123.74581146240268,10.622400283813704],[123.74524688720726,10.623649597167969],[123.74482727050781,10.6248197555542],[123.74365234375034,10.626480102539062],[123.74239349365257,10.62786006927513],[123.74141693115268,10.628970146179313],[123.74085998535179,10.63062953948969],[123.74111938476574,10.631440162658635],[123.7412109375,10.631730079651106],[123.74137878417969,10.632490158081168],[123.74149322509811,10.632980346679688],[123.74183654785156,10.633669853210506],[123.74226379394543,10.634220123291016],[123.74273681640625,10.634570121765137],[123.74310302734375,10.634639739990291],[123.7435531616211,10.634639739990291],[123.74490356445312,10.634639739990291],[123.74519348144531,10.63484001159668],[123.74539184570312,10.635049819946403],[123.74581146240268,10.6351900100708],[123.74607849121105,10.635219573974666],[123.74636840820324,10.635259628295955],[123.74651336669956,10.635399818420524],[123.74651336669956,10.635600090026912],[123.74616241455078,10.635669708252067],[123.74566650390625,10.63574028015131],[123.7443466186528,10.63574028015131],[123.74400329589855,10.636019706726188],[123.7442779541019,10.63628959655773],[123.74462890625,10.636429786682129],[123.74497222900436,10.636500358581543],[123.74539184570312,10.636639595031852],[123.74566650390625,10.63677978515625],[123.74588012695358,10.636989593505973],[123.74623107910156,10.637399673461914],[123.74707031250045,10.638090133666992],[123.74733734130893,10.63823032379156],[123.7476272583009,10.638440132141113],[123.74790191650425,10.638990402221623],[123.74846649169933,10.639450073242188],[123.74916076660179,10.63982009887701],[123.74984741210938,10.640170097351302],[123.7501373291019,10.640299797058105],[123.75066375732433,10.64081954956066],[123.75087738037132,10.64111042022705],[123.75105285644543,10.641320228576774],[123.75131225585938,10.641380310058594],[123.7516326904298,10.641420364379883],[123.75196075439453,10.641570091247615],[123.7523193359375,10.641779899597111],[123.75261688232456,10.642089843749943],[123.75283813476562,10.642459869384822],[123.75287628173851,10.642479896545524],[123.75309753417969,10.64291954040533],[123.75338745117222,10.643300056457633],[123.75354003906261,10.643489837646598],[123.75367736816406,10.643659591674862],[123.75386810302734,10.64395999908453],[123.75393676757858,10.644029617309684],[123.75418853759777,10.644379615783805],[123.75444793701172,10.644700050354231],[123.75469207763695,10.644769668579215],[123.75489807128952,10.644829750061035],[123.75524139404308,10.645039558410758],[123.75538635253906,10.645319938659895],[123.75538635253906,10.645429611206168],[123.75538635253906,10.645660400390739],[123.75531005859375,10.645870208740234],[123.75509643554722,10.646220207214355],[123.75489807128952,10.646490097045898],[123.75482177734375,10.646769523620605],[123.75489807128952,10.647660255432129],[123.75499725341797,10.647919654846248],[123.75525665283214,10.648300170898665],[123.75565338134811,10.64867973327648],[123.75618743896496,10.648960113525618],[123.75676727294933,10.649189949035701],[123.75729370117188,10.649470329284668],[123.75772094726574,10.649829864501953],[123.75803375244163,10.650259971618596],[123.75827789306686,10.650690078735465],[123.758338928223,10.650899887085018],[123.75872039794956,10.65095043182373],[123.75945281982433,10.651029586791992],[123.75994110107445,10.651060104370117],[123.76023864746139,10.651080131530875],[123.76045989990234,10.651080131530875],[123.7606430053711,10.651200294494686],[123.76183319091831,10.650890350341854],[123.7628631591798,10.651069641113281],[123.76509094238304,10.650349617004451],[123.77030181884777,10.648900032043457],[123.7776031494144,10.646920204162598],[123.79483032226597,10.640339851379395],[123.79586791992199,10.639949798583984],[123.79969787597668,10.6392698287965],[123.80735015869186,10.63887977600109],[123.81849670410179,10.639749526977596],[123.82457733154331,10.640390396118278],[123.83184814453148,10.641070365905762],[123.83746337890636,10.642120361328125],[123.83912658691406,10.642470359802246],[123.84236145019531,10.642789840698356],[123.84391784668014,10.643139839172477],[123.8521881103519,10.64430999755865],[123.85897827148483,10.645279884338436],[123.86518096923828,10.646860122680778],[123.87036132812534,10.648159980773926],[123.87458038330078,10.649220466613883],[123.88394927978516,10.651909828186035],[123.89019012451206,10.653499603271484],[123.89726257324241,10.655969619751204],[123.90714263916016,10.659709930420036],[123.91496276855469,10.66254043579113],[123.92143249511719,10.666020393371696],[123.92909240722668,10.670689582824707],[123.93392944335938,10.674079895019645],[123.93788909912132,10.676750183105582],[123.93927764892624,10.678350448608398],[123.94074249267612,10.679750442504883],[123.94265747070335,10.680979728698958],[123.94233703613327,10.676910400390852],[123.94177246093761,10.672180175781364],[123.94117736816406,10.667380332946891],[123.94032287597656,10.659259796142805],[123.93904876708984,10.652460098266602],[123.93776702880871,10.646690368652344],[123.93636322021507,10.64037036895752]]]}},{"type":"Feature","properties":{"ID_0":177,"ISO":"PHL","NAME_0":"Philippines","ID_1":25,"NAME_1":"Cebu","ID_2":446,"NAME_2":"Badian","NL_NAME_2":null,"VARNAME_2":null,"TYPE_2":"Bayan|Munisipyo","ENGTYPE_2":"Municipality","PROVINCE":"Cebu","REGION":"Central Visayas (Region VII)"},"geometry":{"type":"MultiPolygon","coordinates":[[[[123.40033721923862,9.901180267333928],[123.41818237304688,9.899209976196403],[123.42371368408203,9.898610115051326],[123.42395782470726,9.898590087890739],[123.42675018310547,9.89828968048107],[123.42961120605469,9.89795970916748],[123.43237304687534,9.897649765014648],[123.43763732910156,9.896599769592285],[123.4418869018557,9.89525032043457],[123.44621276855469,9.893650054931868],[123.45149993896518,9.891309738159123],[123.45877838134766,9.887809753418026],[123.46688842773483,9.883890151977596],[123.4742889404298,9.880419731140137],[123.47354888916038,9.875169754028434],[123.47376251220737,9.87255001068138],[123.47438049316418,9.867440223693904],[123.47438812255893,9.860730171203727],[123.47354125976574,9.854740142822493],[123.47339630126953,9.853599548339787],[123.4726333618164,9.850460052490234],[123.47151947021496,9.84757041931158],[123.46946716308594,9.842350006103743],[123.46704864501964,9.838489532470703],[123.45967864990234,9.828519821167106],[123.45223236083984,9.817850112915039],[123.4414672851567,9.799980163574332],[123.43981933593784,9.79749965667719],[123.43779754638672,9.795149803161735],[123.43115997314499,9.779219627380371],[123.42437744140625,9.784310340881404],[123.42096710205078,9.786450386047363],[123.41613769531273,9.789050102233887],[123.41055297851562,9.791939735412654],[123.40505218505871,9.795129776000977],[123.39817047119186,9.798549652099723],[123.39047241210972,9.80160999298107],[123.38285827636741,9.804780006408635],[123.37471008300827,9.808270454406852],[123.36625671386741,9.812040328979549],[123.36633300781261,9.812150001525936],[123.36666870117188,9.812359809875488],[123.36672210693371,9.812399864196777],[123.36695098876987,9.812500000000227],[123.36723327636719,9.812620162963924],[123.36753082275425,9.812789916992188],[123.36788177490257,9.813039779663143],[123.36831665039062,9.81332015991211],[123.36876678466797,9.81367015838623],[123.36914825439453,9.81416034698492],[123.36946105957031,9.814729690551701],[123.36978149414074,9.815230369567814],[123.37007904052757,9.815640449523983],[123.3703231811528,9.816020011901912],[123.37055206298851,9.816329956054744],[123.37078094482422,9.81663036346447],[123.37093353271507,9.817029953003157],[123.37109375000011,9.817449569702262],[123.37114715576206,9.817939758300781],[123.3712768554692,9.818209648132324],[123.37135314941406,9.818369865417424],[123.37140655517601,9.818829536437988],[123.37149810791027,9.81925964355463],[123.37167358398449,9.819609642028752],[123.3718719482423,9.819950103759766],[123.37193298339844,9.820369720458984],[123.37188720703148,9.820830345153809],[123.37178039550815,9.821370124816951],[123.37204742431652,9.82201957702648],[123.37194061279297,9.822620391845703],[123.37175750732422,9.823140144348258],[123.37165832519577,9.82363033294672],[123.3715591430664,9.82402038574213],[123.37142181396484,9.824370384216422],[123.37135314941406,9.82476997375494],[123.37117004394531,9.82516002655052],[123.37111663818371,9.825630187988338],[123.37110900878918,9.826140403747559],[123.37110900878918,9.826660156250114],[123.37110900878918,9.827210426330794],[123.37109375000011,9.827790260314998],[123.3710708618164,9.827879905700684],[123.37101745605503,9.828370094299373],[123.37095642089878,9.828929901123047],[123.37117004394531,9.829389572143555],[123.37139892578159,9.829879760742244],[123.37167358398449,9.83043003082281],[123.37194061279297,9.831000328064022],[123.37217712402366,9.831569671630803],[123.37230682373047,9.832039833068961],[123.37236022949241,9.832093238830566],[123.37230682373047,9.832739830017204],[123.37245941162132,9.83333969116211],[123.37249755859375,9.833869934082088],[123.37251281738281,9.834309577941895],[123.37249755859375,9.834679603576774],[123.37246704101608,9.834989547729606],[123.37238311767578,9.835280418395996],[123.37222290039108,9.835599899292106],[123.37204742431652,9.835980415344181],[123.37207031250011,9.836449623107853],[123.3722763061528,9.836890220642317],[123.37245941162132,9.837229728698844],[123.37249755859375,9.837559700012207],[123.37249755859375,9.837889671325797],[123.37243652343761,9.838279724121207],[123.37229919433628,9.838729858398438],[123.37236022949241,9.839229583740234],[123.37256622314453,9.839679718017805],[123.37238311767578,9.840250015258903],[123.37251281738281,9.840640068054313],[123.37267303466831,9.841010093688965],[123.37277221679688,9.841389656066951],[123.37278747558594,9.841719627380485],[123.37274932861351,9.841970443725586],[123.37259674072266,9.842149734497184],[123.37249755859375,9.842370033264103],[123.37246704101608,9.842419624328727],[123.37222290039108,9.8427095413208],[123.37188720703148,9.842989921569767],[123.37153625488315,9.843250274658203],[123.37130737304699,9.843680381774902],[123.3710708618164,9.844109535217285],[123.37074279785179,9.844449996948242],[123.37039947509766,9.844779968261832],[123.37010192871094,9.84517955780052],[123.36985778808605,9.845600128173885],[123.36966705322277,9.846039772033691],[123.36947631835949,9.846420288085994],[123.36939239501964,9.846759796142635],[123.36923980712925,9.847049713134766],[123.36917114257858,9.847339630127067],[123.36911773681663,9.847620010376033],[123.36897277832031,9.847849845886458],[123.3688735961914,9.848130226135254],[123.36869812011719,9.848429679870833],[123.36856079101562,9.848879814148063],[123.36839294433594,9.849459648132267],[123.36836242675804,9.850119590759391],[123.36843109130871,9.85070991516119],[123.36853027343784,9.85116004943842],[123.36837768554688,9.851499557495117],[123.36837005615234,9.852899551391602],[123.36831665039062,9.853320121765137],[123.36813354492188,9.853730201721248],[123.36801147460938,9.854020118713379],[123.3679428100586,9.854209899902344],[123.36765289306686,9.854669570922908],[123.36757659912143,9.855119705200309],[123.3675537109375,9.855620384216422],[123.36750793457077,9.856149673461914],[123.3675537109375,9.856659889221135],[123.36776733398472,9.85708045959467],[123.367958068848,9.857449531555233],[123.367958068848,9.857879638671932],[123.36788177490257,9.858369827270621],[123.3680191040039,9.858839988708553],[123.36810302734409,9.859359741210938],[123.36829376220737,9.859869956970158],[123.36840057373047,9.860400199890137],[123.36859130859375,9.860830307006836],[123.36872863769565,9.861229896545524],[123.36885833740268,9.861570358276367],[123.36892700195335,9.861949920654297],[123.36908721923828,9.8623304367066],[123.3691635131836,9.862770080566406],[123.3691864013673,9.863260269165096],[123.36932373046875,9.863780021667424],[123.36942291259811,9.864339828491268],[123.36943817138706,9.864469528198242],[123.3694992065432,9.864930152893066],[123.36956787109386,9.865079879760799],[123.3697280883789,9.865409851074162],[123.36995697021496,9.865859985351562],[123.37000274658237,9.866339683532658],[123.37000274658237,9.866800308227482],[123.37006378173862,9.867250442504883],[123.37027740478516,9.867650032043457],[123.37050628662155,9.8680801391601],[123.3705291748048,9.868209838867244],[123.37059783935547,9.868599891662825],[123.37081146240246,9.869119644165039],[123.37111663818371,9.86958980560297],[123.37145996093795,9.869970321655273],[123.37188720703148,9.870189666748274],[123.37223052978561,9.870240211486816],[123.37238311767578,9.870269775390682],[123.3729019165039,9.870229721069393],[123.37341308593773,9.870050430297795],[123.37359619140636,9.870030403137434],[123.37393951416061,9.869999885559139],[123.3744888305664,9.869990348815975],[123.37503051757835,9.869939804077092],[123.37554168701206,9.869819641113281],[123.37610626220737,9.869810104370117],[123.37628936767624,9.869389533996582],[123.3765563964846,9.86913967132574],[123.37667846679722,9.869070053100643],[123.37684631347679,9.8689603805542],[123.37729644775402,9.8689804077149],[123.37772369384766,9.868780136108512],[123.3790893554692,9.86847019195568],[123.38079833984375,9.868109703063965],[123.3810806274414,9.868109703063965],[123.38124847412155,9.868120193481559],[123.38159179687511,9.868100166320858],[123.38188934326206,9.867970466613883],[123.38217926025402,9.867699623108024],[123.38256835937523,9.867509841919059],[123.38311004638683,9.867580413818473],[123.38378906250034,9.867879867553711],[123.38426971435558,9.867910385131836],[123.38456726074241,9.867730140685978],[123.38468933105503,9.867380142211857],[123.38465118408214,9.867179870605469],[123.38464355468761,9.86713981628418],[123.38456726074241,9.866740226745833],[123.38427734375011,9.866180419921818],[123.38365936279297,9.865679740905705],[123.38311004638683,9.865320205688477],[123.38276672363327,9.865169525146484],[123.38259124755893,9.865090370178223],[123.38208007812534,9.864910125732536],[123.38156890869186,9.864879608154354],[123.3810806274414,9.864959716796932],[123.38094329834007,9.86497974395752],[123.38062286376999,9.864999771118391],[123.38020324707031,9.865019798278752],[123.37975311279297,9.865079879760799],[123.37925720214844,9.865280151367188],[123.37870788574264,9.865559577941895],[123.37837219238304,9.865850448608626],[123.37812805175781,9.866100311279297],[123.37798309326183,9.866379737854118],[123.37776947021496,9.86658954620384],[123.37753295898438,9.866700172424373],[123.37728118896484,9.866669654846248],[123.37703704834007,9.866539955139274],[123.37674713134788,9.866430282593],[123.37641906738327,9.86637020111084],[123.37608337402366,9.866169929504395],[123.3758316040039,9.865579605102596],[123.37592315673862,9.864919662475643],[123.37616729736362,9.864319801330566],[123.37651824951172,9.863789558410758],[123.37693786621116,9.863369941711483],[123.37735748291016,9.86303997039795],[123.37770843505882,9.862719535827694],[123.37787628173862,9.862299919128418],[123.3778991699221,9.861749649048079],[123.3780288696289,9.861300468444767],[123.37834930419933,9.860969543457088],[123.37877655029331,9.860790252685547],[123.37921142578159,9.860839843749943],[123.37969970703136,9.860950469970703],[123.38024902343761,9.861069679260254],[123.38086700439499,9.861149787902775],[123.38140106201183,9.861300468444767],[123.38181304931686,9.861639976501465],[123.38220977783237,9.86194038391136],[123.38260650634766,9.862179756164608],[123.3829727172855,9.862339973449707],[123.38324737548828,9.86254978179943],[123.38346862792969,9.862790107727108],[123.38365173339844,9.863069534301815],[123.3839263916019,9.863320350647086],[123.38426208496105,9.863570213317928],[123.38465118408214,9.86376953125],[123.38507080078159,9.863869667053336],[123.38546752929688,9.863929748535156],[123.3857879638673,9.864049911499023],[123.38601684570358,9.86425971984869],[123.38622283935581,9.86454963684082],[123.38641357421909,9.864910125732536],[123.38665771484409,9.865240097045898],[123.38709259033203,9.865209579467773],[123.3874969482423,9.86493968963623],[123.38789367675793,9.86468982696556],[123.38823699951172,9.864769935607967],[123.38855743408237,9.864999771118391],[123.3888778686528,9.865260124206657],[123.3891830444336,9.865509986877441],[123.38944244384811,9.865759849548454],[123.38963317871139,9.866279602051009],[123.38979339599621,9.866869926452637],[123.38981628417991,9.86692047119152],[123.38999938964855,9.867230415344352],[123.39035034179733,9.867340087890625],[123.39074707031261,9.867329597473201],[123.39100646972656,9.867400169372786],[123.39118194580112,9.867620468139762],[123.39134979248092,9.868000030517521],[123.39148712158249,9.868439674377555],[123.39141845703159,9.868820190429801],[123.3912582397461,9.869099617004451],[123.39102935791027,9.869330406189022],[123.39076232910168,9.869689941406307],[123.3902587890625,9.870109558105526],[123.38979339599621,9.870630264282227],[123.3895874023442,9.87117958068842],[123.38961791992199,9.871290206909123],[123.38968658447266,9.871600151061955],[123.3900070190432,9.871850013732967],[123.39026641845714,9.87211990356451],[123.39029693603538,9.872159957885799],[123.39048767089866,9.872429847717342],[123.39074707031261,9.872759819030762],[123.39099884033203,9.87296009063732],[123.39114379882824,9.873069763183594],[123.39157104492188,9.873419761657715],[123.39196014404297,9.873889923095817],[123.39240264892578,9.874329566955623],[123.39275360107456,9.874560356140364],[123.3929214477539,9.874679565429915],[123.39350128173828,9.8748397827149],[123.39399719238293,9.874990463256893],[123.39437866210949,9.875160217285156],[123.39462280273438,9.875439643859977],[123.39485168457065,9.875539779663086],[123.39507293701172,9.875720024108944],[123.39537811279331,9.876190185546932],[123.3958511352539,9.876729965210188],[123.39617919921886,9.877070426941032],[123.39646911621105,9.877220153808707],[123.39681243896484,9.877519607543945],[123.39714813232456,9.877639770507812],[123.39716339111351,9.877860069274902],[123.39726257324264,9.878179550170898],[123.39742279052746,9.87862968444847],[123.39753723144554,9.879130363464583],[123.39775848388672,9.879560470581112],[123.39792633056663,9.879989624023494],[123.39808654785168,9.880399703979606],[123.3983078002932,9.88076019287115],[123.39848327636753,9.881170272827262],[123.39861297607456,9.881449699401912],[123.39856719970714,9.881719589233512],[123.39830017089866,9.88197994232172],[123.39798736572277,9.88230991363531],[123.39785766601597,9.882789611816406],[123.39800262451183,9.883379936218375],[123.39804840087925,9.883939743041992],[123.39806365966797,9.884469985961971],[123.39804077148472,9.884949684143066],[123.39794921875,9.885430335998649],[123.39859771728561,9.886309623718262],[123.39881134033237,9.887209892273063],[123.39877319335949,9.88848972320568],[123.39900207519565,9.88891983032238],[123.39910888671875,9.889349937439022],[123.3991622924807,9.889730453491325],[123.39916992187545,9.890049934387434],[123.39916992187545,9.890339851379338],[123.39920806884766,9.890640258789062],[123.39932250976574,9.890959739685002],[123.39923858642612,9.891340255737305],[123.39917755126999,9.891790390014876],[123.3991622924807,9.892299652099666],[123.39916992187545,9.892829895019645],[123.39916992187545,9.89291954040533],[123.39919281005893,9.893400192260685],[123.39932250976574,9.893989562988395],[123.39940643310547,9.894610404968319],[123.39943695068393,9.89525032043457],[123.39943695068393,9.895850181579647],[123.39943695068393,9.896360397338924],[123.39943695068393,9.896789550781307],[123.39943695068393,9.897179603576717],[123.39943695068393,9.897540092468205],[123.39943695068393,9.897910118103084],[123.39943695068393,9.897979736328239],[123.39943695068393,9.898269653320312],[123.39943695068393,9.898619651794434],[123.3994293212894,9.89896011352539],[123.39940643310547,9.89900016784668],[123.3993377685548,9.899270057678223],[123.39935302734398,9.899600028991813],[123.39971923828136,9.8999996185305],[123.39990997314464,9.900190353393782],[123.40000152587925,9.900279998779297],[123.40000152587925,9.901180267333928],[123.40026855468795,9.901160240173567],[123.40033721923862,9.901180267333928]]]]}},{"type":"Feature","properties":{"ID_0":177,"ISO":"PHL","NAME_0":"Philippines","ID_1":25,"NAME_1":"Cebu","ID_2":447,"NAME_2":"Balamban","NL_NAME_2":null,"VARNAME_2":null,"TYPE_2":"Bayan|Munisipyo","ENGTYPE_2":"Municipality","PROVINCE":"Cebu","REGION":"Central Visayas (Region VII)"},"geometry":{"type":"Polygon","coordinates":[[[123.78334045410156,10.549289703369084],[123.7846908569336,10.549260139465389],[123.78543853759766,10.549579620361385],[123.78675079345749,10.549699783325195],[123.78784179687545,10.5494899749757],[123.78898620605514,10.548899650573674],[123.79039001464878,10.547690391540527],[123.79126739501999,10.546799659729004],[123.7925796508789,10.546230316162223],[123.79434967041027,10.545940399169979],[123.79644012451183,10.545999526977482],[123.79730224609409,10.545820236206282],[123.79833221435592,10.544969558716048],[123.79871368408249,10.543510437011719],[123.79988098144543,10.5430202484132],[123.80092620849643,10.5430202484132],[123.80184936523438,10.543330192566032],[123.80229187011719,10.54376029968273],[123.8026504516605,10.543740272521973],[123.80388641357433,10.543219566345329],[123.80503082275402,10.541729927062988],[123.8060531616211,10.540760040283203],[123.80596160888717,10.539910316467285],[123.80570983886741,10.538299560546989],[123.80648803710938,10.536879539489973],[123.80684661865268,10.53590011596691],[123.8077621459961,10.53507995605463],[123.80892181396484,10.534660339355582],[123.81069946289062,10.5346298217774],[123.81214141845703,10.535169601440487],[123.8126678466798,10.53610038757347],[123.81379699707043,10.538049697875977],[123.81471252441406,10.537369728088493],[123.81532287597668,10.538470268249512],[123.81511688232467,10.538680076599064],[123.8147430419923,10.540019989013672],[123.8150863647461,10.540889739990348],[123.81584167480469,10.54113960266119],[123.8163223266605,10.540160179138297],[123.81765747070347,10.538800239563102],[123.81900787353516,10.537699699401855],[123.82015228271484,10.536970138549805],[123.82132720947277,10.536760330200423],[123.82276916503918,10.537520408630485],[123.82483673095749,10.537460327148494],[123.82659912109398,10.53754997253418],[123.82848358154308,10.537469863891602],[123.82924652099621,10.537240028381348],[123.83027648925781,10.537079811096191],[123.83090209960938,10.537269592285213],[123.83247375488327,10.537400245666447],[123.83325195312511,10.537260055542049],[123.83377075195312,10.536109924316406],[123.83425903320347,10.535019874572981],[123.83525848388706,10.53512001037609],[123.83580017089844,10.535909652710188],[123.8372421264653,10.534310340881461],[123.83814239501976,10.533639907836914],[123.83885955810547,10.533829689025879],[123.83904266357422,10.53466987609886],[123.83901977539097,10.536479949951286],[123.83970642089844,10.53672981262207],[123.84027099609375,10.536290168762264],[123.84116363525402,10.535980224609432],[123.84297943115246,10.535849571228027],[123.84509277343761,10.536310195922852],[123.84647369384766,10.536879539489973],[123.84773254394577,10.536439895629996],[123.84812164306652,10.536680221557674],[123.848426818848,10.537590026855469],[123.84871673583996,10.538729667663688],[123.84915161132812,10.539660453796444],[123.84956359863315,10.540149688720646],[123.85073852539062,10.539999961853141],[123.8511581420903,10.53919982910179],[123.8509521484375,10.5385103225708],[123.85104370117222,10.537599563598746],[123.85166931152378,10.537349700927734],[123.8521881103519,10.537699699401855],[123.85307312011764,10.536939620971623],[123.85382080078125,10.537540435791016],[123.8540496826173,10.538249969482422],[123.85440826416061,10.53925991058344],[123.85440826416061,10.539299964904728],[123.8541412353519,10.539739608764705],[123.85381317138672,10.539770126342887],[123.85323333740234,10.540189743041935],[123.85360717773438,10.540760040283203],[123.854286193848,10.540900230407772],[123.85463714599632,10.541350364685002],[123.85469818115234,10.541879653930664],[123.85511016845726,10.542539596557617],[123.85597991943405,10.54259014129633],[123.85646057128906,10.541999816894531],[123.85704040527344,10.541950225830135],[123.85695648193393,10.54143047332775],[123.85730743408226,10.540519714355526],[123.85743713378906,10.539239883423079],[123.85730743408226,10.538020133972111],[123.8579330444336,10.536479949951286],[123.8578567504884,10.535770416259766],[123.85854339599632,10.534339904785156],[123.85955047607467,10.534310340881461],[123.86062622070347,10.534469604492301],[123.86074829101608,10.533220291137638],[123.86205291748058,10.533129692077637],[123.8631362915039,10.532460212707576],[123.86244964599621,10.530949592590389],[123.86148071289074,10.530229568481445],[123.86179351806663,10.529780387878532],[123.86222076416061,10.52925968170166],[123.86147308349621,10.5281600952149],[123.86163330078125,10.527700424194563],[123.86073303222668,10.526479721069336],[123.85968780517601,10.52639007568365],[123.85906219482422,10.525810241699219],[123.85820770263672,10.524069786071777],[123.85896301269531,10.523209571838436],[123.86003112792969,10.524470329284611],[123.86160278320335,10.524230003356934],[123.8636474609375,10.523260116577148],[123.86414337158214,10.522680282592773],[123.86424255371105,10.522150039672965],[123.86480712890625,10.520279884338379],[123.86564636230469,10.519289970398063],[123.86612701416016,10.518110275268555],[123.86615753173862,10.51778984069847],[123.8662567138673,10.516730308532829],[123.86643981933605,10.51529979705822],[123.86747741699219,10.514909744262638],[123.86810302734375,10.51624011993431],[123.86937713623047,10.516830444335938],[123.8705062866211,10.51710033416748],[123.87129211425781,10.518429756164494],[123.87245941162143,10.518950462341536],[123.87309265136764,10.518280029296989],[123.8737182617192,10.518320083618278],[123.87454223632824,10.518919944763184],[123.87539672851574,10.51959037780756],[123.87716674804722,10.519450187683162],[123.8782882690432,10.51858997344982],[123.87850189209018,10.517640113830623],[123.87931060791027,10.517580032348576],[123.88014984130905,10.517149925231934],[123.88124084472679,10.517370223999023],[123.88202667236328,10.517379760742188],[123.88249206543014,10.51723957061779],[123.88303375244152,10.516150474548454],[123.88217163085949,10.514820098876953],[123.88123321533237,10.513839721679744],[123.88130950927746,10.51331996917719],[123.88356018066406,10.513339996337947],[123.8846206665039,10.512760162353572],[123.88588714599621,10.512749671936149],[123.88646697998058,10.511930465698356],[123.8866195678711,10.511090278625716],[123.8861770629884,10.510270118713493],[123.88506317138695,10.51033973693842],[123.88440704345749,10.509050369262695],[123.88417816162121,10.507679939270076],[123.88432312011719,10.506770133972168],[123.88490295410156,10.505979537963924],[123.88538360595703,10.506019592285213],[123.88678741455078,10.505940437317122],[123.88773345947288,10.505319595336971],[123.88799285888683,10.504770278930778],[123.8874664306644,10.504249572753906],[123.88658142089866,10.504460334777946],[123.88506317138695,10.504549980163802],[123.88432312011719,10.503820419311523],[123.8849334716798,10.50294017791748],[123.88646697998058,10.502030372619856],[123.88803100585983,10.501859664916935],[123.88907623291016,10.50170993804943],[123.89026641845749,10.501580238342285],[123.89054107666016,10.50115966796875],[123.89083862304733,10.500289916992415],[123.8888168334961,10.493430137634391],[123.86274719238304,10.473600387573356],[123.83953857421886,10.455679893493766],[123.83775329589866,10.453920364379883],[123.83682250976562,10.453129768371639],[123.83467102050781,10.451649665832633],[123.83260345459007,10.450180053711051],[123.8305435180664,10.448699951171875],[123.828369140625,10.447600364685115],[123.82736968994186,10.44655990600586],[123.82698059082054,10.445759773254338],[123.82602691650413,10.444680213928336],[123.82405853271484,10.44369029998785],[123.82142639160168,10.44229984283453],[123.82121276855514,10.441439628601131],[123.82015228271484,10.441450119018555],[123.81944274902366,10.441800117492676],[123.81765747070347,10.440879821777344],[123.81658935546898,10.440099716186523],[123.81524658203148,10.439040184021223],[123.81372833251976,10.43867015838623],[123.81231689453159,10.437410354614315],[123.81067657470726,10.436579704284668],[123.80899810791016,10.435159683227653],[123.80815887451172,10.433329582214355],[123.80760192871128,10.43229961395275],[123.80683898925815,10.431630134582463],[123.80642700195312,10.430939674377555],[123.80587768554699,10.429949760437069],[123.80502319335949,10.42957973480219],[123.80372619628952,10.428009986877498],[123.8026123046875,10.427040100097884],[123.80169677734409,10.42702960968029],[123.80075836181663,10.427189826965389],[123.80081939697277,10.426750183105412],[123.80032348632812,10.42588996887207],[123.79962158203125,10.424839973449707],[123.79878234863315,10.423729896545353],[123.79834747314464,10.422639846801758],[123.79818725585983,10.422189712524528],[123.7977294921875,10.420680046081657],[123.7972564697269,10.419690132141113],[123.79741668701195,10.418769836425781],[123.79760742187523,10.418120384216422],[123.78643798828159,10.407179832458723],[123.77474212646518,10.395870208740291],[123.76973724365246,10.39064025878912],[123.76119995117222,10.395979881286735],[123.74273681640625,10.408639907837028],[123.74195098876953,10.409290313720646],[123.74125671386719,10.409919738769645],[123.7406234741211,10.411149978637638],[123.74031829833984,10.41205024719244],[123.74044799804688,10.413120269775334],[123.74111938476574,10.414360046386662],[123.74217987060581,10.415769577026424],[123.74252319335938,10.416720390319767],[123.74215698242188,10.417650222778263],[123.74211120605514,10.418549537658805],[123.74189758300793,10.418979644775504],[123.74104309082065,10.419699668884277],[123.73964691162143,10.41975021362316],[123.73858642578125,10.419659614562988],[123.7379302978519,10.42020034790039],[123.73695373535179,10.419540405273438],[123.73590850830101,10.419260025024471],[123.73509979248047,10.419500350952148],[123.73417663574253,10.4205904006958],[123.73297119140659,10.421739578247127],[123.73264312744175,10.422989845275879],[123.7320327758789,10.423139572143555],[123.73171234130882,10.424309730529785],[123.73127746582031,10.425180435180891],[123.73075866699241,10.42508983612072],[123.73033142089844,10.424460411071777],[123.72956848144531,10.424249649047908],[123.72894287109398,10.424980163574332],[123.72814178466842,10.426230430603084],[123.72676849365234,10.42704963684082],[123.72553253173862,10.426779747009277],[123.72434997558605,10.427570343017692],[123.72382354736362,10.428609848022404],[123.72315216064453,10.429730415344181],[123.72236633300804,10.429789543152083],[123.72168731689464,10.429860115051326],[123.72123718261719,10.430210113525447],[123.72112274169945,10.43074989318859],[123.72138977050815,10.431650161743221],[123.72170257568405,10.43220043182373],[123.72168731689464,10.432530403137264],[123.72087860107422,10.43284988403326],[123.720252990723,10.432740211486816],[123.71961212158249,10.432680130004996],[123.71880340576183,10.431989669799918],[123.71839141845703,10.431269645690918],[123.718017578125,10.430060386657772],[123.71700286865268,10.42965030670166],[123.71633148193371,10.429249763488826],[123.7157669067384,10.42796993255638],[123.71528625488315,10.427470207214412],[123.71430969238281,10.427470207214412],[123.71293640136764,10.426600456237907],[123.71221160888672,10.426090240478459],[123.71159362793014,10.42667007446289],[123.71095275878906,10.426650047302303],[123.71056365966797,10.426429748535156],[123.7096633911134,10.427189826965389],[123.70807647705078,10.426980018615723],[123.70712280273438,10.42716026306158],[123.7066879272461,10.427579879760799],[123.70609283447266,10.427559852600098],[123.70546722412121,10.42753982543951],[123.70539093017601,10.428649902343693],[123.70568847656295,10.429409980773926],[123.70568847656295,10.43039989471447],[123.70484161376953,10.430640220642317],[123.7034912109375,10.4302597045899],[123.70304870605469,10.430350303649846],[123.70298004150402,10.430370330810604],[123.70240020751964,10.430500030517578],[123.70156860351585,10.429759979248047],[123.7008666992192,10.429900169372615],[123.7006607055664,10.430760383606014],[123.69986724853516,10.432209968566838],[123.70001220703125,10.433429718017805],[123.69940948486362,10.434189796447868],[123.6983413696289,10.434189796447868],[123.69815826416016,10.434189796447868],[123.69799804687545,10.434809684753532],[123.69789123535156,10.435250282287654],[123.69728088378929,10.435859680175895],[123.69721984863281,10.437179565429744],[123.69724273681686,10.437430381774902],[123.69728851318405,10.4379301071167],[123.69693756103516,10.43828010559082],[123.69589996337936,10.439040184021223],[123.69497680664074,10.440469741821346],[123.69509887695312,10.440670013427791],[123.69525146484386,10.440939903259505],[123.69605255126953,10.441599845886287],[123.69624328613281,10.442399978637809],[123.6960372924807,10.443739891052246],[123.69567108154297,10.444160461425781],[123.69465637207031,10.445210456848145],[123.69341278076172,10.445839881896916],[123.69249725341808,10.445460319519157],[123.69181060791016,10.446379661560002],[123.69116210937511,10.446840286254883],[123.68978881835938,10.447799682617188],[123.68858337402378,10.448579788208008],[123.68679046630882,10.44839954376232],[123.68567657470737,10.44976997375494],[123.68579101562545,10.450900077819824],[123.68534851074253,10.451549530029524],[123.6841812133789,10.451530456543082],[123.68286895751987,10.451169967651367],[123.68200683593761,10.451689720153922],[123.68150329589844,10.452409744262695],[123.68057250976597,10.453370094299373],[123.6797485351567,10.453729629516602],[123.67919921875,10.453969955444279],[123.67754364013695,10.453840255737305],[123.67664337158249,10.45331954956066],[123.67632293701206,10.453300476074219],[123.67584991455078,10.453140258789062],[123.67513275146496,10.452850341796989],[123.67456054687511,10.452650070190373],[123.67469024658203,10.453109741210938],[123.67478179931686,10.453689575195312],[123.67501068115234,10.454250335693416],[123.67527770996094,10.4547700881958],[123.67552947998058,10.455249786377067],[123.6757431030278,10.45571041107172],[123.67603302001953,10.4560804367066],[123.67636108398438,10.456390380859432],[123.67665863037121,10.456640243530217],[123.67694091796886,10.456800460815543],[123.67722320556652,10.456950187683049],[123.67754364013695,10.45713996887207],[123.67791748046898,10.457380294799918],[123.67835235595749,10.457699775695858],[123.6800994873048,10.458600044250488],[123.68142700195324,10.459569931030273],[123.68260955810592,10.460260391235408],[123.68414306640659,10.46094989776617],[123.68483734130905,10.461090087890568],[123.68525695800793,10.461500167846737],[123.68553924560581,10.461709976196232],[123.6860275268557,10.462129592895508],[123.6865234375,10.462470054626522],[123.68699645996139,10.462750434875488],[123.68762969970737,10.462750434875488],[123.68846893310592,10.463089942932186],[123.6893081665039,10.463159561157283],[123.68998718261764,10.463159561157283],[123.69035339355469,10.463370323181152],[123.69055938720749,10.463580131530875],[123.69069671630882,10.463990211486816],[123.69069671630882,10.464469909668082],[123.69084167480469,10.464819908142204],[123.69111633300781,10.46510028839117],[123.69125366210972,10.465370178222713],[123.69154357910168,10.466059684753532],[123.69159698486328,10.466409683227596],[123.69159698486328,10.467169761657658],[123.69154357910168,10.467519760131779],[123.69139862060581,10.467720031738395],[123.69146728515648,10.46868991851818],[123.69154357910168,10.469109535217228],[123.69132995605514,10.46959018707281],[123.69132995605514,10.470490455627441],[123.69117736816429,10.470829963684139],[123.69111633300781,10.471039772033691],[123.69091033935547,10.471249580383358],[123.69069671630882,10.471320152282829],[123.69020843505871,10.471389770507756],[123.6899337768557,10.471590042114371],[123.68965148925804,10.471870422363509],[123.68937683105469,10.472149848938045],[123.68923187255905,10.472350120544434],[123.68923187255905,10.472490310669173],[123.68958282470703,10.472629547119084],[123.69000244140636,10.472700119018555],[123.69027709960938,10.47276973724371],[123.69069671630882,10.47276973724371],[123.69111633300781,10.472840309143294],[123.69159698486328,10.473119735717773],[123.69209289550827,10.473389625549373],[123.69216156005893,10.47367000579834],[123.69216156005893,10.47531986236595],[123.69216156005893,10.475879669189453],[123.69209289550827,10.475999832153263],[123.69174194335949,10.476570129394531],[123.69174194335949,10.47712039947504],[123.69196319580112,10.477680206299055],[123.6922302246096,10.477950096130598],[123.69309234619186,10.478380203247127],[123.69352722167969,10.478759765625057],[123.69394683837913,10.479129791259766],[123.69438934326183,10.479459762573299],[123.69481658935592,10.47980976104759],[123.69525146484386,10.480119705200423],[123.69564819335972,10.480349540710506],[123.69599914550781,10.480549812316951],[123.69632720947288,10.480759620666447],[123.69666290283249,10.480979919433594],[123.6967926025394,10.481120109558162],[123.69692993164097,10.481269836425895],[123.6971435546875,10.481659889221305],[123.69731140136753,10.482219696044922],[123.69744873046886,10.483010292053336],[123.69761657714889,10.483739852905217],[123.69801330566418,10.48412036895752],[123.6985015869144,10.484370231628532],[123.69896697998058,10.484680175781364],[123.69946289062534,10.484959602356184],[123.69994354248058,10.485210418701115],[123.70036315918003,10.485380172729549],[123.70081329345726,10.485420227050838],[123.70134735107422,10.485480308532658],[123.70171356201172,10.485859870910645],[123.70189666748047,10.48651027679449],[123.70207977294956,10.48721981048584],[123.70233154296898,10.487660408020133],[123.70269775390659,10.487979888916243],[123.7028198242192,10.48805999755865],[123.70310974121094,10.488280296325797],[123.70358276367233,10.488559722900618],[123.7040786743164,10.488800048828125],[123.7045669555664,10.48904037475586],[123.70493316650425,10.4893798828125],[123.70523071289062,10.489689826965332],[123.70543670654342,10.490010261535588],[123.70556640625034,10.490309715270996],[123.70572662353516,10.490579605102596],[123.7058715820317,10.490850448608398],[123.70606994628952,10.491109848022518],[123.7061233520509,10.491459846496639],[123.7061462402346,10.491820335388184],[123.70625305175827,10.492179870605412],[123.70616149902344,10.492580413818416],[123.70620727539108,10.493149757385197],[123.70665740966831,10.493729591369572],[123.70712280273438,10.493880271911621],[123.70747375488315,10.493920326232853],[123.70768737792969,10.494059562683333],[123.7079315185548,10.49417972564703],[123.70822143554699,10.494330406189022],[123.70857238769531,10.494509696960563],[123.70893859863315,10.494770050048828],[123.7093124389653,10.49507999420166],[123.70968627929733,10.495439529419059],[123.71000671386719,10.495889663696289],[123.71038818359375,10.496350288391113],[123.7108535766605,10.496780395507812],[123.71135711669967,10.4971799850465],[123.71190643310547,10.497500419616927],[123.71240234375,10.497759819030875],[123.71279907226574,10.497920036316032],[123.71314239501987,10.497940063476562],[123.71363067626953,10.497650146484489],[123.71388244628952,10.497579574585018],[123.71392059326172,10.49757003784191],[123.71398162841797,10.497540473938216],[123.71398162841797,10.497779846191463],[123.71396636962913,10.49841022491455],[123.714111328125,10.498820304870662],[123.71414184570347,10.498889923095817],[123.71415710449241,10.498940467834473],[123.71431732177734,10.499369621276855],[123.71459960937545,10.499580383300895],[123.71488189697266,10.5],[123.71501922607445,10.500269889831543],[123.71501922607445,10.500630378723258],[123.71501922607445,10.50082969665533],[123.71495056152344,10.501029968261776],[123.71481323242199,10.501239776611271],[123.71459960937545,10.501449584960994],[123.71425628662132,10.50164985656744],[123.71404266357433,10.501790046692008],[123.71383666992233,10.501859664916935],[123.71334838867188,10.502070426941145],[123.71312713623092,10.502189636230696],[123.7127685546875,10.50249004364025],[123.71237945556675,10.502820014953613],[123.71206665039085,10.50325965881359],[123.71193695068371,10.5038099288941],[123.71185302734409,10.504349708557243],[123.71170806884766,10.504730224609489],[123.7118072509769,10.505109786987305],[123.71221923828125,10.505279541015739],[123.71250152587936,10.505559921264705],[123.71250152587936,10.506110191345215],[123.71083068847702,10.507780075073242],[123.71083068847702,10.508350372314453],[123.71083068847702,10.509169578552246],[123.71056365966797,10.509440422058105],[123.71028137207065,10.509440422058105],[123.71003723144543,10.508489608764762],[123.70993041992188,10.50806045532238],[123.70944213867233,10.507220268249739],[123.70916748046875,10.507220268249739],[123.70861053466831,10.506669998169059],[123.7074966430664,10.506669998169059],[123.70722198486362,10.507129669189567],[123.70700836181663,10.507889747619629],[123.70693969726562,10.508310317993164],[123.70673370361328,10.508589744567871],[123.70659637451183,10.508999824523983],[123.70630645751953,10.509969711303938],[123.70628356933594,10.510230064392204],[123.70625305175827,10.510519981384277],[123.70625305175827,10.511630058288631],[123.70659637451183,10.512780189514274],[123.70694732666016,10.512780189514274],[123.7074966430664,10.513330459594783],[123.70777893066452,10.513330459594783],[123.70821380615234,10.513560295105094],[123.70865631103516,10.513750076294059],[123.70910644531273,10.5139999389649],[123.70950317382858,10.514329910278434],[123.70979309082031,10.514679908752555],[123.70995330810581,10.515029907226676],[123.71000671386719,10.515419960022086],[123.71008300781284,10.515819549560604],[123.71021270751999,10.516209602356014],[123.71045684814499,10.51653003692627],[123.71050262451172,10.516539573669547],[123.71079254150402,10.516739845275936],[123.71092987060547,10.516819953918514],[123.71101379394554,10.516850471496696],[123.7114486694336,10.517029762268066],[123.71196746826195,10.517230033874455],[123.71246337890625,10.517390251159782],[123.71275329589878,10.51749038696289],[123.7128677368164,10.51753044128418],[123.71330261230491,10.517660140991325],[123.71379852294922,10.51778984069847],[123.71431732177734,10.517959594726562],[123.71479034423874,10.518219947814998],[123.71514892578125,10.51852989196783],[123.71508026123047,10.518899917602653],[123.7146987915039,10.518799781799373],[123.71421051025436,10.518600463867415],[123.7136688232423,10.518389701843262],[123.71350860595749,10.518340110778809],[123.71315002441406,10.5182399749757],[123.71267700195312,10.518170356750545],[123.71218109130893,10.51807975769043],[123.7116470336914,10.517910003662166],[123.7110977172855,10.517640113830623],[123.7105712890625,10.517310142517204],[123.71041870117199,10.517210006714095],[123.71011352539062,10.517000198364371],[123.7097396850586,10.516670227050838],[123.70948028564464,10.516269683838004],[123.70928192138683,10.515850067138729],[123.70908355712902,10.515419960022086],[123.70880126953159,10.515080451965389],[123.70844268798851,10.5148096084597],[123.70805358886741,10.514599800109806],[123.7076568603519,10.51441955566412],[123.70728302001987,10.514249801635685],[123.70691680908226,10.514060020446891],[123.70655822753906,10.513890266418457],[123.70635986328125,10.513839721679744],[123.70616149902344,10.513790130615348],[123.70583343505871,10.513609886169661],[123.70511627197311,10.513500213623047],[123.70484161376953,10.513919830322493],[123.70498657226597,10.51426029205328],[123.70526123046886,10.514679908752555],[123.70526123046886,10.515230178833065],[123.70484161376953,10.516889572143668],[123.70427703857422,10.517999649047852],[123.70401000976562,10.51819992065424],[123.70365905761753,10.518480300903377],[123.70337677001964,10.519169807434196],[123.70330810546875,10.520000457763729],[123.70330810546875,10.520369529724064],[123.70330810546875,10.520480155944767],[123.70330810546875,10.521780014038143],[123.70330810546875,10.522700309753475],[123.70337677001964,10.522970199585075],[123.70379638671909,10.522970199585075],[123.7040786743164,10.522899627685604],[123.70427703857422,10.522899627685604],[123.70442962646507,10.523320198059139],[123.70449829101574,10.523940086364803],[123.70449829101574,10.524330139160213],[123.70449829101574,10.524419784545898],[123.70469665527355,10.52484035491949],[123.70484161376953,10.525320053100529],[123.70506286621139,10.526080131530819],[123.7051925659182,10.52670955657959],[123.70540618896484,10.52733039855957],[123.70540618896484,10.527669906616211],[123.70581817626999,10.529950141906795],[123.70594024658237,10.531959533691463],[123.7061462402346,10.532919883728141],[123.70635986328125,10.534170150756893],[123.70649719238281,10.534930229187125],[123.70649719238281,10.535280227661246],[123.70609283447266,10.535690307617188],[123.70580291748047,10.53623962402338],[123.70572662353516,10.536800384521541],[123.70572662353516,10.537679672241325],[123.70619201660156,10.53754997253418],[123.70646667480503,10.537599563598746],[123.70696258544967,10.537579536438045],[123.70748138427757,10.537560462951774],[123.70810699462936,10.537170410156364],[123.7086791992192,10.537260055542049],[123.70934295654297,10.537260055542049],[123.71019744873047,10.537240028381348],[123.71105194091797,10.53750991821289],[123.71141815185581,10.537980079650822],[123.71248626708984,10.53816032409668],[123.71381378173828,10.538069725036735],[123.71501922607445,10.53794002532959],[123.71640014648438,10.53816032409668],[123.71697998046875,10.538330078124943],[123.71839141845703,10.53864955902111],[123.71965789794922,10.538419723510856],[123.72110748291027,10.538610458374137],[123.72207641601585,10.539239883423079],[123.72245025634777,10.540209770202694],[123.72296905517578,10.541049957275504],[123.72363281250034,10.541560173034895],[123.72398376464866,10.541049957275504],[123.72464752197288,10.541029930114746],[123.7250137329105,10.541419982910156],[123.72586822509777,10.541609764099121],[123.72654724121128,10.541259765625],[123.73296356201217,10.541819572448844],[123.74270629882847,10.542659759521484],[123.75995635986328,10.543939590454102],[123.76058959960949,10.543700218200684],[123.76130676269531,10.543190002441463],[123.76219940185558,10.542160034179688],[123.76290893554733,10.541290283203352],[123.76394653320335,10.540829658508358],[123.7649612426759,10.54108047485363],[123.76589965820358,10.541950225830135],[123.76641082763706,10.542940139770621],[123.76631927490246,10.543680191040153],[123.76540374755893,10.544249534606934],[123.76421356201183,10.544619560241756],[123.7636871337894,10.545060157775879],[123.76318359375023,10.546050071716365],[123.7636871337894,10.546859741211051],[123.76448059082031,10.547599792480526],[123.76508331298851,10.547980308532829],[123.7656402587894,10.547809600830078],[123.76622009277378,10.547369956970442],[123.76728057861351,10.546919822692871],[123.76837158203125,10.546810150146428],[123.76928710937523,10.546930313110465],[123.7702331542971,10.547229766845703],[123.77126312255871,10.54845046997093],[123.77187347412155,10.549340248107967],[123.77275848388672,10.550160408020076],[123.77355194091808,10.550740242004451],[123.774940490723,10.551090240478572],[123.77629852294922,10.551230430603141],[123.77755737304699,10.551460266113395],[123.7785110473634,10.550950050353947],[123.77935791015625,10.550100326538029],[123.78067016601562,10.549989700317496],[123.78150177001953,10.549860000610352],[123.78334045410156,10.549289703369084]]]}},{"type":"Feature","properties":{"ID_0":177,"ISO":"PHL","NAME_0":"Philippines","ID_1":25,"NAME_1":"Cebu","ID_2":449,"NAME_2":"Barili","NL_NAME_2":null,"VARNAME_2":null,"TYPE_2":"Bayan|Munisipyo","ENGTYPE_2":"Municipality","PROVINCE":"Cebu","REGION":"Central Visayas (Region VII)"},"geometry":{"type":"Polygon","coordinates":[[[123.58522796630882,10.120739936828556],[123.58209991455112,10.1143798828125],[123.5811767578125,10.111149787902946],[123.58048248291016,10.108779907226676],[123.58019256591831,10.107210159301815],[123.5789566040039,10.101570129394531],[123.57852172851574,10.095939636230526],[123.55844879150425,10.076189994812069],[123.55084991455078,10.065750122070312],[123.54810333251964,10.063420295715389],[123.54692077636719,10.06149959564209],[123.53529357910156,10.045860290527287],[123.53296661376976,10.041950225830021],[123.52205657958984,10.050809860229492],[123.51599884033203,10.0555801391601],[123.51425170898472,10.056980133056754],[123.49844360351585,10.069290161132926],[123.49400329589844,10.072870254516658],[123.49054718017612,10.075679779052848],[123.48520660400425,10.080080032348633],[123.48403167724621,10.080980300903434],[123.47821044921909,10.085510253906364],[123.46608734130871,10.095310211181754],[123.46618652343784,10.09539985656761],[123.46662139892578,10.095820426940975],[123.46703338623058,10.096220016479492],[123.46734619140648,10.096460342407227],[123.46748352050781,10.096570014953613],[123.46788787841797,10.096879959106445],[123.46823120117222,10.097160339355412],[123.46846008300781,10.097450256347884],[123.46864318847656,10.097749710083121],[123.46884155273438,10.098030090332259],[123.46900177001987,10.09834003448509],[123.46914672851574,10.098670005798283],[123.46925354003929,10.09904956817627],[123.46946716308594,10.09949970245367],[123.46977996826172,10.100000381469783],[123.47016906738281,10.100449562072754],[123.47059631347679,10.100790023803711],[123.47099304199219,10.10114955902094],[123.47119903564453,10.101349830627555],[123.47139739990234,10.101550102233944],[123.4717788696289,10.10196971893322],[123.47206115722656,10.10241985321045],[123.47231292724632,10.102840423583984],[123.47251892089844,10.103289604187125],[123.47255706787155,10.103560447692928],[123.47260284423874,10.103779792785645],[123.47260284423874,10.103839874267805],[123.47254943847702,10.104530334472713],[123.47252655029297,10.104630470275822],[123.47241973876999,10.10529994964611],[123.47254180908203,10.105719566345158],[123.47276306152355,10.105919837951774],[123.47299957275425,10.106120109558162],[123.47329711914062,10.106349945068416],[123.47371673583996,10.106539726257438],[123.4741897583009,10.106789588928223],[123.47467041015636,10.10700988769537],[123.47508239746139,10.1072998046875],[123.47554016113315,10.107556343078727],[123.47590637207043,10.107879638671875],[123.47679138183616,10.108039855956974],[123.4774169921875,10.108309745788574],[123.4777297973634,10.108980178833121],[123.47783660888695,10.109210014343375],[123.47783660888695,10.109900474548454],[123.47767639160156,10.110560417175407],[123.47766876220703,10.110619544982967],[123.47781372070324,10.111100196838322],[123.47782897949253,10.111149787902946],[123.47801971435581,10.111579895019588],[123.47811126708996,10.111849784851131],[123.47820281982456,10.112150192260856],[123.47836303710938,10.11277008056652],[123.47857666015636,10.113300323486328],[123.47879791259788,10.113750457763729],[123.4790878295903,10.11398983001709],[123.47913360595703,10.11406040191656],[123.47931671142578,10.1142196655274],[123.47955322265648,10.114450454711971],[123.4797973632817,10.114689826965332],[123.48008728027344,10.11491012573265],[123.48046112060547,10.115079879760742],[123.48081207275436,10.115300178527889],[123.48097991943371,10.115449905395565],[123.48111724853516,10.115579605102539],[123.48143005371094,10.115880012512434],[123.48150634765625,10.116040229797363],[123.4816665649414,10.11625957489025],[123.48191833496105,10.116660118103027],[123.48214721679733,10.117059707641602],[123.48230743408214,10.117329597473145],[123.48239135742199,10.117469787597713],[123.48258972168003,10.117699623108138],[123.48269653320324,10.117839813232536],[123.48298645019554,10.118209838867188],[123.48327636718773,10.118579864502067],[123.48362731933605,10.118840217590275],[123.48387908935581,10.118960380554313],[123.48401641845714,10.119039535522404],[123.48452758789062,10.119139671325684],[123.48503875732422,10.119090080261287],[123.48542022705078,10.11886978149414],[123.48570251464844,10.118610382080021],[123.48593139648449,10.118350028991813],[123.4861831665039,10.118129730224666],[123.48647308349655,10.117970466613826],[123.48679351806675,10.117779731750545],[123.48715972900402,10.117589950561523],[123.48757934570312,10.117489814758244],[123.48798370361328,10.117389678955305],[123.48832702636741,10.117250442504883],[123.48866271972656,10.117219924926871],[123.48899078369152,10.117219924926871],[123.48937225341808,10.117230415344295],[123.48982238769531,10.117289543151855],[123.4902572631836,10.117389678955305],[123.49060821533237,10.117549896240291],[123.49095916748047,10.117670059204102],[123.49147033691418,10.117529869079704],[123.49189758300781,10.117489814758244],[123.4920806884769,10.11775016784668],[123.49201965332043,10.1182603836059],[123.49199676513672,10.118709564209041],[123.49211883544933,10.119070053100586],[123.4922332763673,10.119449615478516],[123.4925003051759,10.119720458984375],[123.4925003051759,10.119770050048771],[123.4925003051759,10.120650291442871],[123.4925003051759,10.12082958221447],[123.49276733398483,10.121109962463436],[123.49276733398483,10.121669769287053],[123.49288177490246,10.121769905090389],[123.49305725097656,10.121939659118596],[123.49305725097656,10.122500419616756],[123.49310302734398,10.122550010681152],[123.49333190917969,10.122779846191406],[123.49333190917969,10.123330116271973],[123.49320983886764,10.123880386352653],[123.49278259277355,10.124030113220158],[123.49241638183605,10.124250411987305],[123.49210357666016,10.124440193176326],[123.49199676513672,10.124500274658317],[123.49144744873058,10.124799728393555],[123.49092102050827,10.125260353088379],[123.49063110351562,10.125840187072754],[123.49064636230469,10.126489639282454],[123.4908218383789,10.126939773559684],[123.49088287353527,10.127079963684082],[123.49121856689453,10.127590179443303],[123.49165344238293,10.127989768982047],[123.4921875,10.128270149231014],[123.49272155761741,10.128589630126953],[123.49329376220726,10.128860473632812],[123.493896484375,10.129039764404354],[123.49449920654308,10.129190444946346],[123.4950180053711,10.129409790039062],[123.49546813964855,10.129670143127441],[123.49585723876964,10.130020141601562],[123.49627685546909,10.13041973114008],[123.49674224853516,10.13078975677496],[123.49719238281261,10.131079673767033],[123.49758911132858,10.13136005401617],[123.49787139892601,10.13175010681158],[123.4981918334961,10.132109642028809],[123.49845123291016,10.132590293884391],[123.498779296875,10.13294982910162],[123.49933624267578,10.133139610290641],[123.49983978271496,10.133259773254451],[123.50018310546875,10.133410453796444],[123.50039672851608,10.133640289306754],[123.50051116943371,10.133990287780875],[123.50063323974632,10.134460449218977],[123.50083160400436,10.134969711303768],[123.50112915039062,10.135410308837834],[123.5015487670903,10.135800361633244],[123.50198364257858,10.136269569397086],[123.50247955322266,10.136639595031738],[123.50286865234375,10.137020111084041],[123.50319671630893,10.137350082397404],[123.50350952148483,10.13766956329357],[123.5038070678711,10.137980461120662],[123.50409698486362,10.13831996917736],[123.50441741943371,10.138660430908203],[123.50473785400413,10.139039993286133],[123.5050430297855,10.13941955566429],[123.50543212890659,10.139699935913086],[123.50581359863315,10.139989852905387],[123.50614166259777,10.140339851379508],[123.50647735595703,10.14070987701416],[123.50684356689453,10.141010284423885],[123.50715637207031,10.141329765319824],[123.50747680664074,10.141639709472656],[123.50779724121094,10.142029762268066],[123.50810241699253,10.142459869384709],[123.50850677490234,10.142780303955135],[123.50887298583984,10.143110275268555],[123.5090484619144,10.143280029296989],[123.50919342041027,10.143429756164494],[123.50949859619163,10.143670082092399],[123.50977325439464,10.143890380859318],[123.5100326538086,10.144089698791618],[123.51029968261719,10.144289970398063],[123.51058197021518,10.144490242004622],[123.5108337402346,10.144740104675293],[123.51109313964855,10.145000457763672],[123.51133728027378,10.145279884338379],[123.51157379150402,10.145589828491211],[123.51178741455101,10.145939826965332],[123.51206970214855,10.146240234375],[123.51235961914085,10.146590232849121],[123.51270294189453,10.146920204162711],[123.51297760009766,10.147359848022518],[123.51334381103516,10.147780418396223],[123.51365661621094,10.148170471191463],[123.51393127441406,10.148500442504996],[123.51419067382858,10.148779869079704],[123.51439666748081,10.149040222167912],[123.51451873779342,10.14931964874279],[123.51467895507812,10.149539947509766],[123.51480865478516,10.149789810180721],[123.51496887207065,10.150050163269157],[123.51492309570324,10.150380134582576],[123.51492309570324,10.150799751281795],[123.51531219482433,10.151350021362305],[123.51582336425781,10.151840209960994],[123.51625061035168,10.152130126953125],[123.5166473388673,10.15231990814209],[123.51702117919933,10.152500152587947],[123.5170516967778,10.152520179748535],[123.51737976074264,10.152819633483944],[123.51759338378918,10.15320014953636],[123.51764678955078,10.1535902023316],[123.51754760742188,10.153949737548828],[123.51728820800781,10.154330253601074],[123.51686859130893,10.154760360717773],[123.51640319824219,10.155220031738338],[123.51602172851562,10.155699729919377],[123.5157470703125,10.156229972839355],[123.51558685302768,10.156760215759334],[123.51544952392578,10.15717983245861],[123.51545715332031,10.157320022583008],[123.51547241210983,10.157600402832145],[123.51551055908226,10.157699584960994],[123.51563262939453,10.158049583435059],[123.51580047607445,10.158530235290641],[123.51586914062511,10.15902042388916],[123.51584625244186,10.1593399047851],[123.51583099365234,10.159520149230957],[123.51571655273483,10.160050392150936],[123.51557159423828,10.160590171814022],[123.5155410766605,10.160699844360465],[123.51532745361374,10.161390304565373],[123.51521301269565,10.162019729614371],[123.5152587890625,10.162369728088493],[123.51528930664074,10.16254997253418],[123.51535034179722,10.16304016113287],[123.51555633544922,10.163439750671387],[123.5157470703125,10.163849830627669],[123.51580047607445,10.16431999206543],[123.51580810546875,10.164819717407283],[123.51622772216842,10.165309906005973],[123.51644897460949,10.165969848632926],[123.51670837402344,10.166390419006461],[123.51686859130893,10.16662979125988],[123.51698303222656,10.166799545288086],[123.51727294921875,10.167329788208065],[123.51750183105503,10.16790962219244],[123.51756286621139,10.168410301208553],[123.51757049560592,10.168560028076286],[123.51775360107467,10.16917991638195],[123.51795959472668,10.169819831848145],[123.51817321777355,10.170479774475098],[123.51844024658214,10.171059608459473],[123.5186996459961,10.171580314636344],[123.51889038085938,10.17206001281744],[123.51907348632812,10.17255020141613],[123.51920318603527,10.17306041717552],[123.51941680908226,10.173509597778263],[123.5196533203125,10.173979759216422],[123.51988983154308,10.174469947814941],[123.52011108398472,10.174980163574162],[123.52034759521496,10.175470352172852],[123.52057647705078,10.17590045928955],[123.52079010009766,10.176320075988826],[123.52088928222656,10.176819801330794],[123.52102661132824,10.17735958099371],[123.52113342285179,10.177949905395508],[123.52126312255893,10.178560256958235],[123.52129364013672,10.178899765014762],[123.52134704589844,10.179450035095442],[123.52149200439464,10.180100440979118],[123.52144622802768,10.18074989318842],[123.52162170410202,10.181400299072266],[123.52174377441406,10.182049751281795],[123.52189636230491,10.182649612426701],[123.52195739746139,10.18317985534668],[123.52210998535156,10.183650016784668],[123.52224731445312,10.184129714965934],[123.52250671386719,10.184619903564396],[123.52279663085938,10.185130119323844],[123.5231170654298,10.18560981750494],[123.52349853515636,10.185990333557186],[123.52388000488293,10.186300277710018],[123.52390289306663,10.186340332031477],[123.52416229248058,10.186599731445426],[123.52436828613315,10.186920166015682],[123.52443695068405,10.187029838562125],[123.53505706787132,10.1815700531007],[123.54752349853527,10.174200057983398],[123.5549774169923,10.169799804687614],[123.557167053223,10.168479919433707],[123.56626892089878,10.163200378417969],[123.57993316650436,10.15474987030052],[123.58255004882835,10.1531600952149],[123.59882354736374,10.143600463867244],[123.59172058105469,10.131369590759334],[123.58796691894543,10.125559806823958],[123.58522796630882,10.120739936828556]]]}},{"type":"Feature","properties":{"ID_0":177,"ISO":"PHL","NAME_0":"Philippines","ID_1":25,"NAME_1":"Cebu","ID_2":450,"NAME_2":"Bogo City","NL_NAME_2":null,"VARNAME_2":null,"TYPE_2":"Lungsod|Siyudad","ENGTYPE_2":"City","PROVINCE":"Cebu","REGION":"Central Visayas (Region VII)"},"geometry":{"type":"MultiPolygon","coordinates":[[[[123.951942443848,11.088330268859806],[123.95276641845726,11.08749961853033],[123.95330810546875,11.08753967285162],[123.95388793945324,11.087779998779297],[123.9541702270509,11.08749961853033],[123.95471954345703,11.08749961853033],[123.95500183105469,11.087779998779297],[123.95527648925781,11.087779998779297],[123.95555877685581,11.08749961853033],[123.9558334350586,11.08749961853033],[123.95610809326195,11.087220191955623],[123.95665740966808,11.087220191955623],[123.9569473266605,11.086939811706657],[123.95777893066452,11.086939811706657],[123.95805358886719,11.087220191955623],[123.95834350585938,11.087220191955623],[123.95861053466831,11.086939811706657],[123.9591674804692,11.086939811706657],[123.9594421386721,11.086669921875114],[123.95971679687511,11.086669921875114],[123.96028137207043,11.08611011505127],[123.96056365966808,11.08611011505127],[123.96083068847702,11.085829734802303],[123.96111297607422,11.085829734802303],[123.96250152587913,11.084440231323299],[123.96278381347679,11.084440231323299],[123.96333312988293,11.083889961242733],[123.96360778808594,11.083889961242733],[123.96415710449219,11.083330154418945],[123.96444702148438,11.083330154418945],[123.96498107910179,11.082790374755803],[123.96420288085972,11.081430435180664],[123.96489715576217,11.080490112304744],[123.9651870727539,11.079919815063477],[123.96540832519577,11.07948017120384],[123.96588897705078,11.078820228576717],[123.96621704101585,11.078359603882063],[123.96711730957031,11.077980041503906],[123.96739196777378,11.077099800109863],[123.96853637695347,11.075650215148983],[123.96888732910179,11.076160430908203],[123.96910095214878,11.07643985748291],[123.96874237060547,11.077369689941406],[123.96996307373047,11.076919555664176],[123.97184753417991,11.077369689941406],[123.97223663330078,11.077509880065975],[123.9722671508789,11.077529907226506],[123.97292327880893,11.077779769897688],[123.97360992431686,11.07798957824707],[123.97469329834018,11.077460289001579],[123.9752197265625,11.077099800109863],[123.9756317138673,11.076820373535156],[123.9764633178711,11.076069831848201],[123.97680664062523,11.075300216675032],[123.97666168212936,11.074669837951774],[123.9770278930664,11.073479652404842],[123.97722625732422,11.072970390319881],[123.97743225097702,11.07244014739996],[123.97733306884766,11.071319580078182],[123.97675323486328,11.06991004943859],[123.9762115478519,11.069379806518612],[123.97543334960938,11.069160461425781],[123.97482299804722,11.068960189819336],[123.97543334960938,11.068329811096248],[123.97682189941406,11.067139625549316],[123.97715759277355,11.066419601440373],[123.9774169921875,11.065859794616756],[123.97812652587925,11.065629959106445],[123.97947692871116,11.066260337829533],[123.98030090332043,11.067159652710075],[123.98091125488327,11.068499565124512],[123.9812698364259,11.069939613342228],[123.98124694824264,11.070980072021484],[123.98085784912155,11.070949554443303],[123.9800033569336,11.069829940796012],[123.97989654541016,11.069029808044661],[123.97928619384788,11.06842041015625],[123.97891998291016,11.069990158081112],[123.98040771484409,11.07149982452404],[123.98161315917969,11.072330474853516],[123.9821472167971,11.07324028015148],[123.98282623291061,11.073390007019157],[123.98278045654308,11.073329925537166],[123.98304748535156,11.073060035705623],[123.98332977294922,11.073060035705623],[123.98361206054688,11.0727796554566],[123.98528289794933,11.0727796554566],[123.98551940917969,11.073019981384334],[123.98555755615268,11.073060035705623],[123.98583221435558,11.073060035705623],[123.98665618896518,11.073889732360783],[123.98665618896518,11.074170112609977],[123.98750305175781,11.074999809265137],[123.98750305175781,11.07555961608898],[123.98777770996139,11.07583045959484],[123.98777770996139,11.07610988616949],[123.98805236816429,11.076390266418457],[123.98860931396518,11.076390266418457],[123.98889160156261,11.076669692993164],[123.98916625976562,11.076390266418457],[123.98999786376953,11.076390266418457],[123.99021148681686,11.076180458068961],[123.99083709716842,11.07555961608898],[123.99083709716842,11.074720382690487],[123.99138641357433,11.074170112609977],[123.99166870117222,11.074170112609977],[123.99305725097656,11.0727796554566],[123.99333190918003,11.0727796554566],[123.99360656738281,11.07250022888195],[123.99453735351585,11.07250022888195],[123.99472045898472,11.07250022888195],[123.99495697021484,11.072259902954102],[123.99500274658214,11.072219848632812],[123.99527740478527,11.072219848632812],[123.9955062866211,11.071990013122502],[123.9958267211914,11.071669578552246],[123.99610900878906,11.071669578552246],[123.99694824218784,11.070830345153752],[123.99694824218784,11.07056045532238],[123.99722290039062,11.070280075073242],[123.99722290039062,11.069729804992733],[123.99722290039062,11.06906986236578],[123.99722290039062,11.068329811096248],[123.99762725830078,11.067919731140137],[123.99777984619163,11.067779541015739],[123.99777984619163,11.067500114440861],[123.99770355224655,11.067410469055176],[123.99722290039062,11.066940307617244],[123.99722290039062,11.066149711609],[123.99722290039062,11.06610965728754],[123.9958267211914,11.064720153808707],[123.99555206298874,11.064720153808707],[123.99527740478527,11.06443977355957],[123.99516296386764,11.06443977355957],[123.99500274658214,11.06443977355957],[123.99416351318382,11.063610076904354],[123.99416351318382,11.063329696655387],[123.99388885498092,11.063059806823844],[123.99388885498092,11.0625],[123.99360656738281,11.062219619751033],[123.99360656738281,11.060830116271973],[123.99388885498092,11.06056022644043],[123.99388885498092,11.05916976928711],[123.99416351318382,11.058890342712402],[123.99416351318382,11.05832958221447],[123.99472045898472,11.057780265808049],[123.99472045898472,11.057220458984432],[123.99500274658214,11.056949615478743],[123.99639129638672,11.055560111999569],[123.99639129638672,11.055279731750545],[123.9958267211914,11.054719924926758],[123.9958267211914,11.053609848022575],[123.99694824218784,11.052499771118221],[123.99749755859398,11.051939964294547],[123.99777984619163,11.051939964294547],[123.99804687500011,11.051670074463004],[123.99833679199253,11.051939964294547],[123.99858856201172,11.051939964294547],[123.99944305419922,11.051939964294547],[123.9996566772461,11.051730155944824],[123.9997329711914,11.051670074463004],[124.00000000000034,11.051939964294547],[124.00026702880882,11.051670074463004],[124.00055694580124,11.051670074463004],[124.00105285644531,11.051529884338606],[124.00166320800793,11.051950454711971],[124.00195312500011,11.052220344543514],[124.00235748291038,11.052220344543514],[124.00277709960938,11.052780151367188],[124.00222015380905,11.053609848022575],[124.00250244140625,11.053890228271712],[124.00277709960938,11.053890228271712],[124.00305175781284,11.054169654846191],[124.00314331054688,11.054169654846191],[124.00360870361374,11.054169654846191],[124.00389862060547,11.05403041839611],[124.00393676757858,11.053999900817985],[124.00431823730514,11.053939819335938],[124.00463867187534,11.053979873657227],[124.00501251220737,11.054070472717399],[124.00508117675827,11.054080009460506],[124.00552368164108,11.05412960052496],[124.0061264038086,11.05414962768566],[124.00640106201172,11.054160118103255],[124.00681304931652,11.054169654846191],[124.0073471069336,11.054229736328239],[124.0074691772461,11.054240226745662],[124.00756072998092,11.054280281066951],[124.00805664062511,11.054470062256087],[124.00847625732422,11.054750442504883],[124.00855255126964,11.054800033569279],[124.00897979736328,11.055179595947266],[124.00920867919956,11.055379867553711],[124.00940704345737,11.055549621582145],[124.00982666015625,11.055910110473633],[124.01023101806686,11.056209564209041],[124.01058197021484,11.056500434875488],[124.01071166992188,11.056619644165039],[124.0108871459961,11.056779861450309],[124.01110839843761,11.057120323181152],[124.01126098632847,11.057479858398551],[124.01141357421886,11.057820320129338],[124.01158905029308,11.058050155639648],[124.01196289062511,11.058099746704215],[124.01216888427746,11.058150291442928],[124.01235961914074,11.058199882507324],[124.01260375976562,11.058309555053768],[124.01286315917969,11.058420181274641],[124.01344299316406,11.058629989624023],[124.01407623291027,11.058710098266545],[124.014686584473,11.058509826660156],[124.01516723632812,11.058190345764217],[124.01560974121105,11.057900428772086],[124.01603698730469,11.057669639587346],[124.01644897460949,11.057450294494856],[124.01685333251976,11.057270050048828],[124.01724243164085,11.057220458984432],[124.01761627197288,11.057259559631575],[124.01801300048828,11.057290077209586],[124.0184097290039,11.057209968567008],[124.01882171630905,11.057209968567008],[124.01927185058628,11.057250022888297],[124.0197525024414,11.057160377502385],[124.02027130126987,11.05706977844244],[124.020790100098,11.057149887084961],[124.02129364013717,11.057209968567008],[124.0217437744144,11.057270050048828],[124.02214050292969,11.057410240173397],[124.02252960205078,11.057589530944767],[124.02295684814476,11.057780265808049],[124.02340698242199,11.05797004699707],[124.02388763427746,11.058039665222225],[124.02433776855469,11.058119773864746],[124.02469635009766,11.058309555053768],[124.02509307861328,11.058540344238338],[124.02552795410168,11.05867958068859],[124.0256271362307,11.05871963500988],[124.0262908935548,11.058699607849121],[124.0265579223634,11.058540344238509],[124.02686309814464,11.058360099792651],[124.02729034423828,11.057950019836483],[124.02770233154308,11.057629585266056],[124.02812194824219,11.057450294494856],[124.02851867675781,11.057439804077262],[124.02886199951229,11.057439804077262],[124.02918243408237,11.057459831237793],[124.02951049804699,11.057510375976506],[124.02989196777355,11.05762004852295],[124.030380249024,11.057709693908805],[124.03101348876953,11.057760238647688],[124.03173828125023,11.057769775390625],[124.03234100341797,11.057700157165698],[124.03285217285168,11.057570457458723],[124.03288269042991,11.057539939880371],[124.03292083740234,11.05751991271984],[124.03323364257824,11.057290077209757],[124.03354644775413,11.056960105895996],[124.03382873535179,11.056610107421875],[124.03404235839844,11.056229591369629],[124.03424072265625,11.055870056152571],[124.0344467163086,11.055589675903377],[124.03468322753918,11.055390357971476],[124.03495025634777,11.055279731750545],[124.0353012084961,11.055250167846907],[124.0357131958009,11.055250167846907],[124.03610992431697,11.055270195007438],[124.03645324707031,11.055339813232592],[124.03674316406295,11.05548000335699],[124.03710174560547,11.055549621582315],[124.0374984741211,11.055669784545955],[124.03790283203136,11.055839538574219],[124.03830718994152,11.0560302734375],[124.03875732421875,11.05613040924078],[124.03919219970703,11.056260108947754],[124.03962707519543,11.056400299072322],[124.04010772705135,11.056529998779297],[124.04065704345703,11.056570053100586],[124.04081726074253,11.05652046203636],[124.04094696044967,11.0564804077149],[124.04120635986362,11.056409835815487],[124.04158782959018,11.055950164794922],[124.04184722900413,11.055430412292765],[124.04213714599678,11.054969787597713],[124.04234313964878,11.054550170898494],[124.04237365722656,11.054109573364371],[124.0422286987307,11.053700447082747],[124.04203796386741,11.053299903869743],[124.0418167114259,11.052880287170467],[124.0416336059576,11.052399635315112],[124.04136657714866,11.051969528198242],[124.04105377197277,11.051609992981184],[124.04074859619186,11.051289558410929],[124.04049682617244,11.050909996032942],[124.04046630859375,11.050809860229663],[124.04032135009788,11.050370216369856],[124.04015350341797,11.04981994628912],[124.04000854492199,11.049289703369368],[124.03987884521484,11.048749923706055],[124.03975677490234,11.048190116882608],[124.03964996337913,11.047610282898233],[124.03942871093761,11.047120094299544],[124.03914642333996,11.046710014343205],[124.03883361816406,11.04634952545166],[124.03843688964844,11.04601001739519],[124.03804016113281,11.045590400695914],[124.03764343261741,11.045109748840332],[124.03735351562511,11.044529914855957],[124.03727722167969,11.043869972229004],[124.03733062744152,11.043210029602278],[124.03749084472656,11.042610168457145],[124.03761291503906,11.042039871215877],[124.03753662109386,11.04148006439226],[124.03748321533203,11.040909767150993],[124.03737640380928,11.040369987488077],[124.03742218017578,11.039879798889388],[124.03759002685547,11.039469718933049],[124.03772735595714,11.03909015655529],[124.03780364990234,11.038689613342285],[124.03785705566406,11.038299560546875],[124.03801727294979,11.037940025329817],[124.03814697265659,11.037579536438102],[124.03829956054699,11.037220001220874],[124.03840637207054,11.036829948425293],[124.03856658935547,11.036439895629883],[124.03868865966808,11.03600978851324],[124.03883361816406,11.035610198974666],[124.03887176513683,11.035189628601131],[124.03885650634777,11.034740447998047],[124.03880310058594,11.034290313720817],[124.03885650634777,11.033860206604118],[124.03897857666038,11.033430099487248],[124.03914642333996,11.033020019531307],[124.03933715820324,11.032569885253906],[124.03946685791061,11.03207015991211],[124.0395736694336,11.031559944152832],[124.03943634033214,11.031020164489746],[124.03926849365257,11.030460357666072],[124.03912353515625,11.029899597167969],[124.03903198242233,11.029609680175895],[124.03896331787143,11.029370307922477],[124.03896331787143,11.028900146484318],[124.03912353515625,11.028510093688965],[124.03913879394531,11.028459548950252],[124.03926849365257,11.028109550476131],[124.03943634033214,11.027729988098145],[124.03959655761719,11.027319908142204],[124.03970336914062,11.026880264282227],[124.0397186279298,11.026410102844238],[124.03972625732456,11.025939941406307],[124.03971099853516,11.025489807128906],[124.03965759277389,11.025090217590389],[124.03951263427734,11.02476024627697],[124.03938293457031,11.024470329284725],[124.03923797607433,11.024189949035701],[124.0392074584961,11.024100303649846],[124.0391769409182,11.023949623108024],[124.03916168212925,11.023870468139762],[124.03906250000011,11.023550033569336],[124.03888702392601,11.023349761962947],[124.03868103027355,11.023189544677962],[124.03849029541027,11.022950172424373],[124.03838348388683,11.022600173950309],[124.03832244873092,11.022179603576717],[124.03825378417969,11.02173995971674],[124.03813171386764,11.021320343017692],[124.03809356689464,11.020850181579704],[124.03807830810592,11.02038955688488],[124.03809356689464,11.019920349121207],[124.03810882568371,11.019459724426383],[124.03816986083984,11.019049644470272],[124.0382690429692,11.018659591675032],[124.03830718994152,11.018469810485897],[124.0383529663086,11.018380165100211],[124.0383529663086,11.018340110778922],[124.03836059570312,11.018300056457633],[124.03852081298874,11.017950057983512],[124.03883361816406,11.017649650573787],[124.03914642333996,11.017299652099666],[124.03946685791061,11.016889572143555],[124.0397186279298,11.016429901123047],[124.03991699218784,11.01599025726324],[124.04007720947266,11.015439987182674],[124.0402984619144,11.014940261841048],[124.04052734375,11.014430046081657],[124.04061889648483,11.01410961151123],[124.04067230224621,11.013910293579102],[124.04062652587925,11.0133695602417],[124.04058837890636,11.012829780578613],[124.04061889648483,11.01229000091547],[124.04074859619186,11.01177978515625],[124.04096984863293,11.011300086975154],[124.04122161865234,11.010840415954647],[124.04122161865234,11.010339736938533],[124.04112243652344,11.010080337524414],[124.04103088378906,11.009819984436149],[124.04103088378906,11.00932979583763],[124.04116821289074,11.008870124816895],[124.04135131835949,11.008419990539494],[124.04145050048862,11.007989883422852],[124.04155731201195,11.007459640503043],[124.04151153564499,11.006919860839957],[124.04152679443371,11.00640964508051],[124.04168701171875,11.005949974060172],[124.04185485839844,11.005439758300724],[124.04192352294933,11.005270004272461],[124.04194641113327,11.005209922790641],[124.04194641113327,11.005000114440918],[124.04209899902355,11.004850387573242],[124.04222106933616,11.004719734191951],[124.04222106933616,11.004500389099121],[124.04222106933616,11.004170417785758],[124.0423965454105,11.0039901733399],[124.04250335693371,11.003890037536564],[124.04250335693371,11.00370025634777],[124.04250335693371,11.002679824829102],[124.04250335693371,11.002220153808594],[124.0423965454105,11.002120018005485],[124.04222106933616,11.001939773559627],[124.04222106933616,11.001669883728027],[124.04250335693371,11.001390457153548],[124.04250335693371,11.000559806823674],[124.04305267333996,11],[124.04313659667969,10.99948978424078],[124.04337310791038,10.998940467834586],[124.043701171875,10.998129844665641],[124.04374694824241,10.998009681701774],[124.04354858398472,10.997659683227482],[124.04337310791038,10.997269630432072],[124.04329681396518,10.996990203857422],[124.04325103759777,10.996820449829329],[124.0433502197269,10.996279716491756],[124.04341125488281,10.996150016784782],[124.0436019897461,10.995770454406795],[124.04370880126953,10.99522972106945],[124.04360961914108,10.994770050049055],[124.04358673095703,10.994660377502441],[124.04369354248047,10.994119644165096],[124.04389953613281,10.993430137634277],[124.04406738281284,10.992770195007324],[124.04434967041016,10.992489814758358],[124.04448699951183,10.99215030670166],[124.04460906982445,10.991789817810286],[124.04474639892578,10.991390228271598],[124.04489898681663,10.990949630737305],[124.0448913574221,10.990489959716797],[124.04477691650402,10.990079879760856],[124.0446929931644,10.989680290222111],[124.04448699951183,10.989410400390568],[124.04424285888717,10.989179611205998],[124.04399871826217,10.988889694213924],[124.04395294189453,10.988739967346191],[124.04385375976608,10.988419532775936],[124.04386901855503,10.987870216369743],[124.04387664794956,10.98777961730957],[124.04395294189453,10.987319946289006],[124.04379272460938,10.98678016662609],[124.04344177246105,10.986310005187988],[124.0430831909182,10.985870361328182],[124.0430831909182,10.985360145568904],[124.04322814941452,10.984530448913517],[124.04332733154297,10.983830451965332],[124.04342651367233,10.983149528503532],[124.04350280761719,10.981769561767635],[124.04342651367233,10.98066043853754],[124.04357147216797,10.979900360107479],[124.04361724853561,10.979149818420353],[124.04395294189453,10.978770256042594],[124.0441665649414,10.978349685669059],[124.04432678222679,10.977910041809025],[124.04444122314487,10.977410316467399],[124.04447174072266,10.97721004486084],[124.04448699951183,10.977044105529728],[124.03318786621128,10.979470252990836],[124.01938629150436,10.981579780578613],[123.98988342285202,10.986379623413086],[123.98645782470737,10.986909866333065],[123.98242950439476,10.98328971862793],[123.97666931152389,10.978670120239315],[123.97376251220703,10.975729942321777],[123.97052764892578,10.973589897155819],[123.96716308593761,10.972399711608944],[123.96395874023472,10.971119880676326],[123.96044158935547,10.970609664917049],[123.95787811279297,10.971260070800895],[123.95271301269531,10.97772026062023],[123.95545959472656,10.986989974975813],[123.95742797851574,10.99483966827404],[123.95890808105469,11.000249862670842],[123.96008300781261,11.008819580078239],[123.96045684814499,11.01420974731451],[123.96063232421875,11.017660140991211],[123.96096801757835,11.02262020111084],[123.96045684814499,11.03030967712408],[123.95997619628906,11.033220291137752],[123.95935058593773,11.036600112915039],[123.95847320556675,11.043459892272892],[123.95659637451172,11.05403041839611],[123.95565795898438,11.066309928894157],[123.95459747314499,11.072879791259766],[123.95301818847702,11.082799911499137],[123.95184326171875,11.086739540100098],[123.95146179199219,11.087439537048283],[123.95053863525436,11.088319778442383],[123.9508438110355,11.088330268859806],[123.9511108398442,11.088060379028434],[123.9513931274414,11.088330268859806],[123.951942443848,11.088330268859806]]]]}},{"type":"Feature","properties":{"ID_0":177,"ISO":"PHL","NAME_0":"Philippines","ID_1":25,"NAME_1":"Cebu","ID_2":451,"NAME_2":"Boljoon","NL_NAME_2":null,"VARNAME_2":null,"TYPE_2":"Bayan|Munisipyo","ENGTYPE_2":"Municipality","PROVINCE":"Cebu","REGION":"Central Visayas (Region VII)"},"geometry":{"type":"Polygon","coordinates":[[[123.47039794921898,9.583279609680176],[123.47041320800781,9.583180427551326],[123.433387756348,9.60214996337902],[123.42373657226574,9.607210159301701],[123.40773010253918,9.615220069885254],[123.39304351806652,9.622440338134822],[123.39848327636753,9.63805007934576],[123.40200042724621,9.64865970611578],[123.4058837890625,9.6565198898316],[123.41520690918003,9.677459716797102],[123.42356109619152,9.690279960632381],[123.45095825195312,9.681940078735465],[123.4602203369144,9.678640365600529],[123.47752380371105,9.672419548034782],[123.48116302490246,9.671449661254996],[123.48429107666016,9.6706800460816],[123.4882431030278,9.66977977752697],[123.49147033691418,9.669050216674918],[123.49571228027344,9.668279647827205],[123.49712371826172,9.667819976806868],[123.4973831176759,9.667730331421012],[123.49807739257812,9.667510032654036],[123.50121307373092,9.665909767150993],[123.50171661376953,9.665510177612305],[123.501708984375,9.665470123291016],[123.50145721435547,9.664850234985352],[123.50106048583984,9.664409637451229],[123.50061798095714,9.664050102234],[123.50026702880905,9.663720130920467],[123.4999771118164,9.663450241088867],[123.49977111816429,9.66310977935791],[123.49951171875034,9.662839889526367],[123.49922943115234,9.662579536438102],[123.498779296875,9.662360191345442],[123.49816131591842,9.662190437317008],[123.49752807617188,9.661979675293026],[123.49688720703136,9.661860466003475],[123.49653625488304,9.661700248718489],[123.49638366699219,9.661629676818904],[123.4961929321289,9.661450386047306],[123.49594116210972,9.661259651184025],[123.49559020996094,9.660920143127555],[123.49529266357445,9.66051959991455],[123.49507904052746,9.660050392150879],[123.49495697021484,9.659529685974178],[123.49472808837936,9.659049987792912],[123.49449157714889,9.658570289611873],[123.49427032470703,9.658080101013184],[123.49400329589844,9.657609939575195],[123.49369812011719,9.6571302413941],[123.49346923828159,9.656550407409895],[123.49311065673828,9.656040191650504],[123.49275207519531,9.65552043914795],[123.49253082275413,9.655289649963379],[123.49234771728516,9.65507030487072],[123.49212646484409,9.65447998046875],[123.4919204711914,9.653869628906364],[123.4916687011721,9.653240203857422],[123.49143218994186,9.652580261230469],[123.49134063720703,9.651880264282227],[123.49111175537155,9.65126991271967],[123.49085235595703,9.650690078735295],[123.49064636230469,9.650090217590389],[123.49047851562545,9.649479866027832],[123.4902572631836,9.648889541626204],[123.4900131225586,9.648369789123649],[123.48972320556686,9.64783954620367],[123.48944091796875,9.647339820862044],[123.48915100097702,9.646849632263184],[123.48883056640659,9.646369934082259],[123.48856353759766,9.645850181579533],[123.48832702636741,9.645350456237907],[123.48809814453125,9.644900321960506],[123.48800659179733,9.644439697265682],[123.48784637451183,9.644040107727164],[123.48777770996094,9.643630027770996],[123.48773193359386,9.643250465393066],[123.48757171630882,9.64295959472662],[123.48748016357467,9.64264011383068],[123.4873504638673,9.642339706420955],[123.4872436523442,9.642000198364315],[123.48716735839878,9.641570091247786],[123.48696899414074,9.641169548034782],[123.48681640625,9.640709877014274],[123.48664093017578,9.640239715576286],[123.4863967895509,9.639829635620345],[123.48621368408237,9.639410018920898],[123.48605346679688,9.638979911804256],[123.48583221435581,9.638609886169377],[123.48564147949253,9.638250350952148],[123.48557281494186,9.637860298156738],[123.48552703857467,9.637450218200797],[123.48541259765625,9.637089729309082],[123.48528289794945,9.636699676513672],[123.48516082763683,9.636280059814453],[123.4850234985355,9.635840415954647],[123.48489379882835,9.635359764099064],[123.48464965820312,9.634929656982422],[123.48436737060547,9.634499549865723],[123.48430633544956,9.634429931640568],[123.48404693603561,9.634090423584041],[123.48384094238293,9.633589744567928],[123.48359680175781,9.633139610290527],[123.48336029052768,9.632719993591309],[123.48320770263672,9.632300376892204],[123.48291015625045,9.631979942321777],[123.48252105712936,9.631779670715389],[123.48211669921886,9.63158035278343],[123.4816665649414,9.63136959075922],[123.48126220703159,9.63109016418457],[123.48091125488281,9.630729675293196],[123.48069000244175,9.630260467529354],[123.48053741455078,9.629750251770133],[123.48036956787155,9.629260063171444],[123.48036193847656,9.628769874572754],[123.48052215576172,9.628299713134766],[123.48069000244175,9.627809524536076],[123.48081207275436,9.627289772033748],[123.48082733154331,9.62670040130638],[123.48082733154331,9.626079559326229],[123.48082733154331,9.625430107116756],[123.48082733154331,9.624799728393668],[123.48082733154331,9.62423038482666],[123.48078918457043,9.623860359192008],[123.4807815551759,9.6237602233889],[123.48062133789108,9.623370170593319],[123.48053741455078,9.622989654541072],[123.48037719726608,9.622619628906193],[123.48016357421875,9.622249603271541],[123.47985076904342,9.621910095214844],[123.47958374023438,9.621540069580192],[123.47928619384811,9.62123012542736],[123.4790267944336,9.620940208435059],[123.47886657714855,9.620599746704102],[123.4786834716798,9.62024974822998],[123.47849273681652,9.619870185851994],[123.4783325195317,9.61944961547863],[123.47817993164062,9.619009971618652],[123.47802734375023,9.618579864501953],[123.477821350098,9.618160247802734],[123.47773742675793,9.617910385131893],[123.4776535034182,9.617670059204215],[123.4774169921875,9.617139816284407],[123.47711944580078,9.616580009460392],[123.47675323486374,9.616080284118766],[123.47643280029331,9.615590095520247],[123.47614288330078,9.615139961242676],[123.47593688964866,9.61470031738304],[123.47577667236328,9.614299774170036],[123.4755630493164,9.613980293273926],[123.47535705566429,9.613670349121094],[123.47525024414074,9.613309860229549],[123.47509002685592,9.612990379333553],[123.47501373291016,9.612629890441838],[123.47495269775402,9.612250328064079],[123.47473907470703,9.611909866333065],[123.47454071044922,9.611470222473088],[123.47441101074241,9.610879898071289],[123.4741897583009,9.610250473022518],[123.47411346435558,9.609970092773551],[123.47400665283237,9.609569549560547],[123.47382354736362,9.608940124511719],[123.47360229492188,9.608400344848633],[123.47338104248081,9.60795974731451],[123.47334289550793,9.60750961303711],[123.47332763671886,9.607099533081168],[123.47334289550793,9.60673999786377],[123.47334289550793,9.606389999389648],[123.47334289550793,9.606049537658635],[123.47334289550793,9.605680465698299],[123.4733581542971,9.605259895324764],[123.47350311279342,9.604840278625488],[123.47368621826172,9.604379653930664],[123.47383117675804,9.604100227355957],[123.47384643554688,9.604060173034668],[123.47393035888695,9.603899955749739],[123.47422790527344,9.603440284729004],[123.4746322631836,9.603039741516227],[123.47493743896484,9.602780342102108],[123.47505950927746,9.602669715881348],[123.47538757324219,9.602540016174373],[123.47561645507824,9.602439880371094],[123.47619628906261,9.60221004486084],[123.47678375244152,9.601940155029297],[123.47730255126953,9.601650238037166],[123.47770690918014,9.601289749145451],[123.47786712646484,9.6010103225708],[123.47794342041061,9.600890159606934],[123.47796630859409,9.600480079650993],[123.4777297973634,9.600099563598746],[123.47738647460972,9.599749565124625],[123.47699737548874,9.599450111389217],[123.47664642333984,9.59916973114025],[123.4763412475586,9.59887981414795],[123.47606658935547,9.598580360412711],[123.47580718994152,9.598310470581168],[123.4755630493164,9.598050117492733],[123.47535705566429,9.59778022766136],[123.47516632080101,9.597499847412223],[123.47492218017578,9.597209930419922],[123.47464752197311,9.596870422363224],[123.47454833984375,9.596770286560115],[123.47429656982433,9.59652042388916],[123.47395324707065,9.596170425415039],[123.4737777709961,9.59599971771246],[123.47363281250034,9.595849990844783],[123.47335052490246,9.595560073852653],[123.47316741943382,9.595259666442985],[123.47305297851597,9.594969749450684],[123.47289276123047,9.59469985961914],[123.47276306152355,9.59440994262701],[123.47260284423874,9.594099998474178],[123.47251892089844,9.593689918518066],[123.4725036621096,9.593170166015682],[123.47245788574219,9.592599868774471],[123.47228240966808,9.592049598693904],[123.47218322753918,9.591489791870117],[123.47197723388717,9.590990066528263],[123.47184753418014,9.590479850769043],[123.47168731689453,9.58998012542719],[123.47167205810581,9.589449882507438],[123.47165679931686,9.588930130004883],[123.47161865234386,9.588450431823958],[123.47144317626964,9.588040351867676],[123.47138977050781,9.587610244750977],[123.47135925292991,9.587169647216854],[123.47122192382858,9.586770057678166],[123.47109222412143,9.58633041381836],[123.47090911865268,9.585869789123535],[123.47080993652344,9.585370063781738],[123.47078704834007,9.585309982299862],[123.47067260742199,9.585020065307617],[123.47055053710938,9.58473968505865],[123.47032928466831,9.5841703414917],[123.47032165527389,9.583580017089844],[123.47039794921898,9.583279609680176]]]}},{"type":"Feature","properties":{"ID_0":177,"ISO":"PHL","NAME_0":"Philippines","ID_1":25,"NAME_1":"Cebu","ID_2":452,"NAME_2":"Borbon","NL_NAME_2":null,"VARNAME_2":null,"TYPE_2":"Bayan|Munisipyo","ENGTYPE_2":"Municipality","PROVINCE":"Cebu","REGION":"Central Visayas (Region VII)"},"geometry":{"type":"Polygon","coordinates":[[[124.00946044921875,10.886409759521541],[124.00993347167969,10.886389732360783],[124.01048278808639,10.886619567871037],[124.01100921630871,10.886770248413086],[124.01171875,10.886930465698356],[124.01206207275402,10.886799812316895],[124.01229095458984,10.886719703674373],[124.01309967041061,10.886030197143555],[124.0139312744144,10.885399818420638],[124.01461791992233,10.8858003616333],[124.01542663574241,10.88584041595459],[124.01611328125,10.886329650879134],[124.01669311523438,10.887140274048079],[124.01759338378918,10.888130187988224],[124.01793670654331,10.888010025024414],[124.01905059814476,10.88764953613287],[124.01925659179733,10.887559890747184],[124.02002716064487,10.887220382690487],[124.02037811279308,10.887350082397461],[124.02092742919933,10.887539863586426],[124.02150726318371,10.888339996338118],[124.02178955078136,10.888199806213379],[124.02214050292969,10.888030052185286],[124.02345275878952,10.887829780578727],[124.02446746826206,10.888469696044922],[124.02536773681675,10.888930320739746],[124.02674865722668,10.889739990234432],[124.0281600952153,10.890569686889592],[124.02922821044933,10.890469551086483],[124.03000640869175,10.889909744262638],[124.03051757812534,10.889260292053336],[124.03151702880871,10.88903999328619],[124.03189849853527,10.88893985748291],[124.0318069458009,10.888420104980526],[124.0322418212894,10.887499809265137],[124.0328369140625,10.887069702148494],[124.03353881835949,10.886739730835075],[124.0347824096682,10.886210441589583],[124.0351333618164,10.885869979858398],[124.03582000732433,10.885250091552734],[124.03621673584007,10.885109901428166],[124.0369796752932,10.88523960113531],[124.03742980957043,10.885640144348145],[124.03795623779331,10.886320114135856],[124.0386581420903,10.887229919433594],[124.03954315185581,10.887040138244629],[124.04031372070335,10.886560440063533],[124.04099273681686,10.885789871215877],[124.04135894775402,10.88521957397461],[124.04165649414085,10.884280204773006],[124.04152679443371,10.883390426635742],[124.04193878173851,10.882430076599121],[124.04254913330078,10.881939888000602],[124.04387664794956,10.88123989105219],[124.04472351074219,10.8811998367309],[124.04548645019531,10.881609916687069],[124.04670715332054,10.881770133972168],[124.04856872558639,10.881839752197322],[124.0494537353519,10.881429672241211],[124.05003356933628,10.879969596862907],[124.05000305175781,10.879229545593375],[124.05032348632824,10.878840446472282],[124.05049133300793,10.878729820251579],[124.05040740966831,10.878680229186955],[124.04963684082043,10.87806034088129],[124.04888916015659,10.877309799194393],[124.04886627197266,10.87703990936285],[124.04881286621139,10.876740455627441],[124.04871368408226,10.876540184020996],[124.04863739013706,10.87639045715332],[124.04859161376964,10.875969886779785],[124.04846954345703,10.87555027008068],[124.04833984375,10.87510013580345],[124.04823303222679,10.874650001525879],[124.0480575561528,10.874250411987362],[124.04788970947266,10.873849868774528],[124.04773712158237,10.87341022491455],[124.04754638671909,10.87300014495861],[124.0475006103519,10.872520446777344],[124.04749298095737,10.87201976776123],[124.04747772216842,10.871529579162711],[124.04743194580124,10.871049880981445],[124.04734802246105,10.870619773864746],[124.04724121093795,10.870229721069336],[124.04720306396484,10.869879722595272],[124.04709625244186,10.869580268859863],[124.04698181152378,10.869279861450309],[124.04694366455078,10.868889808654728],[124.04691314697311,10.86874961853033],[124.04685974121139,10.868459701538086],[124.0467529296875,10.867989540100098],[124.04660797119163,10.8674898147583],[124.04628753662155,10.867119789123592],[124.04596710205112,10.866780281066951],[124.04573822021496,10.866379737854118],[124.04553222656261,10.865960121154842],[124.04527282714866,10.86555004119873],[124.04498291015636,10.86513996124279],[124.04463958740268,10.864760398864973],[124.04425048828159,10.864410400390682],[124.04390716552734,10.864029884338436],[124.04364013671886,10.86365032196045],[124.04350280761719,10.863240242004508],[124.04332733154297,10.862919807434082],[124.0431900024414,10.862629890441951],[124.04303741455124,10.862369537353572],[124.04284667968795,10.86211967468273],[124.04270172119163,10.861809730529899],[124.04241180419945,10.861579895019645],[124.04206085205078,10.861370086669922],[124.04173278808605,10.861109733581657],[124.04141998291016,10.860870361328068],[124.04122161865234,10.860710144042969],[124.04115295410168,10.860659599304427],[124.04096984863293,10.860429763794002],[124.04077148437511,10.86021995544445],[124.0406112670903,10.860010147094727],[124.04058837890636,10.859979629516602],[124.04055786132858,10.85966968536377],[124.0405502319336,10.859290122985954],[124.0405502319336,10.858830451965446],[124.04055786132858,10.858309745788574],[124.04058074951183,10.8577499389649],[124.04071807861328,10.857219696044979],[124.04081726074253,10.856739997863883],[124.04084014892578,10.856329917907715],[124.04087066650425,10.855990409851074],[124.04090118408203,10.855930328369197],[124.04097747802746,10.85571002960205],[124.04107666015648,10.855420112609977],[124.04110717773438,10.855079650878963],[124.04112243652344,10.854769706726131],[124.04112243652344,10.854700088501033],[124.04120635986362,10.85431957244873],[124.04132843017624,10.85416030883789],[124.04148864746094,10.853949546814079],[124.04167175292969,10.853429794311523],[124.04170227050827,10.853329658508414],[124.0418167114259,10.852890014648438],[124.04193115234386,10.85235977172863],[124.04193878173851,10.851819992065543],[124.04184722900413,10.851300239562988],[124.04151153564499,10.850870132446289],[124.04149627685547,10.850469589233512],[124.04141235351562,10.850079536438102],[124.04141998291016,10.849599838256836],[124.04152679443371,10.84922027587885],[124.04144287109409,10.848979949951172],[124.04084777832031,10.847319602966309],[124.04083251953125,10.84727954864502],[124.04070281982445,10.846710205078239],[124.04048156738293,10.84582996368431],[124.0402069091798,10.844929695129508],[124.03999328613327,10.844030380248967],[124.03991699218784,10.843199729919661],[124.03936767578148,10.842510223388672],[124.03825378417969,10.841540336608887],[124.03740692138672,10.84064960479742],[124.03678894042991,10.84016036987299],[124.03553009033237,10.840020179748592],[124.03489685058639,10.840439796447868],[124.03323364257824,10.840579986572266],[124.03286743164097,10.84037971496582],[124.03260040283249,10.840229988098145],[124.03211212158226,10.838850021362418],[124.03205871582031,10.838290214538574],[124.03196716308594,10.837470054626522],[124.03196716308594,10.836959838867244],[124.03196716308594,10.836150169372786],[124.03204345703159,10.835320472717228],[124.03218841552746,10.835009574890137],[124.03205108642612,10.834050178527946],[124.03199768066418,10.833680152893066],[124.03191375732456,10.83308029174816],[124.03191375732456,10.832320213317928],[124.03163146972668,10.831210136413574],[124.03138732910156,10.830780029296875],[124.031288146973,10.83059024810791],[124.03093719482422,10.829830169677848],[124.03038024902378,10.828789710998649],[124.03028106689464,10.828439712524528],[124.03016662597656,10.82802963256836],[124.0300979614259,10.8271999359132],[124.03009033203136,10.827050209045467],[124.030029296875,10.826029777526799],[124.03016662597656,10.82470989227295],[124.03016662597656,10.82361030578619],[124.03111267089844,10.820280075073299],[124.03111267089844,10.819720268249625],[124.03138732910156,10.819439888000488],[124.03138732910156,10.819169998168945],[124.03360748291016,10.816940307617301],[124.03360748291016,10.816670417785701],[124.03423309326172,10.814399719238338],[124.03436279296875,10.812999725342024],[124.03443908691406,10.81212043762207],[124.0345077514653,10.809700012207145],[124.03443908691406,10.807760238647575],[124.03423309326172,10.806019783020133],[124.03417205810547,10.805700302123967],[124.0341567993164,10.805230140686035],[124.0341567993164,10.80465030670166],[124.03411865234398,10.804050445556697],[124.03394317626999,10.803529739379883],[124.03388977050827,10.803050041198958],[124.03383636474632,10.802669525146541],[124.03368377685547,10.802399635314941],[124.03360748291016,10.802100181579533],[124.03354644775413,10.801799774170036],[124.03338623046909,10.801509857177734],[124.03334045410168,10.801139831543082],[124.03333282470714,10.800709724426213],[124.03331756591842,10.80043983459467],[124.03202819824264,10.800470352172852],[124.03131866455078,10.800169944763297],[124.0302505493164,10.800569534301815],[124.02915191650402,10.800620079040527],[124.02852630615234,10.800809860229549],[124.02790832519565,10.801919937133903],[124.02699279785156,10.80183029174799],[124.02599334716831,10.801930427551326],[124.02504730224643,10.802000045776424],[124.02400970459007,10.801429748535213],[124.0233306884769,10.801420211792049],[124.02282714843795,10.802049636840877],[124.02208709716808,10.802390098572005],[124.02104187011753,10.801799774170036],[124.0195999145509,10.801360130310059],[124.01847076416027,10.801890373230037],[124.01792144775436,10.802590370178223],[124.0169830322269,10.803779602050895],[124.01635742187511,10.803790092468319],[124.01582336425827,10.803660392761344],[124.01529693603516,10.80315971374523],[124.01522064208996,10.802269935607967],[124.01458740234375,10.801420211792049],[124.01374816894531,10.801460266113509],[124.01299285888672,10.801170349121037],[124.01200866699264,10.800290107727164],[124.00926208496094,10.80088996887207],[124.0065612792971,10.801619529724348],[124.00431060791016,10.801340103149471],[124.00321960449241,10.80125999450695],[124.0012130737307,10.801110267639217],[123.99656677246128,10.801969528198299],[123.99420166015625,10.802330017089844],[123.98780822753906,10.80420017242443],[123.9825668334961,10.80535984039318],[123.98066711425827,10.806189537048397],[123.97898101806652,10.806489944458065],[123.97853088378906,10.806819915771484],[123.97796630859375,10.80788993835472],[123.9776229858403,10.809419631957951],[123.97686767578136,10.80967044830328],[123.97592926025402,10.810110092163086],[123.9764862060548,10.811100006103572],[123.97575378417991,10.8123397827149],[123.9751663208009,10.81315994262701],[123.97464752197266,10.813460350036678],[123.97328948974655,10.813429832458553],[123.97168731689453,10.81396961212181],[123.97068023681675,10.81422042846674],[123.96999359130905,10.814180374145451],[123.96881103515625,10.814880371093864],[123.96827697753952,10.815890312194938],[123.9676437377932,10.815759658813477],[123.96676635742199,10.814900398254451],[123.96573638916038,10.814800262451115],[123.96436309814453,10.815039634704704],[123.9634780883789,10.815099716186523],[123.96298980712936,10.815779685974235],[123.96253967285156,10.815400123596419],[123.96228790283237,10.81641960144043],[123.96147155761753,10.817279815673771],[123.96067810058605,10.817150115966797],[123.96013641357456,10.816960334777832],[123.95781707763683,10.816679954528865],[123.95697021484398,10.817259788513411],[123.95725250244163,10.817870140075797],[123.9574966430664,10.818249702453556],[123.95664215087936,10.818940162658691],[123.95680236816406,10.819589614868164],[123.95594024658237,10.819589614868164],[123.95500183105469,10.819620132446516],[123.9544067382817,10.820349693298454],[123.9538803100586,10.821310043335075],[123.95311737060547,10.821780204773063],[123.95274353027355,10.822569847106934],[123.95182037353538,10.823599815368766],[123.95197296142578,10.824549674987793],[123.95191955566452,10.824990272522086],[123.95108032226562,10.825790405273438],[123.95110321044967,10.82621955871582],[123.95097351074264,10.827369689941463],[123.95021057128952,10.828180313110408],[123.94967651367188,10.828180313110408],[123.94877624511719,10.828129768371696],[123.94773101806686,10.828860282898063],[123.94748687744186,10.829400062561149],[123.94741058349643,10.830599784851017],[123.94750976562511,10.83129978179943],[123.94732666015636,10.832489967346191],[123.94690704345749,10.833160400390739],[123.94627380371128,10.833550453186092],[123.94557952880905,10.833950042724666],[123.94523620605491,10.834620475768986],[123.94497680664062,10.836520195007267],[123.94455718994175,10.83716011047369],[123.94406890869152,10.837869644165039],[123.94344329833984,10.83833980560297],[123.94251251220703,10.838509559631404],[123.9417495727539,10.838239669799862],[123.94023132324264,10.837949752807617],[123.93920898437534,10.83782958984375],[123.93842315673828,10.83726024627697],[123.93755340576172,10.8362398147583],[123.93665313720726,10.836460113525618],[123.93640899658203,10.837409973144474],[123.93591308593784,10.83806037902832],[123.93525695800781,10.838720321655273],[123.93483734130882,10.838839530944824],[123.93451690673874,10.839059829711971],[123.9346694946289,10.839759826660156],[123.93446350097679,10.84109973907482],[123.93470001220749,10.841699600219727],[123.93544006347656,10.841870307922477],[123.93586730957043,10.842109680175838],[123.93607330322277,10.84253025054943],[123.93649291992222,10.844039916992301],[123.93746185302734,10.844220161437988],[123.93820190429722,10.844579696655387],[123.93908691406295,10.84465026855463],[123.93968200683605,10.845149993896484],[123.93920898437534,10.84578990936285],[123.93840789794922,10.845990180969295],[123.93766021728516,10.846050262451286],[123.93779754638695,10.846429824829102],[123.93853759765636,10.84702014923107],[123.93923950195312,10.847100257873649],[123.94008636474632,10.848170280456543],[123.94039916992188,10.84862995147705],[123.9406967163086,10.849459648132438],[123.94100952148449,10.850520133972225],[123.94183349609409,10.850850105285758],[123.94213104248047,10.85167026519781],[123.94207000732456,10.852560043335075],[123.94257354736374,10.852879524231184],[123.94267272949219,10.853230476379395],[123.94188690185581,10.85443019866949],[123.94140625000011,10.854840278625602],[123.94097137451172,10.855319976806697],[123.9406967163086,10.855719566345215],[123.94090270996094,10.856780052185172],[123.94051361083984,10.857520103454647],[123.93982696533203,10.857419967651367],[123.93936920166016,10.857370376586971],[123.93879699707031,10.857760429382324],[123.93869018554688,10.858719825744686],[123.93923187255882,10.859649658203182],[123.93958282470714,10.86067008972168],[123.94068145751987,10.86231994628912],[123.94149017333996,10.862660408020133],[123.94158935546886,10.863699913024846],[123.94209289550804,10.864569664001692],[123.9426422119144,10.86443042755127],[123.94339752197277,10.863989830017317],[123.94371032714866,10.86359024047863],[123.94403839111328,10.863909721374569],[123.9441833496096,10.864930152893066],[123.9439468383789,10.865420341491927],[123.94407653808605,10.866209983825684],[123.94454193115246,10.86629962921154],[123.94506835937534,10.866020202636662],[123.94568634033214,10.865909576415959],[123.94635009765636,10.866290092468262],[123.94653320312545,10.86674976348877],[123.94651794433594,10.867480278015137],[123.94645690918003,10.867899894714583],[123.94631958007812,10.86884975433344],[123.94641113281284,10.869549751281852],[123.94642639160156,10.869620323181096],[123.94709777832077,10.870519638061637],[123.9472122192384,10.871700286865234],[123.94650268554688,10.872349739074764],[123.94599914550804,10.873029708862248],[123.94577789306652,10.873399734497127],[123.94586944580078,10.873950004577637],[123.94637298583996,10.87467002868658],[123.94715881347702,10.874979972839412],[123.94761657714866,10.87537956237793],[123.94786071777389,10.87613964080822],[123.94920349121139,10.87749004364025],[123.9508438110355,10.879170417785645],[123.95369720458996,10.881480216980094],[123.95596313476562,10.88570976257347],[123.95659637451172,10.88761043548584],[123.95768737792969,10.889900207519531],[123.96015167236328,10.892600059509505],[123.97309112548874,10.890890121460018],[123.98706817626953,10.888919830322322],[123.98912811279331,10.888569831848201],[123.99080657958996,10.888110160827694],[124.0086593627932,10.88689994812023],[124.00946044921875,10.886409759521541]]]}},{"type":"Feature","properties":{"ID_0":177,"ISO":"PHL","NAME_0":"Philippines","ID_1":25,"NAME_1":"Cebu","ID_2":453,"NAME_2":"Carcar","NL_NAME_2":null,"VARNAME_2":null,"TYPE_2":"Bayan|Munisipyo","ENGTYPE_2":"Municipality","PROVINCE":"Cebu","REGION":"Central Visayas (Region VII)"},"geometry":{"type":"Polygon","coordinates":[[[123.67590332031261,10.131819725036735],[123.67726898193405,10.131560325622615],[123.67870330810547,10.131569862365723],[123.67980957031284,10.13129997253418],[123.68063354492188,10.130929946899528],[123.68126678466842,10.130579948425407],[123.68138885498047,10.130339622497559],[123.68180084228527,10.129920005798454],[123.68199157714855,10.129480361938477],[123.68221282959007,10.128569602966422],[123.68215942382812,10.127949714660758],[123.68203735351608,10.127180099487362],[123.68253326416016,10.12674999237072],[123.68292999267624,10.126540184020996],[123.68316650390648,10.126500129699707],[123.68359375,10.126449584961165],[123.68460083007835,10.12660980224615],[123.68504333496105,10.12670993804943],[123.68521118164062,10.126689910888672],[123.68551635742188,10.126409530639705],[123.68604278564499,10.126179695129622],[123.68618774414074,10.126210212707576],[123.68675231933639,10.126529693603572],[123.6872329711914,10.126390457153263],[123.68760681152344,10.126680374145735],[123.68766021728516,10.12683010101324],[123.68771362304699,10.12592983245844],[123.6876373291019,10.125309944152775],[123.68788146972656,10.123970031738509],[123.68778991699219,10.123590469360352],[123.68773651123058,10.12318038940441],[123.6875,10.122779846191406],[123.6875,10.122500419616756],[123.6872329711914,10.12222003936779],[123.6872329711914,10.121939659118596],[123.68639373779308,10.121109962463436],[123.68639373779308,10.12082958221447],[123.68611145019565,10.12055969238287],[123.68611145019565,10.12028026580822],[123.68639373779308,10.119999885559082],[123.68639373779308,10.119449615478516],[123.68611145019565,10.119170188904036],[123.68611145019565,10.118610382080021],[123.68666839599621,10.118060111999512],[123.68666839599621,10.117779731750545],[123.68686676025425,10.116880416870174],[123.68678283691418,10.116669654846191],[123.68666839599621,10.116390228271484],[123.68644714355469,10.116109848022518],[123.68611145019565,10.115900039672795],[123.68582916259777,10.115489959716854],[123.68554687500023,10.115559577942008],[123.68546295166061,10.115559577942008],[123.68527984619186,10.115559577942008],[123.68521881103561,10.115500450134277],[123.68462371826172,10.114899635315055],[123.6844482421875,10.114720344543514],[123.68417358398438,10.114720344543514],[123.68389129638717,10.114439964294547],[123.68389129638717,10.114170074462947],[123.68360900878906,10.11388969421381],[123.68360900878906,10.113329887390194],[123.68379211425781,10.113149642944336],[123.68389129638717,10.113059997558594],[123.68389129638717,10.111940383911133],[123.68360900878906,10.111669540405273],[123.68360900878906,10.111390113830623],[123.68321228027344,10.11098957061779],[123.68305206298862,10.11083030700695],[123.68277740478527,10.11083030700695],[123.68195343017578,10.109999656677303],[123.68195343017578,10.109720230102596],[123.68138885498047,10.109169960022086],[123.68083190918014,10.109169960022086],[123.68000030517612,10.109999656677303],[123.68000030517612,10.110560417175407],[123.68026733398483,10.11083030700695],[123.68026733398483,10.111109733581657],[123.68083190918014,10.111669540405273],[123.68138885498047,10.111669540405273],[123.68195343017578,10.11221981048584],[123.68195343017578,10.113059997558594],[123.68138885498047,10.11361026763916],[123.68110656738281,10.11361026763916],[123.68055725097656,10.114170074462947],[123.67944335937523,10.114170074462947],[123.67888641357422,10.114720344543514],[123.67833709716797,10.114720344543514],[123.67804718017612,10.114439964294547],[123.67804718017612,10.114170074462947],[123.67778015136764,10.114170074462947],[123.67804718017612,10.11388969421381],[123.67804718017612,10.11361026763916],[123.67944335937523,10.11221981048584],[123.67916870117233,10.111940383911133],[123.67916870117233,10.111669540405273],[123.67888641357422,10.111390113830623],[123.67888641357422,10.11083030700695],[123.67916870117233,10.110560417175407],[123.67888641357422,10.11028003692627],[123.67888641357422,10.10888957977295],[123.67973327636741,10.108059883117903],[123.67973327636741,10.107500076293888],[123.68026733398483,10.106940269470272],[123.68026733398483,10.106109619140739],[123.68138885498047,10.104999542236385],[123.68138885498047,10.104720115661735],[123.68195343017578,10.104169845580998],[123.68166351318393,10.103890419006348],[123.68222045898483,10.103890419006348],[123.68248748779331,10.10342025756836],[123.68269348144554,10.103070259094238],[123.68267822265659,10.102740287780875],[123.68254852294967,10.102430343628043],[123.68250274658226,10.102069854736328],[123.68247222900402,10.101659774780387],[123.68240356445335,10.101249694824276],[123.68226623535156,10.100879669189396],[123.68228149414074,10.100549697876204],[123.68244171142578,10.100239753723372],[123.68257141113293,10.09988975524925],[123.68263244628906,10.099490165710563],[123.68244934082031,10.099129676818848],[123.68216705322311,10.09883022308361],[123.68190002441418,10.098520278930778],[123.68174743652344,10.098130226135197],[123.68183135986351,10.097689628601131],[123.68195343017578,10.09724044799816],[123.68208312988281,10.09681034088129],[123.68216705322311,10.096420288085938],[123.68222045898483,10.096389770507756],[123.68250274658226,10.096110343933105],[123.68250274658226,10.095000267028922],[123.68222045898483,10.094719886779785],[123.68222045898483,10.093330383300895],[123.68250274658226,10.093059539794865],[123.68250274658226,10.092220306396541],[123.68277740478527,10.091939926147575],[123.68277740478527,10.091670036316032],[123.68244171142578,10.091329574585018],[123.68222045898483,10.091110229492188],[123.68222045898483,10.090829849243391],[123.68208312988281,10.09053993225092],[123.68240356445335,10.090189933776855],[123.68245697021484,10.089879989624023],[123.68244934082031,10.08957958221447],[123.68247985839878,10.089240074157772],[123.68245697021484,10.088820457458553],[123.68224334716831,10.088299751281852],[123.68206787109375,10.087820053100586],[123.68193817138672,10.087400436401367],[123.68182373046886,10.087010383605957],[123.68163299560558,10.086629867553654],[123.6813735961914,10.0862398147583],[123.68109893798862,10.085820198059196],[123.68081665039062,10.085450172424373],[123.68052673339878,10.085140228271541],[123.6802597045903,10.084879875183105],[123.67999267578136,10.084650039672852],[123.6797485351567,10.084420204162598],[123.67952728271496,10.084199905395621],[123.67931365966842,10.084050178527889],[123.67909240722656,10.084019660949764],[123.6787109375,10.084139823913574],[123.67826843261719,10.084219932556152],[123.67817687988293,10.08423995971691],[123.67769622802734,10.084030151367188],[123.67735290527366,10.083600044250488],[123.67706298828148,10.083250045776367],[123.67664337158249,10.082920074463004],[123.67617797851574,10.082590103149414],[123.67572021484386,10.082389831543196],[123.67523956298862,10.082309722900447],[123.67484283447277,10.082599639892578],[123.67459106445358,10.08273029327404],[123.6741561889653,10.082779884338436],[123.67395782470703,10.08285045623785],[123.6738204956057,10.08285045623785],[123.67350006103516,10.08285045623785],[123.67342376708996,10.082739830017317],[123.67308044433628,10.082770347595272],[123.67266845703136,10.082770347595272],[123.67223358154297,10.082710266113281],[123.67179107666027,10.082839965820426],[123.67141723632847,10.08290958404541],[123.67106628417969,10.08279037475586],[123.6707687377932,10.082679748535156],[123.67054748535168,10.082759857177678],[123.67031860351562,10.082779884338436],[123.6700668334961,10.082779884338436],[123.66979217529308,10.082739830017317],[123.66945648193393,10.082610130310172],[123.66905975341842,10.08269023895275],[123.66869354248081,10.082940101623535],[123.66835021972656,10.083040237426871],[123.66652679443405,10.083120346069393],[123.66542053222668,10.083120346069393],[123.66430664062534,10.083189964294547],[123.66354370117222,10.0833997726441],[123.66235351562511,10.083259582519531],[123.6619491577153,10.082679748535156],[123.6616363525394,10.082440376281738],[123.66127014160156,10.082139968872013],[123.6607666015625,10.081919670105094],[123.66021728515625,10.081709861755371],[123.65962982177734,10.081709861755371],[123.65918731689453,10.081959724426326],[123.65914916992233,10.081979751586914],[123.65892028808605,10.082380294799918],[123.65888977050781,10.082869529724121],[123.6588973999028,10.083410263061523],[123.65899658203125,10.083930015564079],[123.65936279296875,10.084219932556152],[123.65972137451217,10.08446025848383],[123.66000366210938,10.084719657898006],[123.66027832031273,10.085000038146973],[123.66027832031273,10.08528041839611],[123.66055297851597,10.08555984497076],[123.66055297851597,10.086110115051326],[123.66084289550793,10.086389541625977],[123.66110992431652,10.086389541625977],[123.66139221191418,10.086669921874943],[123.66194152832031,10.086669921874943],[123.6624984741211,10.08722019195568],[123.66262817382812,10.087089538574219],[123.66361236572288,10.086110115051326],[123.6638870239259,10.086110115051326],[123.66583251953159,10.088060379028263],[123.66583251953159,10.088609695434684],[123.66555786132812,10.08889007568365],[123.66583251953159,10.089170455932617],[123.66583251953159,10.089440345764217],[123.66638946533249,10.090000152587834],[123.66638946533249,10.090559959411848],[123.66583251953159,10.091110229492188],[123.66555786132812,10.091110229492188],[123.665283203125,10.090829849243391],[123.6650009155278,10.091110229492188],[123.66443634033249,10.091110229492188],[123.6638870239259,10.091670036316032],[123.6630630493164,10.092499732971248],[123.66166687011719,10.092499732971248],[123.66139221191418,10.092780113220215],[123.66110992431652,10.092499732971248],[123.66110992431652,10.091850280761719],[123.66110992431652,10.091110229492188],[123.66000366210938,10.090000152587834],[123.65937805175781,10.089229583740348],[123.65902709960972,10.089440345764217],[123.65882110595714,10.089440345764217],[123.6578369140625,10.090060234069881],[123.65769958496116,10.090339660644531],[123.65727996826172,10.090620040893498],[123.65693664550804,10.090959548950195],[123.65664672851574,10.091099739074764],[123.6560287475586,10.091239929199162],[123.6556091308596,10.091309547424316],[123.65531158447277,10.091270446777344],[123.65512084960949,10.091239929199162],[123.65476989746128,10.09103012084961],[123.65361785888717,10.089520454406738],[123.65326690673828,10.089639663696289],[123.65257263183594,10.08987045288086],[123.65187072753918,10.089940071106184],[123.6515274047855,10.089839935302734],[123.65141296386741,10.089670181274471],[123.65115356445347,10.089400291442928],[123.65110778808605,10.089170455932617],[123.65043640136753,10.088500022888297],[123.65028381347656,10.088330268859863],[123.65016937255882,10.088290214538574],[123.65000915527378,10.088069915771598],[123.64988708496116,10.087820053100586],[123.64975738525402,10.087610244751033],[123.6496734619144,10.087349891662654],[123.64961242675827,10.087209701538086],[123.64955139160202,10.087070465087947],[123.64955902099655,10.086649894714583],[123.64938354492199,10.086099624633903],[123.64901733398449,10.085729598999023],[123.64852905273472,10.085720062256087],[123.64808654785202,10.085809707641602],[123.64762878417969,10.085800170898494],[123.64713287353561,10.085639953613338],[123.64605712890659,10.085590362548942],[123.6443862915039,10.085590362548942],[123.64382934570358,10.085590362548942],[123.64327239990246,10.085519790649528],[123.64230346679733,10.08518028259283],[123.64187622070335,10.08483028411871],[123.64140319824264,10.084349632263127],[123.64103698730503,10.083860397339095],[123.640907287598,10.083450317382812],[123.6408309936528,10.083100318908691],[123.64069366455078,10.082900047302246],[123.64006805419967,10.082070350647086],[123.63984680175793,10.081580162048397],[123.63964843750011,10.080960273742733],[123.63964843750011,10.080410003662166],[123.63971710205078,10.079779624938908],[123.63992309570312,10.079199790954533],[123.63992309570312,10.079159736633244],[123.64032745361362,10.07876968383789],[123.6408309936528,10.07826042175293],[123.64111328125023,10.077850341796989],[123.6411819458009,10.077429771423397],[123.6411819458009,10.076809883117733],[123.64109039306675,10.076569557190055],[123.64098358154308,10.076259613037223],[123.64064025878952,10.07583045959484],[123.64048767089844,10.075639724731559],[123.64021301269577,10.075289726257267],[123.63993072509766,10.074740409851074],[123.63951110839878,10.07404994964594],[123.63909149169933,10.073430061340275],[123.63909149169933,10.072939872741756],[123.63916015625,10.072529792785645],[123.63934326171875,10.07188987731945],[123.6393966674807,10.071660041809139],[123.63951110839878,10.071279525757063],[123.63999938964844,10.070219993591422],[123.63999938964844,10.0698499679566],[123.6399917602539,10.069700241088867],[123.63997650146484,10.069470405578613],[123.63996887207054,10.069390296936035],[123.63993072509766,10.06914043426525],[123.63971710205078,10.068329811096305],[123.6394271850586,10.068059921264705],[123.63941955566406,10.068019866943473],[123.63935852050781,10.067950248718319],[123.63818359375034,10.06636047363304],[123.6377792358403,10.06583023071289],[123.6377792358403,10.065569877624455],[123.63749694824219,10.065279960632381],[123.63749694824219,10.064999580383414],[123.63707733154308,10.06457996368431],[123.63704681396484,10.064550399780273],[123.63694763183594,10.06443977355957],[123.63694763183594,10.064169883728027],[123.63639068603561,10.063610076904354],[123.6363525390625,10.06359958648693],[123.63568878173874,10.063340187072981],[123.63540649414062,10.062509536743164],[123.63548278808616,10.061610221862793],[123.6355209350586,10.061289787292708],[123.63546752929699,10.06110954284668],[123.62006378173862,10.075070381164778],[123.61483764648483,10.07787036895752],[123.59854888916027,10.086700439453125],[123.59413146972656,10.08882999420166],[123.57852172851574,10.095939636230526],[123.5789566040039,10.101570129394531],[123.58019256591831,10.107210159301815],[123.58048248291016,10.108779907226676],[123.5811767578125,10.111149787902946],[123.58209991455112,10.1143798828125],[123.58522796630882,10.120739936828556],[123.58796691894543,10.125559806823958],[123.59172058105469,10.131369590759334],[123.59882354736374,10.143600463867244],[123.60690307617222,10.15647029876709],[123.61064910888717,10.162730216980037],[123.61480712890625,10.169560432434025],[123.61799621582031,10.175720214843864],[123.63675689697266,10.164930343628157],[123.64093780517578,10.162240028381348],[123.64270019531261,10.161069869995117],[123.6520462036134,10.154910087585506],[123.66010284423874,10.149290084839095],[123.66761779785179,10.143739700317326],[123.66768646240246,10.143250465393294],[123.66763305664062,10.142829895019588],[123.66757202148438,10.142379760742188],[123.66869354248081,10.141389846801815],[123.66928100585938,10.140959739685172],[123.66956329345703,10.140660285949764],[123.67027282714878,10.139949798584098],[123.67077636718795,10.139229774475154],[123.67096710205124,10.1387300491333],[123.67082977294922,10.138369560241756],[123.67076110839855,10.137999534606934],[123.67092132568405,10.137590408325309],[123.6713485717778,10.137089729309196],[123.6723022460942,10.136469841003532],[123.67328643798828,10.135860443115291],[123.67357635498047,10.135290145874023],[123.6735610961914,10.134519577026367],[123.6735076904298,10.133119583129883],[123.67414093017578,10.132439613342399],[123.67516326904342,10.132089614868278],[123.67590332031261,10.131819725036735]]]}},{"type":"Feature","properties":{"ID_0":177,"ISO":"PHL","NAME_0":"Philippines","ID_1":25,"NAME_1":"Cebu","ID_2":454,"NAME_2":"Carmen","NL_NAME_2":null,"VARNAME_2":null,"TYPE_2":"Bayan|Munisipyo","ENGTYPE_2":"Municipality","PROVINCE":"Cebu","REGION":"Central Visayas (Region VII)"},"geometry":{"type":"MultiPolygon","coordinates":[[[[124.01683044433605,10.610799789428711],[124.02184295654297,10.609809875488395],[124.02680969238281,10.610280036926326],[124.02668762207077,10.609729766845817],[124.0266571044923,10.609180450439396],[124.026611328125,10.608659744262752],[124.02651977539097,10.608149528503475],[124.02644348144577,10.607649803161848],[124.02660369873047,10.607159614562988],[124.026611328125,10.606579780578613],[124.02664184570358,10.605190277099553],[124.02687072753929,10.604080200195426],[124.02691650390625,10.603810310363826],[124.0271987915039,10.602359771728516],[124.02778625488327,10.601599693298454],[124.02815246582031,10.601129531860295],[124.0283432006836,10.600890159606934],[124.02851104736328,10.600640296936263],[124.02861785888706,10.60035037994379],[124.02870178222656,10.600060462951888],[124.02868652343773,10.599989891052303],[124.02868652343773,10.599849700927678],[124.03044128417969,10.598210334777832],[124.03082275390625,10.597829818725586],[124.0308990478519,10.597749710083008],[124.0318298339846,10.596819877624512],[124.03273773193405,10.595580101013184],[124.03298950195358,10.594360351562614],[124.03302001953125,10.594200134277457],[124.03315734863293,10.591360092163086],[124.03336334228561,10.588179588317928],[124.03328704833984,10.58603954315197],[124.03315734863293,10.584730148315657],[124.03328704833984,10.583550453185978],[124.03378295898438,10.582240104675407],[124.03376007080112,10.581939697265682],[124.03370666503918,10.58141040802002],[124.03318786621128,10.580550193786678],[124.03315734863293,10.58051013946556],[124.03238677978527,10.580030441284293],[124.0322494506836,10.580030441284293],[124.03156280517578,10.580030441284293],[124.03072357177734,10.58051013946556],[124.03044128417969,10.581270217895621],[124.03029632568371,10.58195972442627],[124.03085327148449,10.58230972290039],[124.03127288818405,10.582719802856502],[124.03161621093761,10.583069801330623],[124.03161621093761,10.583760261535872],[124.0314178466798,10.583970069885254],[124.03092956542969,10.584380149841536],[124.03092956542969,10.585069656372184],[124.03161621093761,10.58603954315197],[124.0318298339846,10.586520195007324],[124.03191375732456,10.587349891662711],[124.03191375732456,10.588459968566895],[124.03161621093761,10.589630126953068],[124.03115081787143,10.590149879455794],[124.03111267089844,10.590279579162598],[124.03083038330124,10.590559959411564],[124.0304565429692,10.590559959411564],[124.03028106689464,10.590559959411564],[124.02995300293003,10.590299606323356],[124.02969360351608,10.590089797973633],[124.02941894531261,10.589929580688477],[124.02916717529342,10.589739799499512],[124.0289077758789,10.589599609375114],[124.0286788940432,10.589449882507381],[124.02845764160156,10.589289665222282],[124.02819824218761,10.589159965515137],[124.0273666381836,10.588540077209473],[124.02597045898438,10.588470458984489],[124.02516174316452,10.58897972106945],[124.02498626709018,10.589090347290153],[124.0244369506836,10.5897798538208],[124.0235290527346,10.589989662170524],[124.02282714843795,10.589989662170524],[124.02192687988327,10.589989662170524],[124.0213012695317,10.5897798538208],[124.02026367187511,10.588809967041016],[124.01969146728527,10.587920188903809],[124.01941680908214,10.587340354919434],[124.01927947998047,10.587019920349178],[124.01899719238281,10.586190223693961],[124.01925659179733,10.585300445556754],[124.01934814453125,10.585009574890137],[124.01989746093784,10.584389686584473],[124.02088165283203,10.584039688110408],[124.02192687988327,10.583979606628361],[124.02262115478516,10.583909988403434],[124.02290344238281,10.58362960815424],[124.02326965332065,10.583359718322697],[124.02362823486351,10.583109855651912],[124.02366638183594,10.583080291748047],[124.02413177490234,10.582050323486442],[124.02433776855469,10.581609725952148],[124.02471923828125,10.581299781799316],[124.02516174316452,10.581060409545898],[124.02546691894531,10.58008003234869],[124.0263824462894,10.57952976226818],[124.02700805664062,10.579319953918457],[124.02718353271484,10.578989982605094],[124.0274124145509,10.578550338745117],[124.0273666381836,10.578180313110408],[124.02739715576217,10.577580451965332],[124.02748107910156,10.577300071716365],[124.02755737304688,10.577030181884822],[124.02754974365234,10.57678031921398],[124.02754974365234,10.576629638671989],[124.02738189697266,10.57639026641857],[124.02610015869152,10.575699806213493],[124.02516174316452,10.574899673461971],[124.02512359619152,10.574870109558105],[124.02449798583984,10.574319839477596],[124.0239181518557,10.573909759521428],[124.02314758300804,10.573380470275936],[124.02310180664062,10.57334995269781],[124.02218627929722,10.572239875793457],[124.02178192138672,10.571279525756779],[124.02191162109398,10.570739746093864],[124.02198791503963,10.570400238037166],[124.02218627929744,10.570050239563045],[124.02230072021553,10.569600105285645],[124.02249145507881,10.569210052490462],[124.02271270751953,10.568869590759277],[124.02285003662121,10.568559646606445],[124.02304840087902,10.568340301513786],[124.02333068847713,10.568059921264819],[124.02333068847713,10.567779541015852],[124.0244369506836,10.567779541015852],[124.02471923828125,10.568059921264819],[124.02471923828125,10.568329811096191],[124.0250015258789,10.568610191345329],[124.0250015258789,10.569169998169173],[124.02471923828125,10.569439888000545],[124.02471923828125,10.570560455322322],[124.02528381347656,10.571109771728516],[124.02528381347656,10.57221984863287],[124.02623748779297,10.572230339050293],[124.02720642089889,10.572790145874137],[124.0280532836914,10.573479652404785],[124.02916717529365,10.574440002441406],[124.02971649169933,10.574440002441406],[124.02971649169933,10.573889732361067],[124.02999877929744,10.573610305786417],[124.02999877929744,10.573329925537053],[124.02861022949253,10.57194042205822],[124.0283432006836,10.57194042205822],[124.0283432006836,10.571109771728516],[124.0280532836914,10.570560455322322],[124.02861022949253,10.569999694824162],[124.02861022949253,10.569439888000545],[124.02749633789062,10.568329811096191],[124.02749633789062,10.568059921264819],[124.02722167968761,10.567779541015852],[124.02722167968761,10.567500114441145],[124.02639007568382,10.566670417785588],[124.02583312988281,10.566670417785588],[124.02555847168003,10.566390037536621],[124.02583312988281,10.566109657287825],[124.02583312988281,10.564439773559627],[124.0244369506836,10.56305980682373],[124.02361297607433,10.56305980682373],[124.02337646484375,10.562849998474178],[124.023193359375,10.562700271606673],[124.02313232421932,10.56264972686779],[124.02303314208996,10.562279701233138],[124.02288818359409,10.561860084533691],[124.02297973632812,10.561289787292424],[124.02311706542969,10.560750007629508],[124.02321624755871,10.560540199279785],[124.0233230590826,10.560310363769531],[124.02359008789108,10.560009956359806],[124.02382659912178,10.559800148010481],[124.02410125732445,10.559610366821289],[124.02438354492199,10.559410095215071],[124.02474975585949,10.559359550476188],[124.02509307861328,10.559180259704817],[124.02548980712936,10.55900001525896],[124.02587890625045,10.558850288391056],[124.02625274658249,10.558710098266658],[124.02648925781273,10.558520317077694],[124.02684020996105,10.558389663696403],[124.0270462036134,10.558099746704329],[124.02700805664062,10.55766963958763],[124.02658843994163,10.557279586792049],[124.02599334716854,10.55702018737793],[124.02538299560547,10.556870460510424],[124.02498626709018,10.556599617004395],[124.02478027343818,10.556269645690975],[124.02478027343818,10.555919647217081],[124.02501678466797,10.555560111999455],[124.0254211425787,10.555230140686092],[124.02586364746094,10.554770469665527],[124.02593994140659,10.554089546203556],[124.02575683593784,10.55348968505865],[124.02578735351562,10.553359985351676],[124.02545928955078,10.553279876709098],[124.0223693847662,10.55403995513916],[124.01264190673885,10.558409690857161],[124.00695037841797,10.562020301819018],[124.00417327880882,10.563969612121696],[124.00257873535156,10.564800262451172],[123.99781036376953,10.567709922790527],[123.99658203125,10.568440437316895],[123.99344635009811,10.570030212402344],[123.98766326904331,10.572750091552678],[123.98641204833996,10.573320388793945],[123.9817123413086,10.575420379638615],[123.97048187255871,10.580459594726676],[123.96765136718773,10.581230163574332],[123.96441650390625,10.582539558410645],[123.96153259277378,10.583800315857161],[123.95651245117222,10.585769653320426],[123.95110321044967,10.587599754333553],[123.94840240478516,10.58878040313732],[123.9468765258789,10.589300155639705],[123.94407653808605,10.590229988098201],[123.94139862060558,10.590900421142578],[123.94004058837936,10.591429710388411],[123.93782806396518,10.59197998046875],[123.93467712402344,10.592490196228027],[123.93144989013672,10.592659950256461],[123.92888641357422,10.592570304870549],[123.92635345459007,10.591770172119197],[123.92369079589889,10.59107971191429],[123.92833709716831,10.612649917602596],[123.93176269531261,10.622360229492415],[123.93300628662121,10.627779960632381],[123.93477630615268,10.635689735412598],[123.93636322021507,10.64037036895752],[123.93874359130871,10.640000343322868],[123.94046020507824,10.63930988311779],[123.94341278076206,10.638460159301871],[123.94725799560547,10.637189865112532],[123.9510726928711,10.63599967956543],[123.95456695556652,10.634110450744572],[123.9635620117192,10.630109786987362],[123.96582794189464,10.629380226135254],[123.97189331054733,10.628000259399528],[123.9762115478519,10.62693977355957],[123.97885131835938,10.626119613647688],[123.98108673095714,10.624589920043888],[123.99651336669933,10.618049621581974],[123.99936676025436,10.616909980773926],[124.0069580078125,10.61433029174799],[124.0111236572269,10.612739562988281],[124.01683044433605,10.610799789428711]]]]}},{"type":"Feature","properties":{"ID_0":177,"ISO":"PHL","NAME_0":"Philippines","ID_1":25,"NAME_1":"Cebu","ID_2":455,"NAME_2":"Catmon","NL_NAME_2":null,"VARNAME_2":null,"TYPE_2":"Bayan|Munisipyo","ENGTYPE_2":"Municipality","PROVINCE":"Cebu","REGION":"Central Visayas (Region VII)"},"geometry":{"type":"Polygon","coordinates":[[[124.01490020751953,10.731829643249512],[124.01528930664062,10.731450080871696],[124.01566314697266,10.730830192566032],[124.01570129394565,10.730750083923283],[124.01563262939499,10.730199813842773],[124.01569366455112,10.729240417480582],[124.01570129394565,10.72908973693859],[124.01535034179688,10.728099822998104],[124.0152816772461,10.727390289306754],[124.01526641845737,10.726650238037223],[124.0152816772461,10.725899696350098],[124.0152816772461,10.725159645080623],[124.01526641845737,10.724450111389217],[124.01516723632812,10.723810195922852],[124.01502990722668,10.723299980163631],[124.01499938964889,10.722820281982536],[124.01500701904342,10.722379684448242],[124.01500701904342,10.721249580383358],[124.01500701904342,10.720800399780387],[124.01516723632812,10.720100402831974],[124.0152816772461,10.719539642334212],[124.01529693603516,10.719490051269645],[124.01557159423874,10.718449592590446],[124.01625823974621,10.717780113220158],[124.01631927490234,10.717399597168082],[124.01612091064453,10.717069625854492],[124.0159530639653,10.716770172119084],[124.01590728759788,10.716719627380428],[124.01583862304722,10.716320037841854],[124.01583862304722,10.715940475463924],[124.0158462524414,10.715880393981877],[124.01586151123047,10.715589523315487],[124.01587677001964,10.715270042419547],[124.01587677001964,10.714960098266715],[124.01583862304722,10.71465969085699],[124.01580810546898,10.714590072631836],[124.01573181152344,10.71444034576416],[124.01550292968784,10.713419914245662],[124.01553344726562,10.71300983428955],[124.01538848876999,10.712590217590275],[124.01524353027389,10.712089538574162],[124.0151596069336,10.711939811706657],[124.01499938964889,10.711609840393066],[124.01473236083996,10.711119651794377],[124.01451110839844,10.710590362548885],[124.01439666748047,10.710000038147086],[124.01421356201172,10.709469795227108],[124.0141372680664,10.708919525146598],[124.01403045654297,10.708450317382926],[124.01389312744152,10.708029747009391],[124.01373291015659,10.707610130310115],[124.01358795166027,10.707209587097111],[124.01338958740234,10.70683956146246],[124.013221740723,10.706399917602653],[124.01303100585972,10.705969810485783],[124.0128173828125,10.705550193786735],[124.01277923584018,10.704999923706055],[124.01222229003906,10.704449653625488],[124.01222229003906,10.700909614563102],[124.0124282836914,10.700079917907715],[124.01271057128952,10.699040412902775],[124.0130615234375,10.698579788208121],[124.01313781738304,10.69826984405529],[124.01331329345714,10.697999954223746],[124.01345825195312,10.697660446167049],[124.01354980468784,10.697480201721191],[124.0136489868164,10.697299957275334],[124.01387786865246,10.696960449218807],[124.01407623291027,10.696590423583984],[124.01419830322266,10.696149826049862],[124.01441192626953,10.695690155029524],[124.01457977294922,10.695119857788086],[124.01470184326172,10.694459915161133],[124.01471710205078,10.6936998367309],[124.01471710205078,10.692919731140137],[124.01477813720703,10.69215011596674],[124.01499938964889,10.691470146179427],[124.01525878906284,10.690850257873763],[124.01542663574241,10.690270423889217],[124.01555633544922,10.689729690551985],[124.01567840576172,10.68927001953125],[124.01580810546898,10.68889045715332],[124.01583862304722,10.688520431518612],[124.01590728759788,10.688170433044547],[124.01606750488293,10.687829971313704],[124.01611328125,10.687419891357422],[124.01611328125,10.686960220336857],[124.01611328125,10.686479568481502],[124.01616668701183,10.685979843139648],[124.01635742187511,10.685489654540959],[124.01645660400425,10.684949874877873],[124.01667785644531,10.684430122375488],[124.0168228149414,10.684109687805233],[124.01689910888672,10.68391036987316],[124.01693725585949,10.683320045471135],[124.01693725585949,10.682729721069336],[124.01689147949219,10.68216991424572],[124.01672363281295,10.68167972564703],[124.01661682128906,10.681180000305176],[124.01643371582031,10.68074035644537],[124.01638793945358,10.680319786072005],[124.01641082763706,10.679929733276424],[124.01653289794967,10.679570198059196],[124.01664733886753,10.679200172424373],[124.01676940918014,10.67879962921154],[124.01693725585949,10.678380012512264],[124.01708984375,10.677900314330998],[124.01725006103516,10.677359580993596],[124.0175018310548,10.676839828491268],[124.01777648925781,10.676320075988883],[124.01805877685592,10.675820350647086],[124.01837921142601,10.675370216369629],[124.01872253417969,10.674980163574276],[124.01902770996105,10.674579620361442],[124.01925659179733,10.674160003662166],[124.01947784423828,10.67372035980219],[124.01972961425781,10.673319816589355],[124.01999664306652,10.672940254211426],[124.02027130126987,10.672559738159123],[124.02049255371094,10.672149658203182],[124.02065277099643,10.671699523925781],[124.02081298828125,10.671270370483398],[124.02092742919933,10.670829772949276],[124.0212631225586,10.670559883117733],[124.02136230468784,10.67016983032238],[124.02137756347656,10.669989585876522],[124.02139282226562,10.669730186462346],[124.02143859863304,10.669269561767521],[124.02155303955112,10.66880035400385],[124.02159881591808,10.668450355529785],[124.02159881591808,10.668310165405387],[124.02160644531284,10.667779922485408],[124.02146911621094,10.667280197143555],[124.02140045166016,10.666729927063216],[124.02137756347656,10.66621017456049],[124.02139282226562,10.665789604187125],[124.02111053466842,10.664059638977278],[124.02108001708984,10.661890029907454],[124.0209426879884,10.661479949951172],[124.02085113525425,10.661029815673942],[124.0208663940432,10.660539627075252],[124.0210189819336,10.66007041931175],[124.02114868164085,10.65958023071289],[124.0213012695317,10.659110069274902],[124.02137756347656,10.658659934997502],[124.02143859863304,10.658269882202148],[124.02159118652344,10.657959938049316],[124.02165222167969,10.657649993896484],[124.02166748046875,10.657309532165641],[124.02171325683605,10.65695953369135],[124.0218963623048,10.656660079956112],[124.0219879150394,10.65625],[124.02217102050793,10.655850410461653],[124.022216796875,10.655380249023494],[124.02230834960983,10.654950141906852],[124.02249908447311,10.654629707336426],[124.02269744873081,10.654350280761719],[124.02282714843795,10.65404987335205],[124.0230102539067,10.65380001068138],[124.02316284179688,10.653530120849666],[124.02332305908237,10.65326976776123],[124.02343750000023,10.652959823608398],[124.02358245849655,10.652620315551701],[124.02366638183594,10.652199745178336],[124.02388763427746,10.651809692382756],[124.02413177490234,10.651430130004996],[124.0243606567384,10.651120185852164],[124.0244598388673,10.651009559631404],[124.02455139160168,10.650899887085018],[124.02471923828125,10.65056037902832],[124.0252685546875,10.649439811706543],[124.02590179443371,10.648050308227482],[124.0266571044923,10.646129608154354],[124.02667236328136,10.645730018615666],[124.0266571044923,10.64523029327404],[124.02662658691406,10.644709587097168],[124.02661895751953,10.644610404968375],[124.02660369873047,10.644530296325797],[124.02646636962902,10.643930435180721],[124.02639007568382,10.643429756164608],[124.02632904052768,10.64319038391136],[124.02623748779297,10.642820358276367],[124.02620697021507,10.642729759216365],[124.0261383056644,10.642510414123535],[124.02600860595726,10.64186000823986],[124.02586364746094,10.641329765319881],[124.02583312988281,10.64081954956066],[124.02583312988281,10.6403102874757],[124.02587890625045,10.63976001739502],[124.02616119384766,10.638050079345703],[124.02628326416027,10.637700080871582],[124.02644348144577,10.637220382690543],[124.02706909179733,10.636050224304142],[124.02765655517612,10.635319709777946],[124.02818298339855,10.634670257568416],[124.02880096435581,10.633700370788631],[124.02897644043014,10.6332302093507],[124.0290298461914,10.632989883422795],[124.0291137695317,10.632659912109602],[124.02857971191418,10.63082027435297],[124.0280914306644,10.629639625549373],[124.02787017822266,10.627160072326717],[124.02778625488327,10.626830101013184],[124.02777099609375,10.626509666442928],[124.0276870727539,10.626199722290096],[124.02754211425804,10.625909805297965],[124.02749633789062,10.625559806823674],[124.0274887084961,10.625189781189192],[124.02742004394543,10.624810218811035],[124.02726745605514,10.624420166015625],[124.02722930908214,10.6239595413208],[124.02722930908214,10.623470306396598],[124.02725219726585,10.62300014495844],[124.02735137939476,10.622540473938102],[124.0274887084961,10.622079849243278],[124.02760314941418,10.621589660644759],[124.02774047851562,10.621120452881087],[124.02781677246105,10.620659828186263],[124.02797698974655,10.620329856872502],[124.02802276611374,10.61907958984375],[124.02806091308594,10.617970466613883],[124.0280532836914,10.617639541626204],[124.0280532836914,10.6173095703125],[124.0280532836914,10.616970062255973],[124.0280532836914,10.616570472717285],[124.02806091308594,10.616129875183333],[124.0280532836914,10.615630149841365],[124.02800750732433,10.615079879760799],[124.02783203125045,10.614509582519588],[124.02777862548874,10.61392021179222],[124.02774047851562,10.613349914550781],[124.02758789062545,10.612839698791731],[124.02747344970737,10.612319946289176],[124.02726745605514,10.611829757690487],[124.02713012695324,10.611310005187931],[124.02694702148472,10.610810279846305],[124.02680969238281,10.610280036926326],[124.02184295654297,10.609809875488395],[124.01683044433605,10.610799789428711],[124.0111236572269,10.612739562988281],[124.0069580078125,10.61433029174799],[123.99936676025436,10.616909980773926],[123.99651336669933,10.618049621581974],[123.98108673095714,10.624589920043888],[123.97885131835938,10.626119613647688],[123.9762115478519,10.62693977355957],[123.97189331054733,10.628000259399528],[123.96582794189464,10.629380226135254],[123.9635620117192,10.630109786987362],[123.95456695556652,10.634110450744572],[123.9510726928711,10.63599967956543],[123.94725799560547,10.637189865112532],[123.94341278076206,10.638460159301871],[123.94046020507824,10.63930988311779],[123.93874359130871,10.640000343322868],[123.93636322021507,10.64037036895752],[123.93776702880871,10.646690368652344],[123.93904876708984,10.652460098266602],[123.94032287597656,10.659259796142805],[123.94117736816406,10.667380332946891],[123.94177246093761,10.672180175781364],[123.94233703613327,10.676910400390852],[123.94265747070335,10.680979728698958],[123.94381713867188,10.681409835815487],[123.9440536499028,10.682180404663143],[123.9446487426759,10.682239532470646],[123.94499969482467,10.683030128479231],[123.94489288330078,10.683400154113713],[123.94412994384766,10.683710098266545],[123.94364166259766,10.684040069580135],[123.94454956054722,10.684459686279354],[123.94499969482467,10.684320449829102],[123.94557952880905,10.684920310974178],[123.94519805908249,10.68556022644043],[123.94522857666027,10.686260223388672],[123.9468994140625,10.6879501342774],[123.94862365722702,10.689880371093977],[123.94888305664097,10.69099044799816],[123.94860076904297,10.691880226135368],[123.94925689697311,10.692339897155762],[123.94988250732433,10.69299030303955],[123.94960784912121,10.693559646606502],[123.94911956787121,10.693460464477539],[123.94824218750045,10.693610191345215],[123.94805145263717,10.694310188293457],[123.94857025146507,10.694629669189396],[123.94908142089878,10.695409774780387],[123.94848632812545,10.695380210876692],[123.9483032226567,10.69612979888916],[123.94844818115246,10.69661998748802],[123.947792053223,10.697330474853516],[123.94818115234409,10.698289871215877],[123.94883728027355,10.699029922485352],[123.94812011718784,10.699449539184627],[123.94774627685581,10.700090408325309],[123.94962310791038,10.699790000915584],[123.95085906982445,10.7006196975708],[123.95176696777344,10.701459884643782],[123.95243072509766,10.701569557190055],[123.95227813720714,10.703129768371639],[123.95242309570312,10.703920364379996],[123.95323181152355,10.703689575195256],[123.95437622070324,10.704000473022575],[123.95408630371128,10.70487022399908],[123.95451354980469,10.705630302429313],[123.95555114746139,10.706700325012207],[123.9554672241211,10.707610130310115],[123.95478057861374,10.70903015136713],[123.95500183105469,10.71000957489025],[123.95630645751999,10.710709571838436],[123.95620727539085,10.711720466613826],[123.95657348632847,10.712679862976188],[123.9574966430664,10.71310997009283],[123.95802307128952,10.711660385131779],[123.95825958251953,10.711310386657658],[123.95909118652344,10.712329864502067],[123.95909881591797,10.713330268859977],[123.95909881591797,10.713589668273926],[123.95957946777344,10.713959693908748],[123.9605484008789,10.713419914245662],[123.96137237548828,10.714320182800293],[123.96201324462902,10.71615028381342],[123.96465301513717,10.718629837036076],[123.96504211425793,10.720060348510685],[123.96595764160156,10.720809936523551],[123.96614837646484,10.72136020660406],[123.96572875976597,10.722599983215389],[123.96592712402366,10.723660469055119],[123.9670181274414,10.72346019744873],[123.96795654296909,10.724089622497502],[123.96823120117188,10.724889755249023],[123.96884918212936,10.724720001220817],[123.96925354003918,10.724249839782829],[123.96974182128929,10.724140167236385],[123.97128295898438,10.724639892578239],[123.97207641601562,10.725230216980208],[123.97319030761719,10.725259780883903],[123.97419738769543,10.7255601882934],[123.97421264648449,10.726260185241813],[123.9752578735355,10.728010177612418],[123.9761199951173,10.728280067443961],[123.97744750976574,10.728260040283203],[123.97894287109375,10.728839874267578],[123.98040008544933,10.730139732360954],[123.98159790039062,10.729660034179688],[123.98230743408214,10.730340003967513],[123.9833374023442,10.730270385742188],[123.98465728759766,10.72996997833252],[123.98552703857422,10.730110168457088],[123.9874267578125,10.727999687194767],[123.98798370361362,10.728039741516056],[123.9899597167971,10.72898960113531],[123.99107360839844,10.729280471801871],[123.99527740478527,10.727350234985465],[123.99624633789097,10.727450370788574],[123.99700164794956,10.728070259094238],[123.99709320068371,10.729249954223746],[123.99803924560558,10.729740142822209],[123.99904632568393,10.729559898376579],[123.99952697753906,10.729920387268066],[124.00055694580124,10.730680465698356],[124.00200653076172,10.731140136718864],[124.00305938720737,10.730859756469727],[124.00366973876964,10.729319572448674],[124.00408935546875,10.728940010070914],[124.0058364868164,10.729669570922965],[124.00813293457077,10.730620384216309],[124.00863647460972,10.731349945068416],[124.01007080078136,10.731780052185059],[124.01155090332031,10.731829643249512],[124.01355743408203,10.731690406799373],[124.01422882080078,10.732110023498649],[124.01429748535202,10.732729911804313],[124.01438140869163,10.73262023925787],[124.01480102539062,10.731929779052962],[124.01490020751953,10.731829643249512]]]}},{"type":"Feature","properties":{"ID_0":177,"ISO":"PHL","NAME_0":"Philippines","ID_1":25,"NAME_1":"Cebu","ID_2":456,"NAME_2":"Cebu City","NL_NAME_2":null,"VARNAME_2":null,"TYPE_2":"Lungsod|Siyudad","ENGTYPE_2":"City","PROVINCE":"Cebu","REGION":"Central Visayas (Region VII)"},"geometry":{"type":"Polygon","coordinates":[[[123.89183044433616,10.489839553833235],[123.8926925659182,10.489410400390852],[123.89324951171909,10.489480018615836],[123.89447021484386,10.490209579467717],[123.8954696655278,10.490770339965877],[123.89617156982467,10.490790367126579],[123.89758300781284,10.4900999069215],[123.8988723754884,10.489049911499137],[123.90012359619163,10.487890243530387],[123.90174102783214,10.486989974975586],[123.90418243408249,10.486089706420898],[123.90648651123058,10.485679626464787],[123.90936279296886,10.485659599304256],[123.91094207763672,10.485529899597282],[123.9125137329105,10.48561000823986],[123.9145736694336,10.485079765319881],[123.91593170166027,10.484649658203352],[123.91694641113281,10.484000205993652],[123.91816711425827,10.48169040679943],[123.91940307617188,10.47896957397461],[123.92051696777378,10.47620010375988],[123.92053222656273,10.474849700927791],[123.92057037353516,10.47404956817627],[123.9208374023442,10.473190307617244],[123.92233276367199,10.472559928894157],[123.92357635498081,10.47261047363287],[123.92436981201172,10.473270416259822],[123.9249191284182,10.473719596862907],[123.9254302978519,10.473449707031364],[123.92603302001953,10.472920417785701],[123.92622375488281,10.47173023223877],[123.92582702636719,10.46973037719738],[123.92533874511719,10.46541976928711],[123.92566680908237,10.461870193481559],[123.92568969726585,10.45386981964134],[123.92569732666016,10.451629638671932],[123.92539978027366,10.434339523315373],[123.92537689208996,10.428239822387923],[123.92505645751953,10.418820381164664],[123.92478942871139,10.414340019226302],[123.92449188232422,10.40575027465826],[123.92445373535202,10.40299034118658],[123.92489624023449,10.401000022888184],[123.92548370361362,10.39918041229248],[123.92585754394565,10.397060394287223],[123.92445373535202,10.384940147400016],[123.9233627319336,10.376819610595817],[123.921630859375,10.367859840393066],[123.9201583862307,10.35758018493658],[123.91961669921875,10.354220390319824],[123.91851043701183,10.346599578857422],[123.91620635986374,10.335900306701888],[123.91742706298828,10.335760116577148],[123.91869354248058,10.3346204757691],[123.91934204101562,10.332830429077262],[123.92037963867188,10.331430435180607],[123.9213485717778,10.330459594726562],[123.92265319824219,10.32859992980957],[123.92299652099643,10.327770233154524],[123.92323303222656,10.326620101928711],[123.92314910888672,10.325519561767692],[123.9229736328125,10.324830055237044],[123.9226913452153,10.323949813842773],[123.92307281494186,10.322629928588867],[123.9237289428711,10.32172012329113],[123.92421722412155,10.319879531860408],[123.9241714477539,10.319219589233455],[123.92415618896507,10.3191499710083],[123.92407989501999,10.318039894104118],[123.92395782470737,10.317139625549316],[123.92413330078136,10.31575965881359],[123.92385101318371,10.314069747924862],[123.92344665527389,10.31317043304449],[123.9232864379884,10.312629699707088],[123.92327880859386,10.312580108642692],[123.92314910888672,10.31210994720459],[123.92353057861328,10.311160087585506],[123.92404174804699,10.310359954833984],[123.92420959472702,10.310139656066838],[123.92442321777355,10.309869766235295],[123.92471313476597,10.310159683227596],[123.92517852783214,10.31066036224371],[123.92542266845737,10.310919761657829],[123.92556762695324,10.310770034790096],[123.92582702636719,10.310390472412166],[123.92600250244175,10.309960365295638],[123.9258499145509,10.309499740600813],[123.9254302978519,10.309080123901367],[123.92488098144531,10.308790206909293],[123.92436218261719,10.308589935302678],[123.9239273071289,10.308369636535758],[123.92355346679688,10.308090209961051],[123.92315673828125,10.307760238647518],[123.92278289794922,10.30731010437006],[123.92244720459007,10.306650161743164],[123.92214202880871,10.306070327758732],[123.9218673706057,10.305999755859489],[123.92160797119175,10.305830001831055],[123.92131805419922,10.305649757385197],[123.92108917236362,10.3056001663208],[123.9207534790039,10.305620193481502],[123.92053222656273,10.30558013916027],[123.9201583862307,10.305459976196403],[123.91966247558605,10.305159568786678],[123.9191665649414,10.304650306701774],[123.91863250732445,10.304059982299748],[123.9185028076173,10.303850173950252],[123.91840362548828,10.30370044708252],[123.91815948486374,10.303339958190975],[123.91774749755871,10.30331039428711],[123.91741180419956,10.30327033996582],[123.91735076904342,10.303259849548397],[123.91700744628929,10.303059577942008],[123.91670989990268,10.302829742431754],[123.91658020019577,10.302740097045898],[123.9164428710942,10.302639961242733],[123.91626739501987,10.302379608154354],[123.91607666015659,10.302089691162223],[123.9158630371096,10.301799774169979],[123.91562652587936,10.301440238952694],[123.91539764404297,10.300999641418457],[123.91502380371094,10.300709724426497],[123.9146499633789,10.300410270690918],[123.91426849365234,10.300239562988395],[123.91396331787155,10.300049781799373],[123.9136428833009,10.299980163574219],[123.913330078125,10.299860000610408],[123.91319274902366,10.299790382385254],[123.91304016113281,10.29971981048584],[123.91277313232467,10.299530029296818],[123.9125137329105,10.299340248108024],[123.9122695922855,10.2991304397583],[123.9120864868164,10.298890113830794],[123.91197204589844,10.298640251159611],[123.91191864013672,10.298330307006779],[123.91179656982422,10.298040390014705],[123.91171264648438,10.297760009765739],[123.91166687011741,10.297470092773438],[123.91166687011741,10.297149658203352],[123.91161346435547,10.296730041503906],[123.91152954101562,10.296600341796932],[123.91130065918014,10.29619026184082],[123.91087341308605,10.295929908752385],[123.91074371337925,10.29574012756359],[123.91085052490234,10.295269966125431],[123.91084289550781,10.295009613037223],[123.91079711914097,10.294750213623104],[123.91060638427768,10.29448032379156],[123.91040802001987,10.294159889221305],[123.91014862060592,10.29380035400385],[123.90984344482456,10.293399810791016],[123.9096603393557,10.293129920959473],[123.90962982177734,10.293009757995662],[123.90957641601608,10.292779922485352],[123.90937805175804,10.292389869689998],[123.90914916992233,10.292079925537166],[123.90888977050815,10.29185962677002],[123.90862274169967,10.291689872741927],[123.90833282470726,10.291620254516602],[123.90805816650436,10.291440010070744],[123.90776824951172,10.291370391845817],[123.90746307373058,10.291230201721191],[123.90706634521496,10.291080474853516],[123.90663146972656,10.290880203247127],[123.90606689453125,10.290829658508414],[123.90554809570324,10.29082012176508],[123.90509796142578,10.29076004028343],[123.90469360351597,10.290559768676871],[123.90426635742188,10.290349960327148],[123.90379333496094,10.290390014648438],[123.90328979492233,10.290519714355582],[123.90276336669922,10.290579795837402],[123.90225982666016,10.290679931640682],[123.90219879150402,10.29069995880127],[123.90180206298828,10.290809631347656],[123.90138244628952,10.290849685668945],[123.90100860595737,10.290909767150936],[123.90065002441406,10.290909767150936],[123.9002685546875,10.290829658508414],[123.89987182617222,10.290710449218864],[123.89952087402344,10.290499687194824],[123.8991928100586,10.29020977020275],[123.89890289306686,10.28981971740734],[123.89861297607422,10.289319992065543],[123.89856719970703,10.289259910583496],[123.8982772827153,10.288789749145565],[123.89781188964855,10.288419723510685],[123.89729309082031,10.288330078125],[123.8968276977539,10.288330078125],[123.89644622802734,10.288379669189396],[123.89615631103516,10.288570404052678],[123.8958969116211,10.288769721984806],[123.89560699462936,10.288869857788086],[123.89531707763672,10.288889884948844],[123.89505767822277,10.288889884948844],[123.89476776123081,10.288889884948844],[123.89444732666016,10.288889884948844],[123.8940887451173,10.288889884948844],[123.89392852783226,10.288889884948844],[123.8937225341798,10.288900375366438],[123.89338684082065,10.288949966430664],[123.8930892944336,10.289030075073242],[123.89280700683628,10.289059638977108],[123.89251708984375,10.28899955749506],[123.89225006103516,10.288869857788086],[123.89199829101574,10.288909912109375],[123.89166259765659,10.288789749145565],[123.891151428223,10.288550376892317],[123.89066314697277,10.28826999664318],[123.88996124267578,10.28826999664318],[123.88939666748047,10.288339614868164],[123.88864135742188,10.288619995117301],[123.88849639892601,10.288749694824276],[123.88807678222656,10.289030075073242],[123.88751983642612,10.28931045532238],[123.88661193847656,10.289509773254508],[123.88588714599621,10.289449691772518],[123.88584899902344,10.289449691772518],[123.88542938232456,10.289580345153752],[123.88466644287143,10.289170265197981],[123.88424682617188,10.288960456848088],[123.88395690917969,10.288689613342228],[123.8836898803711,10.28826999664318],[123.88371276855503,10.288109779357853],[123.88375854492188,10.287579536438102],[123.88398742675793,10.287520408630371],[123.88403320312534,10.287500381469783],[123.88424682617188,10.287919998169059],[123.88446807861362,10.288000106811637],[123.88466644287143,10.288060188293457],[123.88466644287143,10.288200378418026],[123.88487243652366,10.288339614868164],[123.88514709472668,10.288689613342228],[123.88578033447266,10.288689613342228],[123.88688659668014,10.288479804992733],[123.8873062133789,10.288129806518612],[123.88745117187545,10.287919998169059],[123.88773345947288,10.287369728088379],[123.88773345947288,10.286959648132438],[123.88787078857422,10.286540031433333],[123.887939453125,10.286199569702148],[123.887939453125,10.28577995300293],[123.88722229003918,10.285280227661076],[123.88694763183628,10.28499984741211],[123.88500213623047,10.283060073852596],[123.88500213623047,10.282779693603572],[123.8831481933596,10.28092002868658],[123.88305664062523,10.280830383300724],[123.88233184814453,10.279379844665584],[123.88176727294922,10.277999877929688],[123.88112640380871,10.27672004699707],[123.8810806274414,10.276619911193961],[123.88086700439476,10.274820327758789],[123.88094329833996,10.274060249328727],[123.88128662109375,10.273440361023063],[123.88155364990268,10.27332973480236],[123.88198089599621,10.273159980773926],[123.88240051269531,10.273159980773926],[123.88260650634766,10.273099899292049],[123.88288879394565,10.272890090942383],[123.88282012939499,10.271920204162598],[123.88260650634766,10.271439552307186],[123.88246917724621,10.271089553833065],[123.88204956054688,10.270540237426871],[123.88198089599621,10.2704696655274],[123.88046264648472,10.26834964752203],[123.88002777099643,10.267769813537598],[123.87967681884766,10.267219543457088],[123.87940216064464,10.266739845275822],[123.8788528442384,10.266249656677303],[123.87848663330124,10.265839576721191],[123.8782882690432,10.265279769897518],[123.87808227539074,10.264590263366756],[123.87779998779331,10.264180183410588],[123.87772369384811,10.264149665832633],[123.87744903564453,10.26403999328619],[123.87689208984375,10.263759613037053],[123.87619781494186,10.263070106506461],[123.87561798095726,10.262129783630314],[123.87296295166061,10.262060165405387],[123.86766815185547,10.261859893798771],[123.86570739746139,10.261949539184684],[123.86428833007812,10.262559890747184],[123.86319732666027,10.263030052185172],[123.8618621826173,10.263930320739803],[123.85739135742222,10.266550064087028],[123.85339355468773,10.269399642944336],[123.85308837890636,10.269820213317871],[123.85282135009788,10.270560264587402],[123.85254669189499,10.27190017700201],[123.85180664062534,10.273859977722111],[123.85119628906261,10.274860382080078],[123.85057830810547,10.275830268859863],[123.84966278076183,10.276769638061637],[123.84812927246105,10.278249740600643],[123.84641265869152,10.279069900512752],[123.84394836425793,10.279230117797852],[123.84297943115246,10.279999732971248],[123.84130859375034,10.28054046630865],[123.83966827392601,10.283029556274414],[123.82967376709018,10.294380187988224],[123.82804107666016,10.296540260314941],[123.81974029541061,10.307359695434684],[123.82029724121105,10.308670043945426],[123.8208465576173,10.309749603271484],[123.82164001464866,10.311240196228255],[123.82240295410179,10.312529563903809],[123.82241821289108,10.314160346984863],[123.82290649414062,10.315910339355582],[123.82405853271484,10.317259788513184],[123.82491302490268,10.320139884948787],[123.82450866699264,10.32161998748785],[123.823486328125,10.324549674987907],[123.82067108154308,10.32717037200922],[123.81951141357433,10.328180313110295],[123.81902313232422,10.328080177307356],[123.81880950927768,10.327790260314885],[123.81849670410179,10.327139854431266],[123.81802368164108,10.326669692993107],[123.81720733642624,10.32691955566412],[123.81655883789074,10.327260017395133],[123.81494903564464,10.328419685363883],[123.8144683837894,10.328229904174918],[123.81411743164062,10.327839851379508],[123.81317901611328,10.326939582824707],[123.81244659423874,10.326910018921012],[123.81204986572266,10.327260017395133],[123.803466796875,10.326339721679915],[123.791259765625,10.328450202941838],[123.79057312011753,10.328370094299316],[123.7897872924807,10.32818984985363],[123.78897094726562,10.327719688415641],[123.78527832031261,10.326319694519043],[123.7846374511721,10.326009750366211],[123.78267669677734,10.325550079345817],[123.7812118530278,10.325770378112793],[123.77056884765625,10.326729774475154],[123.77142333984375,10.333219528198356],[123.77226257324253,10.340029716491642],[123.7729263305664,10.34920978546154],[123.7724075317384,10.356080055236816],[123.77216339111328,10.361180305481014],[123.7717437744144,10.364370346069336],[123.77169799804722,10.369230270385799],[123.77169036865268,10.372529983520565],[123.77194976806663,10.376790046691951],[123.7718887329105,10.379220008850154],[123.77153778076172,10.383000373840275],[123.77098846435581,10.385649681091365],[123.77027130126953,10.388279914856014],[123.76973724365246,10.39064025878912],[123.77474212646518,10.395870208740291],[123.78643798828159,10.407179832458723],[123.79760742187523,10.418120384216422],[123.79741668701195,10.418769836425781],[123.7972564697269,10.419690132141113],[123.7977294921875,10.420680046081657],[123.79818725585983,10.422189712524528],[123.79834747314464,10.422639846801758],[123.79878234863315,10.423729896545353],[123.79962158203125,10.424839973449707],[123.80032348632812,10.42588996887207],[123.80081939697277,10.426750183105412],[123.80075836181663,10.427189826965389],[123.80169677734409,10.42702960968029],[123.8026123046875,10.427040100097884],[123.80372619628952,10.428009986877498],[123.80502319335949,10.42957973480219],[123.80587768554699,10.429949760437069],[123.80642700195312,10.430939674377555],[123.80683898925815,10.431630134582463],[123.80760192871128,10.43229961395275],[123.80815887451172,10.433329582214355],[123.80899810791016,10.435159683227653],[123.81067657470726,10.436579704284668],[123.81231689453159,10.437410354614315],[123.81372833251976,10.43867015838623],[123.81524658203148,10.439040184021223],[123.81658935546898,10.440099716186523],[123.81765747070347,10.440879821777344],[123.81944274902366,10.441800117492676],[123.82015228271484,10.441450119018555],[123.82121276855514,10.441439628601131],[123.82142639160168,10.44229984283453],[123.82405853271484,10.44369029998785],[123.82602691650413,10.444680213928336],[123.82698059082054,10.445759773254338],[123.82736968994186,10.44655990600586],[123.828369140625,10.447600364685115],[123.8305435180664,10.448699951171875],[123.83260345459007,10.450180053711051],[123.83467102050781,10.451649665832633],[123.83682250976562,10.453129768371639],[123.83775329589866,10.453920364379883],[123.83953857421886,10.455679893493766],[123.86274719238304,10.473600387573356],[123.8888168334961,10.493430137634391],[123.88957214355503,10.49225997924799],[123.89057159423862,10.491000175476131],[123.89183044433616,10.489839553833235]]]}},{"type":"Feature","properties":{"ID_0":177,"ISO":"PHL","NAME_0":"Philippines","ID_1":25,"NAME_1":"Cebu","ID_2":457,"NAME_2":"Compostela","NL_NAME_2":null,"VARNAME_2":null,"TYPE_2":"Bayan|Munisipyo","ENGTYPE_2":"Municipality","PROVINCE":"Cebu","REGION":"Central Visayas (Region VII)"},"geometry":{"type":"Polygon","coordinates":[[[123.98789978027344,10.491909980773869],[123.99149322509788,10.490030288696516],[123.99511718750023,10.486809730529899],[123.99655914306686,10.485850334167537],[123.99806213378918,10.48488998413086],[124.0009384155278,10.483480453491268],[124.00176239013683,10.48268985748291],[124.00462341308605,10.481109619140568],[124.00652313232422,10.478980064392033],[124.00829315185547,10.478509902954102],[124.00956726074219,10.477620124816895],[124.01029205322311,10.476940155029354],[124.01125335693393,10.476289749145565],[124.01197814941418,10.476030349731445],[124.01512145996128,10.474760055541935],[124.01676940918014,10.473649978637752],[124.01821899414062,10.47227954864502],[124.02079772949253,10.470219612121582],[124.02104187011753,10.470020294189453],[124.02092742919933,10.469829559326172],[124.02084350585972,10.469349861145133],[124.02076721191429,10.468870162963867],[124.02056884765636,10.468509674072322],[124.02037811279308,10.468159675598201],[124.02017974853527,10.467789649963322],[124.01994323730469,10.467430114746094],[124.0196762084961,10.467040061950684],[124.01936340332031,10.466679573059196],[124.01915740966797,10.466389656066895],[124.01908874511719,10.46630001068121],[124.01885223388683,10.465900421142692],[124.01860809326172,10.465539932250977],[124.01850891113315,10.465410232544002],[124.01834869384766,10.46520042419445],[124.01812744140659,10.46487045288086],[124.01801300048828,10.464489936828613],[124.01783752441406,10.464150428771916],[124.01770782470714,10.463749885559082],[124.01737213134766,10.4627304077149],[124.01709747314499,10.462389945983944],[124.01687622070312,10.462109565734977],[124.01629638671875,10.461330413818473],[124.0158462524414,10.460900306701774],[124.01555633544922,10.460430145263672],[124.01538848876999,10.460020065307674],[124.01531982421909,10.459589958191032],[124.01524353027389,10.458640098571777],[124.01503753662121,10.457940101623592],[124.0147628784182,10.456009864807129],[124.01445770263683,10.45506954193121],[124.01406097412121,10.453800201416016],[124.01352691650436,10.452560424804688],[124.01332092285168,10.452130317688045],[124.01316833496128,10.451899528503475],[124.0130615234375,10.451729774475211],[124.0128173828125,10.451339721679801],[124.01260375976562,10.450940132141113],[124.01238250732467,10.450530052185172],[124.01217651367199,10.450099945068473],[124.01196289062511,10.449709892272892],[124.01181030273483,10.449319839477539],[124.01177215576183,10.449210166931266],[124.01168060302746,10.44894981384283],[124.01159667968761,10.448579788208008],[124.01141357421886,10.44828033447277],[124.01133728027344,10.448100090027083],[124.01127624511719,10.447959899902344],[124.01110076904297,10.447680473327637],[124.01091766357433,10.447429656982536],[124.0108032226567,10.447119712829704],[124.01062774658214,10.44682979583746],[124.01056671142601,10.446430206298885],[124.01055908203148,10.445980072021484],[124.01053619384777,10.445509910583553],[124.01045989990246,10.445050239562988],[124.01029205322311,10.444580078125057],[124.01019287109375,10.444049835205078],[124.01029968261753,10.44340038299572],[124.01036071777378,10.443209648132438],[124.01051330566406,10.442700386047306],[124.01055908203148,10.441940307617244],[124.01055145263706,10.441180229187012],[124.01035308837925,10.440449714660645],[124.01027679443382,10.439720153808537],[124.01026916503918,10.439009666442928],[124.01027679443382,10.438369750976676],[124.01033020019531,10.437780380249023],[124.01074218750034,10.436169624328727],[124.0108871459961,10.43527984619152],[124.01084899902366,10.43428039550787],[124.01033782958984,10.434430122375545],[124.0101318359375,10.434390068054256],[124.00945281982422,10.433919906616325],[124.00892639160168,10.433520317077637],[124.0079803466798,10.432559967040959],[124.00730133056675,10.431610107421932],[124.00688171386719,10.430600166321028],[124.00646972656295,10.429610252380371],[124.0057373046875,10.428680419921875],[124.00507354736328,10.428500175476188],[124.00457000732467,10.428819656372127],[124.0038223266605,10.429730415344181],[124.00334930419922,10.430529594421444],[124.00305938720737,10.431679725647086],[124.0029907226567,10.432609558105582],[124.00316619873047,10.433580398559798],[124.00383758544922,10.434269905090446],[124.00360107421898,10.435090065002498],[124.00264739990257,10.435199737548942],[124.00208282470749,10.434989929199219],[124.00126647949264,10.435449600219727],[124.00080108642578,10.436539649963379],[124.00068664550781,10.437410354614315],[124.00041961669922,10.437649726867903],[124.00010681152344,10.437840461731184],[123.99951934814453,10.438050270080566],[123.99858093261719,10.43787002563488],[123.99797058105491,10.437239646911621],[123.99736022949219,10.43544006347679],[123.99674987793014,10.434800148010254],[123.99609375,10.43451976776123],[123.99421691894577,10.434479713439998],[123.99334716796875,10.434599876403809],[123.99188232421875,10.435600280761776],[123.99092864990234,10.436149597167969],[123.98973846435547,10.436010360717887],[123.988563537598,10.435370445251465],[123.98748016357445,10.435199737548942],[123.98668670654297,10.435939788818416],[123.9864730834961,10.436690330505371],[123.98594665527378,10.437339782715071],[123.98557281494163,10.438159942626953],[123.98593139648449,10.43887042999279],[123.9867782592778,10.439020156860352],[123.98716735839855,10.439390182495345],[123.98706817626953,10.440010070801009],[123.98664093017624,10.441010475158748],[123.98650360107433,10.441840171813965],[123.98615264892601,10.442999839782715],[123.9861068725586,10.443059921264762],[123.98580169677734,10.44340038299572],[123.98502349853516,10.443739891052246],[123.98362731933594,10.444029808044547],[123.9830017089846,10.444709777832031],[123.98317718505871,10.445899963378963],[123.98401641845703,10.446929931640739],[123.98442077636753,10.447620391845817],[123.9838333129884,10.448140144348372],[123.98285675048828,10.447719573974666],[123.9822998046875,10.447190284728947],[123.98179626464844,10.447039604186955],[123.98069763183605,10.447589874267692],[123.97982788085949,10.448510169982853],[123.97931671142578,10.449009895324707],[123.97844696044956,10.449230194091797],[123.97802734375011,10.449069976806868],[123.97753143310547,10.448769569396973],[123.97637176513672,10.448140144348372],[123.97492980957031,10.447810173034611],[123.97368621826206,10.44783020019554],[123.97325897216808,10.447959899902344],[123.97245025634766,10.448840141296444],[123.97157287597702,10.449609756469783],[123.97046661376953,10.44987010955822],[123.96961975097668,10.449540138244629],[123.9683227539067,10.4493799209597],[123.96750640869186,10.449449539184684],[123.96676635742199,10.449799537658805],[123.96636199951217,10.450570106506461],[123.96597290039062,10.45143985748291],[123.96521759033249,10.452690124511662],[123.96456909179699,10.453310012817326],[123.96402740478538,10.453539848327637],[123.96192932128929,10.45431995391857],[123.96192932128929,10.454930305480957],[123.96272277832031,10.455530166626033],[123.96354675292991,10.455989837646598],[123.96375274658249,10.456780433654785],[123.96351623535168,10.457739830017147],[123.96272277832031,10.458510398864803],[123.96202087402366,10.459420204162598],[123.96241760253952,10.459870338440169],[123.96321105957031,10.45985031127924],[123.96437835693371,10.459930419921818],[123.96472930908203,10.460189819335938],[123.96476745605503,10.460619926452637],[123.9642333984375,10.4612398147583],[123.96337890625034,10.461669921875],[123.96321868896484,10.462679862976017],[123.96347045898438,10.463069915771598],[123.96375274658249,10.463720321655273],[123.96401977539085,10.46422004699707],[123.96392822265648,10.465089797973746],[123.96325683593773,10.46580982208252],[123.96237945556652,10.465880393981934],[123.96111297607422,10.465499877929688],[123.96032714843784,10.465040206909123],[123.95960235595703,10.465129852295036],[123.9581527709961,10.465789794921932],[123.95744323730491,10.466409683227596],[123.95713043212902,10.466679573059196],[123.95684051513683,10.467399597167969],[123.95599365234409,10.468310356140364],[123.95455932617199,10.469109535217228],[123.95423126220737,10.470509529113883],[123.95429992675804,10.471440315246639],[123.9539566040039,10.472149848938045],[123.95319366455078,10.47296047210699],[123.95259857177734,10.473299980163631],[123.95159912109386,10.473750114440861],[123.95115661621139,10.474260330200309],[123.95130157470749,10.475210189819336],[123.95134735107467,10.475859642028865],[123.95079803466831,10.476490020751953],[123.95014190673828,10.476719856262207],[123.94950866699253,10.47692966461176],[123.94895172119163,10.476880073547363],[123.94822692871094,10.476659774780387],[123.94715881347702,10.4762802124024],[123.94625854492199,10.476469993591422],[123.94582366943405,10.476559638977278],[123.94538879394577,10.476810455322209],[123.94477081298828,10.476909637451229],[123.94407653808605,10.476110458373967],[123.94448852539108,10.475390434265194],[123.94470977783203,10.474570274353141],[123.94407653808605,10.47412014007574],[123.94303894042991,10.473990440368766],[123.94233703613327,10.473489761352653],[123.94165802001953,10.472809791564941],[123.94072723388683,10.471710205078239],[123.94003295898438,10.470589637756461],[123.9393234252932,10.46969032287609],[123.93865966796898,10.469280242919979],[123.9376373291019,10.469739913940487],[123.9368515014653,10.47035980224615],[123.93599700927734,10.47039985656744],[123.93520355224643,10.469840049743596],[123.93443298339855,10.46984958648693],[123.93395233154308,10.470330238342285],[123.93401336669956,10.470899581909293],[123.93427276611351,10.47155952453619],[123.93388366699241,10.472319602966252],[123.93322753906295,10.472430229187012],[123.9324417114259,10.472319602966252],[123.93215942382847,10.47200965881342],[123.93190765380893,10.471619606018066],[123.93180847167969,10.470979690551815],[123.93193054199219,10.470629692077694],[123.93231201171875,10.470049858093319],[123.93293762207054,10.469149589538688],[123.93341064453148,10.468580245971907],[123.9333190917971,10.468159675598201],[123.9329605102539,10.467829704284611],[123.93226623535179,10.467900276184082],[123.93212890625,10.467989921569938],[123.93119812011753,10.46881008148199],[123.93036651611374,10.46934032440197],[123.92951202392578,10.46924018859886],[123.92916870117233,10.469189643859977],[123.9279708862307,10.4700803756715],[123.92632293701183,10.472310066223145],[123.92603302001953,10.472920417785701],[123.9254302978519,10.473449707031364],[123.9249191284182,10.473719596862907],[123.92436981201172,10.473270416259822],[123.92357635498081,10.47261047363287],[123.92233276367199,10.472559928894157],[123.9208374023442,10.473190307617244],[123.92057037353516,10.47404956817627],[123.92053222656273,10.474849700927791],[123.92051696777378,10.47620010375988],[123.91940307617188,10.47896957397461],[123.91816711425827,10.48169040679943],[123.91694641113281,10.484000205993652],[123.91593170166027,10.484649658203352],[123.9145736694336,10.485079765319881],[123.9125137329105,10.48561000823986],[123.91094207763672,10.485529899597282],[123.90936279296886,10.485659599304256],[123.90648651123058,10.485679626464787],[123.90418243408249,10.486089706420898],[123.90174102783214,10.486989974975586],[123.90012359619163,10.487890243530387],[123.8988723754884,10.489049911499137],[123.89758300781284,10.4900999069215],[123.89617156982467,10.490790367126579],[123.8954696655278,10.490770339965877],[123.89447021484386,10.490209579467717],[123.89324951171909,10.489480018615836],[123.8926925659182,10.489410400390852],[123.89183044433616,10.489839553833235],[123.89057159423862,10.491000175476131],[123.88957214355503,10.49225997924799],[123.8888168334961,10.493430137634391],[123.89083862304733,10.500289916992415],[123.90210723876964,10.50092983245844],[123.9180908203125,10.501139640808162],[123.9258728027346,10.501399993896598],[123.93647003173874,10.50177001953125],[123.94875335693393,10.502400398254338],[123.9607925415039,10.503390312194881],[123.96749114990234,10.500439643859977],[123.97016906738281,10.499199867248649],[123.98040771484409,10.494589805603141],[123.98789978027344,10.491909980773869]]]}},{"type":"Feature","properties":{"ID_0":177,"ISO":"PHL","NAME_0":"Philippines","ID_1":25,"NAME_1":"Cebu","ID_2":458,"NAME_2":"Consolacion","NL_NAME_2":null,"VARNAME_2":null,"TYPE_2":"Bayan|Munisipyo","ENGTYPE_2":"Municipality","PROVINCE":"Cebu","REGION":"Central Visayas (Region VII)"},"geometry":{"type":"MultiPolygon","coordinates":[[[[123.99389648437534,10.36847972869873],[123.9973068237307,10.366180419921932],[124.00142669677734,10.362669944763184],[124.00254821777366,10.361559867859],[124.00253295898472,10.361519813537711],[124.00306701660156,10.361570358276595],[124.00312805175804,10.361579895019531],[124.00353240966797,10.36161994934082],[124.00392150878906,10.361439704894963],[124.00393676757858,10.36112976074213],[124.00393676757858,10.361089706420842],[124.00393676757858,10.360919952392578],[124.00346374511719,10.360300064086914],[124.00261688232433,10.359669685363826],[124.00222015380905,10.359550476074276],[124.0016098022461,10.359359741210994],[124.00055694580124,10.359149932861328],[124.00039672851562,10.35906982421875],[124.00000000000034,10.358889579773063],[123.99961090087936,10.358880043029728],[123.99912261962913,10.358869552612305],[123.99835205078148,10.358590126037825],[123.99786376953136,10.35851955413824],[123.99752044677768,10.358449935913086],[123.99674987793014,10.358110427856559],[123.9960632324221,10.357830047607422],[123.99556732177746,10.357549667358455],[123.99501037597668,10.357210159301758],[123.9945220947269,10.356789588928223],[123.99291229248058,10.356519699096623],[123.99214935302746,10.356240272521973],[123.99117279052746,10.355890274047852],[123.99054718017578,10.355819702148438],[123.99005889892601,10.355620384216309],[123.98970794677768,10.355409622192496],[123.9890823364259,10.355199813842773],[123.98880004882847,10.354789733886832],[123.98916625976562,10.354439735412711],[123.9894409179692,10.354169845581168],[123.9894409179692,10.353610038757324],[123.98964691162121,10.353409767150879],[123.9897232055664,10.353329658508358],[123.9897232055664,10.353059768676815],[123.98999786376953,10.352780342102278],[123.98999786376953,10.351940155029297],[123.99028015136753,10.351670265197754],[123.99028015136753,10.351389884948958],[123.99054718017578,10.35111045837408],[123.99054718017578,10.350830078124943],[123.9907913208009,10.35060024261486],[123.99083709716842,10.35056018829357],[123.99083709716842,10.350279808044434],[123.99070739746128,10.35015010833763],[123.99054718017578,10.350000381469727],[123.99044036865257,10.350000381469727],[123.99028015136753,10.350000381469727],[123.99019622802734,10.350079536438045],[123.98992156982422,10.350359916687012],[123.98860931396518,10.351670265197754],[123.98860931396518,10.352219581604004],[123.9883270263673,10.352499961853141],[123.9883270263673,10.353329658508358],[123.98805236816429,10.353610038757324],[123.98805236816429,10.353890419006461],[123.98777770996139,10.354169845581168],[123.98750305175781,10.354169845581168],[123.98750305175781,10.354430198669377],[123.98599243164062,10.354319572448844],[123.98529815673874,10.353980064392147],[123.98452758789085,10.35369968414318],[123.98423767089866,10.353590011596737],[123.98403167724643,10.353509902954215],[123.9836196899414,10.353349685669059],[123.9831314086914,10.352800369262638],[123.98304748535156,10.352780342102278],[123.9822235107423,10.351940155029297],[123.98278045654308,10.351389884948958],[123.98304748535156,10.351389884948958],[123.98388671875,10.35056018829357],[123.98444366455078,10.35056018829357],[123.98500061035179,10.350000381469727],[123.98500061035179,10.34916973114025],[123.98444366455078,10.348609924316406],[123.984169006348,10.348609924316406],[123.98304748535156,10.34972000122076],[123.98278045654308,10.34972000122076],[123.9822235107423,10.350279808044434],[123.98194122314487,10.350279808044434],[123.98166656494163,10.35056018829357],[123.98139190673828,10.35056018829357],[123.98110961914108,10.350279808044434],[123.98110961914108,10.350000381469727],[123.98082733154297,10.34972000122076],[123.98082733154297,10.34916973114025],[123.97972106933639,10.348059654236067],[123.97972106933639,10.347780227661246],[123.97944641113293,10.347499847412053],[123.97915649414074,10.347499847412053],[123.97833251953148,10.34832954406744],[123.977783203125,10.34832954406744],[123.97750091552768,10.348609924316406],[123.97721862792969,10.348609924316406],[123.97666931152389,10.34916973114025],[123.97766113281273,10.350159645080566],[123.977783203125,10.350279808044434],[123.977783203125,10.35056018829357],[123.97767639160202,10.350799560546989],[123.97730255126987,10.350729942322005],[123.97691345214889,10.350580215454158],[123.97653198242233,10.350460052490462],[123.9761962890625,10.35056018829357],[123.97583007812534,10.35077953338623],[123.97543334960938,10.350979804992676],[123.9750137329105,10.351180076599235],[123.97464752197266,10.351400375366211],[123.97432708740257,10.35149955749523],[123.97412872314476,10.351389884948958],[123.97402954101574,10.351099967956486],[123.97402954101574,10.351030349731559],[123.9741821289067,10.350589752197266],[123.97416687011719,10.350279808044434],[123.97528076171898,10.349439620971793],[123.97528076171898,10.348609924316406],[123.97471618652344,10.348059654236067],[123.97444152832065,10.34832954406744],[123.97416687011719,10.348059654236067],[123.97389221191406,10.348059654236067],[123.97334289550793,10.348609924316406],[123.97055816650436,10.348609924316406],[123.96916961669945,10.350000381469727],[123.96916961669945,10.350279808044434],[123.96861267089844,10.350830078124943],[123.96888732910179,10.35111045837408],[123.96861267089844,10.351389884948958],[123.96861267089844,10.352219581604004],[123.96916961669945,10.352780342102278],[123.96916961669945,10.353059768676815],[123.96943664550793,10.353329658508358],[123.96971893310558,10.353059768676815],[123.97000122070324,10.353329658508358],[123.97029113769543,10.3533096313476],[123.97045135498047,10.353469848632926],[123.97073364257812,10.353810310363713],[123.97107696533226,10.354229927062988],[123.97149658203125,10.354570388793945],[123.97154998779308,10.35464000701927],[123.97177124023472,10.354920387268066],[123.97177124023472,10.355680465698299],[123.97161102294922,10.355779647827148],[123.97142791748047,10.355890274047852],[123.97142791748047,10.35608959197998],[123.97149658203125,10.356280326843262],[123.97157287597702,10.356439590454102],[123.97184753417991,10.356719970703239],[123.97184753417991,10.357339859008903],[123.97202301025425,10.357649803161735],[123.9721908569336,10.357959747314567],[123.97258758544956,10.358420372009391],[123.97303009033203,10.358929634094352],[123.97316741943393,10.359140396118164],[123.97319793701172,10.359499931335392],[123.97324371337902,10.359970092773551],[123.97277832031284,10.360280036926383],[123.97334289550793,10.360830307006893],[123.97360992431686,10.36056041717535],[123.97370910644531,10.36056041717535],[123.97499847412155,10.36056041717535],[123.97556304931663,10.359999656677246],[123.97583007812534,10.360280036926383],[123.97611236572277,10.360280036926383],[123.97638702392578,10.36056041717535],[123.97611236572277,10.360830307006893],[123.97611236572277,10.361390113830566],[123.97556304931663,10.361940383911076],[123.97556304931663,10.362219810485954],[123.97583007812534,10.36250019073509],[123.97583007812534,10.36277961730957],[123.97528076171898,10.363329887390137],[123.97499847412155,10.363329887390137],[123.97471618652344,10.363610267639274],[123.97444152832065,10.363610267639274],[123.97473907470703,10.36460018157959],[123.97483062744175,10.365099906921444],[123.97499847412155,10.365650177001953],[123.97518157959007,10.366230010986328],[123.97528076171898,10.366399765014762],[123.97541809082031,10.366649627685604],[123.97570037841797,10.366880416870117],[123.9759674072269,10.366900444030875],[123.9761962890625,10.366740226745549],[123.97643280029297,10.366459846496582],[123.97663879394531,10.366239547729435],[123.97675323486328,10.36612987518322],[123.97711944580112,10.3658704757691],[123.97749328613315,10.365779876709098],[123.97770690917969,10.365900039672965],[123.9777526855471,10.36614990234375],[123.97773742675815,10.366459846496582],[123.97776031494163,10.366769790649414],[123.97783660888683,10.36693000793457],[123.97788238525425,10.367010116577092],[123.97805023193405,10.367179870605526],[123.97831726074253,10.367250442504996],[123.97860717773449,10.3673095703125],[123.97888183593784,10.367449760437125],[123.97913360595703,10.367589950561523],[123.97920989990268,10.36763954162609],[123.97942352294922,10.367779731750488],[123.97958374023483,10.367879867553768],[123.9799499511721,10.368060111999625],[123.9800033569336,10.36808967590332],[123.98042297363304,10.36832046508789],[123.98081207275413,10.36847972869873],[123.98120880126953,10.368399620056152],[123.98164367675793,10.368269920349348],[123.98209381103516,10.368100166320914],[123.98253631591797,10.368009567260742],[123.98301696777389,10.3680295944215],[123.98301696777389,10.368590354919434],[123.98269653320347,10.368670463562012],[123.9822769165039,10.368769645690975],[123.98181152343795,10.368940353393555],[123.98148345947311,10.369250297546387],[123.9814224243164,10.369609832763786],[123.98146820068371,10.369979858398438],[123.98152923583984,10.370340347289982],[123.98153686523438,10.370690345764103],[123.98169708251987,10.3710298538208],[123.98193359375034,10.371350288391227],[123.98220062255905,10.3716201782226],[123.98242187500011,10.371919631958008],[123.9825668334961,10.372289657592887],[123.98277282714889,10.372639656066951],[123.9829788208009,10.372980117797965],[123.98323822021484,10.373270034790039],[123.9834213256836,10.37355995178234],[123.98355102539074,10.373820304870605],[123.98359680175815,10.374090194702148],[123.9836196899414,10.374349594116438],[123.98368072509766,10.374609947204704],[123.9838333129884,10.374870300292912],[123.98396301269577,10.37516975402832],[123.98415374755905,10.375479698181152],[123.98429870605514,10.375840187072697],[123.98442077636753,10.376239776611385],[123.98813629150402,10.37320995330822],[123.99047088623081,10.371310234069767],[123.99140167236374,10.370539665222282],[123.99146270751964,10.370490074157715],[123.99389648437534,10.36847972869873]]],[[[123.98184204101574,10.380359649658203],[123.9835662841798,10.377429962158317],[123.98319244384788,10.377739906311149],[123.9829788208009,10.377820014953727],[123.98277282714889,10.37804985046398],[123.98253631591797,10.378310203552246],[123.98230743408214,10.37852001190197],[123.98204040527355,10.3785400390625],[123.98177337646484,10.378350257873535],[123.98150634765659,10.377969741821232],[123.98127746582043,10.377530097961426],[123.98101043701172,10.37724971771246],[123.98068237304699,10.377220153808594],[123.98032379150402,10.377459526062012],[123.9799499511721,10.377719879150447],[123.97963714599621,10.377759933471737],[123.97930145263672,10.377719879150447],[123.97895050048874,10.377579689025879],[123.97860717773449,10.377429962158317],[123.97833251953148,10.377160072326774],[123.978271484375,10.376689910888615],[123.97837829589889,10.376239776611385],[123.97856903076217,10.37588977813732],[123.97872161865234,10.375610351562614],[123.97879791259777,10.37534046173107],[123.97870635986351,10.375069618225211],[123.97859954833996,10.3748197555542],[123.97844696044956,10.374589920043945],[123.97834014892578,10.374380111694393],[123.97820281982433,10.374210357665959],[123.97799682617233,10.37407016754156],[123.97782135009777,10.373900413513127],[123.97769165039097,10.373689651489485],[123.97757720947266,10.373479843139592],[123.97753906250011,10.373229980468807],[123.97721862792969,10.373060226440543],[123.97693634033203,10.37277984619135],[123.97638702392578,10.3725004196167],[123.97611236572277,10.372220039367733],[123.97583007812534,10.372220039367733],[123.97444152832065,10.370829582214412],[123.97444152832065,10.370280265808333],[123.97416687011719,10.369999885559196],[123.97395324707031,10.369500160217399],[123.97357177734375,10.369290351867676],[123.97313690185547,10.36896991729742],[123.97270965576217,10.368659973144588],[123.97236633300781,10.368359565734863],[123.97210693359386,10.368009567260742],[123.97197723388672,10.367549896240234],[123.97184753417991,10.367280006408691],[123.97177886962925,10.367070198059139],[123.97184753417991,10.366860389709586],[123.97184753417991,10.36485958099371],[123.97203063964866,10.364654541015682],[123.97234344482456,10.364100456237793],[123.97234344482456,10.363750457763672],[123.97206115722656,10.363470077514705],[123.97210693359386,10.363300323486442],[123.97219848632824,10.362919807434196],[123.9722671508789,10.362509727478027],[123.97219848632824,10.362019538879338],[123.97189331054733,10.361339569092024],[123.9716491699221,10.360799789428768],[123.97135162353527,10.360190391540527],[123.97096252441418,10.359789848327864],[123.97077941894543,10.359609603881836],[123.97020721435558,10.359609603881836],[123.96987152099643,10.359809875488224],[123.96923828125011,10.360429763793888],[123.96896362304722,10.360919952392578],[123.96865844726608,10.361140251159725],[123.96840667724632,10.361330032348746],[123.96806335449219,10.361680030822868],[123.96784973144531,10.362019538879338],[123.96749877929688,10.36244010925293],[123.96701049804722,10.362850189209041],[123.96687316894565,10.362850189209041],[123.96643829345737,10.362360000610352],[123.96621704101585,10.362219810485954],[123.96604919433628,10.362000465393123],[123.9660110473634,10.361669540405217],[123.96587371826172,10.361040115356445],[123.96559906005905,10.360699653625488],[123.96553039550815,10.36056041717535],[123.96531677246094,10.360349655151367],[123.9651107788086,10.36001014709484],[123.96497344970726,10.359939575195426],[123.96427154541061,10.359939575195426],[123.96392059326183,10.359589576721305],[123.96382141113315,10.359439849853572],[123.96272277832031,10.359109878540039],[123.96202850341842,10.358690261840934],[123.96176147460938,10.358420372009391],[123.9589233398442,10.364839553833008],[123.95567321777344,10.368200302124023],[123.95482635498047,10.37001037597679],[123.95287322998092,10.373020172119254],[123.94465637207043,10.375439643859863],[123.942626953125,10.37675952911377],[123.93985748291061,10.378820419311467],[123.93576049804688,10.381620407104549],[123.93052673339855,10.384819984435978],[123.92755889892578,10.391130447387638],[123.92666625976562,10.393529891967773],[123.92585754394565,10.397060394287223],[123.92548370361362,10.39918041229248],[123.92489624023449,10.401000022888184],[123.92445373535202,10.40299034118658],[123.92449188232422,10.40575027465826],[123.92478942871139,10.414340019226302],[123.92505645751953,10.418820381164664],[123.92537689208996,10.428239822387923],[123.92539978027366,10.434339523315373],[123.92569732666016,10.451629638671932],[123.92687988281295,10.450050354003906],[123.9287261962894,10.447469711303825],[123.93208312988327,10.44287014007574],[123.93435668945324,10.438810348510799],[123.93753814697266,10.433059692382812],[123.94241333007812,10.425559997558707],[123.94304656982445,10.424579620361328],[123.9467163085942,10.419770240783691],[123.9487075805664,10.416979789733944],[123.95069885253906,10.41489028930664],[123.95355987548828,10.411199569702262],[123.95683288574264,10.407239913940373],[123.95767974853516,10.406250000000227],[123.96788787841842,10.395640373230208],[123.97000885009777,10.393280029297102],[123.9713134765625,10.391920089721737],[123.97564697265659,10.387350082397518],[123.97856903076217,10.38397026062006],[123.98184204101574,10.380359649658203]]]]}},{"type":"Feature","properties":{"ID_0":177,"ISO":"PHL","NAME_0":"Philippines","ID_1":25,"NAME_1":"Cebu","ID_2":459,"NAME_2":"Cordoba","NL_NAME_2":null,"VARNAME_2":null,"TYPE_2":"Bayan|Munisipyo","ENGTYPE_2":"Municipality","PROVINCE":"Cebu","REGION":"Central Visayas (Region VII)"},"geometry":{"type":"MultiPolygon","coordinates":[[[[123.98412322998058,10.258850097656534],[123.98378753662143,10.258500099182413],[123.98345947265682,10.258179664611987],[123.98313903808594,10.25790023803711],[123.98274993896484,10.257789611816406],[123.98236083984375,10.257749557495117],[123.98206329345771,10.257619857788313],[123.98181915283249,10.257490158081168],[123.9815902709961,10.257360458374023],[123.98129272461006,10.257229804992733],[123.98095703125,10.257129669189453],[123.98063659667969,10.256939888000659],[123.98027038574219,10.256690025329817],[123.97987365722656,10.256400108337346],[123.97942352294922,10.25607967376709],[123.97897338867199,10.255729675292969],[123.97855377197266,10.255339622497786],[123.9781494140625,10.255029678344954],[123.9777297973634,10.254799842834473],[123.9773101806644,10.254650115966797],[123.97696685791027,10.254440307617244],[123.97667694091808,10.254179954528809],[123.976356506348,10.25395965576189],[123.97599792480469,10.253780364990291],[123.9756317138673,10.253640174865723],[123.97527313232445,10.253660202026651],[123.97503662109375,10.253829956054915],[123.9750137329105,10.25386047363304],[123.97489929199241,10.254139900207747],[123.97522735595703,10.254750251770076],[123.97585296630882,10.25531005859375],[123.97651672363304,10.255749702453727],[123.97714233398438,10.256139755249308],[123.97765350341808,10.256460189819563],[123.97804260253929,10.256739616394043],[123.97834014892578,10.256990432739542],[123.97859954833996,10.25724983215349],[123.9788589477539,10.257519721985034],[123.97913360595703,10.257760047912711],[123.97942352294922,10.257969856262264],[123.97971343994186,10.258190155029581],[123.9799499511721,10.25846958160406],[123.98011779785168,10.258819580078352],[123.98010253906295,10.259200096130428],[123.98055267334018,10.259010314941634],[123.9819107055664,10.258790016174316],[123.98259735107433,10.259070396423283],[123.98309326171898,10.259269714355582],[123.9838333129884,10.25994014740013],[123.984169006348,10.26023006439226],[123.98503875732422,10.261110305786133],[123.98568725586006,10.262100219726847],[123.98657989501999,10.262677192687988],[123.98650360107433,10.262479782104435],[123.98632812500057,10.262149810791243],[123.98607635498081,10.261870384216365],[123.98586273193382,10.26154994964594],[123.98567962646553,10.261190414428711],[123.98548126220726,10.260849952697924],[123.98526000976574,10.260540008545092],[123.98500061035179,10.260270118713322],[123.98475646972656,10.259989738464355],[123.98455810546909,10.259639739990234],[123.98436737060581,10.259240150451717],[123.98412322998058,10.258850097656534]]],[[[123.97344207763683,10.254540443420353],[123.97326660156261,10.254360198974666],[123.9730224609375,10.25397968292259],[123.9727096557624,10.25387954711914],[123.97234344482456,10.253899574279842],[123.97191619873058,10.254059791564998],[123.97148132324219,10.254199981689567],[123.97106170654354,10.254400253295955],[123.97064208984375,10.254400253295955],[123.97026062011719,10.254220008850098],[123.96996307373047,10.254240036010856],[123.96971893310558,10.25442981719982],[123.96945190429699,10.254610061645508],[123.96916198730526,10.25487995147705],[123.96885681152355,10.255279541015568],[123.96858978271541,10.255809783935547],[123.9686737060548,10.256460189819563],[123.96888732910179,10.257080078125227],[123.96909332275459,10.257650375366268],[123.96923065185592,10.258210182189941],[123.96945953369163,10.258689880371207],[123.9696578979499,10.259039878845329],[123.96974182128929,10.259129524231184],[123.9700164794923,10.259610176086596],[123.9703369140625,10.260040283203068],[123.97061920166084,10.260379791259766],[123.97064208984375,10.260410308838118],[123.97086334228527,10.260769844055176],[123.97102355957031,10.261070251464844],[123.97109985351562,10.261369705200252],[123.97110748291016,10.261659622192383],[123.97109985351562,10.261949539184855],[123.97103118896484,10.262249946594352],[123.97087860107479,10.262539863586653],[123.97073364257812,10.262869834900016],[123.97055053710938,10.26321029663103],[123.97039031982433,10.26342964172369],[123.97088623046898,10.263010025024414],[123.97210693359386,10.261930465698413],[123.9747009277346,10.260769844055176],[123.97725677490246,10.259920120239428],[123.97898864746105,10.259559631347884],[123.97962951660156,10.259340286254826],[123.97928619384788,10.259090423584041],[123.97895050048874,10.258760452270451],[123.97862243652412,10.25841045379633],[123.97833251953148,10.258069992065543],[123.97808837890625,10.257760047912711],[123.97782135009777,10.257570266723917],[123.97753906250011,10.257439613342285],[123.97722625732422,10.257340431213436],[123.97688293457043,10.257160186767578],[123.97647094726608,10.256930351257324],[123.9759674072269,10.256669998168888],[123.97541809082031,10.256349563598633],[123.974853515625,10.255880355835188],[123.97435760498047,10.255209922790812],[123.97393035888729,10.254810333251896],[123.97355651855491,10.254650115966797],[123.97344207763683,10.254540443420353]]],[[[123.95687103271507,10.274129867553711],[123.95720672607467,10.273859977722111],[123.95729064941406,10.274040222167969],[123.95816040039108,10.272910118103255],[123.95970153808605,10.271249771118221],[123.95966339111328,10.271169662475813],[123.95966339111328,10.27054977417015],[123.96013641357456,10.269989967346135],[123.96090698242222,10.26937007904047],[123.96224975585938,10.268619537353572],[123.96299743652378,10.268199920654297],[123.96365356445312,10.267809867858887],[123.96460723876953,10.267230033874512],[123.96649169921909,10.26605033874523],[123.96739196777378,10.265159606933707],[123.96808624267624,10.264459609985465],[123.9691390991211,10.262249946594352],[123.9686737060548,10.261119842529467],[123.96851348877021,10.260729789733887],[123.96788787841842,10.259070396423283],[123.96671295166016,10.257060050964299],[123.965652465821,10.255749702453727],[123.96453857421875,10.2554101943972],[123.96420288085994,10.255539894104004],[123.96370697021496,10.255749702453727],[123.96341705322266,10.255889892578125],[123.96286773681697,10.255889892578125],[123.96269989013672,10.255829811096476],[123.96244812011719,10.255749702453727],[123.96195983886719,10.255539894104004],[123.96183013916038,10.2554101943972],[123.96160888671886,10.255200386047306],[123.96105194091808,10.254719734192122],[123.96040344238304,10.254340171813965],[123.96022033691406,10.254229545593262],[123.95980072021496,10.25382041931158],[123.95896148681652,10.253190040588493],[123.95854187011764,10.25292015075695],[123.9581985473634,10.252710342407227],[123.95803070068405,10.252610206604118],[123.95784759521518,10.252510070800838],[123.95687103271507,10.251950263977164],[123.95630645751999,10.251469612121639],[123.95617675781261,10.25139045715332],[123.9548492431644,10.250639915466422],[123.95390319824253,10.24950981140131],[123.95374298095703,10.249320030212516],[123.95221710205078,10.247500419616813],[123.9513931274414,10.24666976928711],[123.9511108398442,10.24666976928711],[123.9508438110355,10.24639034271263],[123.95041656494175,10.24639034271263],[123.94994354248047,10.24639034271263],[123.94972229003929,10.24639034271263],[123.94944763183639,10.246109962463493],[123.94944763183639,10.245559692382756],[123.94944763183639,10.244720458984432],[123.94917297363281,10.24444961547863],[123.94917297363281,10.244170188903922],[123.9488906860355,10.243889808654785],[123.9488906860355,10.243610382080078],[123.94837188720737,10.243089675903434],[123.94769287109386,10.242400169372615],[123.94750213623058,10.242219924926758],[123.94721984863315,10.242219924926758],[123.94647979736351,10.24213981628418],[123.94568634033214,10.242199897766227],[123.94557189941452,10.24221038818365],[123.9455337524414,10.242219924926758],[123.94480895996139,10.24240970611578],[123.94368743896496,10.242690086364746],[123.9429168701173,10.243100166321028],[123.94288635253906,10.243260383605957],[123.94288635253906,10.245439529418945],[123.94288635253906,10.245679855346793],[123.94259643554722,10.245889663696516],[123.94170379638695,10.24650955200218],[123.9412078857423,10.246649742126579],[123.94078826904297,10.246709823608398],[123.9386978149414,10.246709823608398],[123.93765258789062,10.246919631958121],[123.9371566772461,10.24705982208252],[123.9366073608403,10.247340202331486],[123.93625640869152,10.247750282287825],[123.93576812744152,10.248579978942814],[123.9354934692384,10.248929977416935],[123.93514251709053,10.24927043914812],[123.9347915649414,10.249409675598201],[123.93409729003906,10.24962043762224],[123.93360900878974,10.249759674072493],[123.93283843994163,10.250100135803507],[123.93221282958984,10.250519752502555],[123.93193817138672,10.251000404358138],[123.9317703247076,10.252019882202148],[123.93190765380893,10.252499580383414],[123.93245697021507,10.253609657287768],[123.93282318115246,10.254229545593432],[123.93309020996094,10.254779815673942],[123.93337249755905,10.255339622497786],[123.93344116210972,10.256030082702864],[123.93344116210972,10.256509780883789],[123.93364715576172,10.256930351257324],[123.93392944335938,10.257200241088867],[123.93419647216831,10.257619857788313],[123.9346923828125,10.258310317993221],[123.93483734130882,10.258649826049918],[123.9351806640625,10.259550094604549],[123.93525695800781,10.259759902954102],[123.93553161621128,10.260180473327637],[123.93589019775413,10.260629653930778],[123.93630218505893,10.261139869689998],[123.93670654296875,10.261699676513672],[123.93731689453148,10.261739730835131],[123.93773651123047,10.261739730835131],[123.93786621093761,10.26138973236084],[123.93792724609375,10.26117038726835],[123.93801116943393,10.260910034179915],[123.93814849853527,10.260629653930778],[123.93829345703125,10.2603502273559],[123.93836212158214,10.260210037231502],[123.93856811523483,10.25979995727539],[123.93885040283226,10.259659767150993],[123.93927001953125,10.259659767150993],[123.93961334228538,10.25994014740013],[123.93969726562511,10.260180473327637],[123.93982696533203,10.260490417480469],[123.94024658203136,10.260769844055176],[123.94087219238315,10.261039733886719],[123.94171142578148,10.261320114135856],[123.94199371337913,10.261670112609977],[123.94241333007812,10.262009620666504],[123.94275665283226,10.262290000915641],[123.94303131103572,10.262700080871582],[123.94303131103572,10.263119697570858],[123.94275665283226,10.263319969177246],[123.94261169433594,10.263319969177246],[123.94199371337913,10.263259887695426],[123.94184875488281,10.262909889221305],[123.94171142578148,10.262769699096907],[123.94156646728561,10.262769699096907],[123.94136047363281,10.262909889221305],[123.94114685058594,10.263190269470272],[123.94109344482422,10.26333045959467],[123.94100952148449,10.26352977752697],[123.94087219238315,10.263739585876522],[123.94058990478516,10.264019966125488],[123.9401779174807,10.264289855957031],[123.93975830078125,10.264360427856445],[123.93911743164074,10.264909744262695],[123.93927001953125,10.265049934387264],[123.93961334228538,10.265190124511662],[123.93975830078125,10.265259742736816],[123.94003295898438,10.26546955108654],[123.94024658203136,10.265740394592399],[123.94052124023438,10.26601982116722],[123.9406890869144,10.26653003692627],[123.9415283203125,10.267089843750114],[123.94201660156284,10.267640113830623],[123.94249725341797,10.268329620361442],[123.94271850585983,10.268679618835563],[123.9427871704105,10.26902008056635],[123.9429168701173,10.269579887390194],[123.94306182861328,10.269849777221737],[123.94361877441429,10.270130157470703],[123.9441833496096,10.270270347595329],[123.94445800781261,10.2704696655274],[123.94480895996139,10.27095985412592],[123.94487762451206,10.271180152893066],[123.9450073242192,10.271650314331055],[123.9454269409182,10.271849632263127],[123.94634246826217,10.272339820861816],[123.94683074951183,10.27268028259283],[123.94725036621094,10.272890090942383],[123.94780731201195,10.273369789123649],[123.94835662841808,10.273650169372615],[123.94863891601574,10.274060249328727],[123.94885253906261,10.2746200561524],[123.94934082031273,10.27544975280756],[123.94954681396484,10.275930404663313],[123.94978332519543,10.276200294494856],[123.94996643066452,10.276410102844238],[123.95017242431652,10.276689529418888],[123.95044708251953,10.276969909668082],[123.95097351074264,10.27731037139904],[123.95108032226562,10.277379989624023],[123.95191955566452,10.27766036987316],[123.95247650146496,10.277729988098145],[123.95332336425815,10.277999877929688],[123.95401000976585,10.278070449829102],[123.95442962646484,10.278070449829102],[123.95478057861374,10.277930259704704],[123.9548492431644,10.277589797973746],[123.95506286621116,10.276829719543457],[123.95533752441418,10.276410102844238],[123.95575714111362,10.275930404663313],[123.95625305175827,10.275309562683162],[123.95687103271507,10.274129867553711]]]]}},{"type":"Feature","properties":{"ID_0":177,"ISO":"PHL","NAME_0":"Philippines","ID_1":25,"NAME_1":"Cebu","ID_2":460,"NAME_2":"Daanbantayan","NL_NAME_2":null,"VARNAME_2":null,"TYPE_2":"Bayan|Munisipyo","ENGTYPE_2":"Municipality","PROVINCE":"Cebu","REGION":"Central Visayas (Region VII)"},"geometry":{"type":"MultiPolygon","coordinates":[[[[124.0622482299807,11.278889656066838],[124.06226348876953,11.278570175170898],[124.06233215332043,11.278240203857706],[124.06249237060592,11.277899742126522],[124.06272125244152,11.277540206909293],[124.06285858154297,11.277090072631893],[124.0626831054692,11.276470184326229],[124.06281280517635,11.275959968566951],[124.06307983398449,11.27550983428955],[124.06345367431686,11.27509975433361],[124.06388854980537,11.274789810180778],[124.06407928466865,11.274479866027946],[124.06410217285156,11.27445030212408],[124.06400299072266,11.274029731750716],[124.06371307373081,11.273650169372559],[124.06334686279297,11.273349761963061],[124.06302642822266,11.27309989929222],[124.0627670288086,11.272879600524902],[124.06252288818371,11.272689819335938],[124.06230926513717,11.272470474243448],[124.06211853027389,11.272210121155013],[124.06189727783203,11.271909713745117],[124.06160736084018,11.271610260009709],[124.0612869262701,11.271269798278922],[124.06099700927746,11.270879745483512],[124.06070709228572,11.270540237426815],[124.06050109863281,11.270219802856388],[124.0603332519537,11.269929885864485],[124.0592727661134,11.269680023193473],[124.05877685546875,11.269399642944336],[124.05861663818416,11.268879890442122],[124.05847930908203,11.2685098648073],[124.05845642089844,11.268400192260856],[124.05835723877021,11.268090248108024],[124.05834960937568,11.267829895019588],[124.05828857421875,11.267399787902946],[124.05821990966808,11.267259597778548],[124.0581588745124,11.266819953918741],[124.05803680419979,11.266320228576717],[124.05780029296909,11.266229629516545],[124.05753326416061,11.266090393066634],[124.05738830566429,11.265810012817496],[124.05687713623047,11.265600204467773],[124.05661773681652,11.26533031463623],[124.05654907226562,11.265049934387264],[124.05654907226562,11.2645902633667],[124.0565414428711,11.264499664306925],[124.05763244628906,11.26397991180437],[124.0577163696289,11.263839721679972],[124.05737304687511,11.263279914855957],[124.05724334716797,11.262729644775618],[124.05724334716797,11.262040138244629],[124.05687713623047,11.261420249938965],[124.05660247802746,11.261139869689998],[124.05639648437545,11.2608003616333],[124.05632781982479,11.260519981384334],[124.05632781982479,11.260250091552962],[124.0570983886721,11.259559631347656],[124.05737304687511,11.259469985961971],[124.0577163696289,11.25934982299816],[124.05793762207043,11.25934982299816],[124.05876922607422,11.25934982299816],[124.05975341796909,11.259360313415584],[124.06008148193393,11.259099960327148],[124.06047058105503,11.258870124816895],[124.06086730957031,11.258580207824934],[124.06124114990234,11.258159637451229],[124.06130981445312,11.257650375366438],[124.0615234375,11.257229804992733],[124.06263732910179,11.256679534912223],[124.06360626220703,11.256540298461914],[124.06416320800804,11.256759643554744],[124.06462860107433,11.256890296936035],[124.0651016235355,11.256939888000431],[124.06555175781295,11.256950378418026],[124.0659637451173,11.256950378418026],[124.06635284423851,11.256939888000431],[124.06668853759811,11.256939888000431],[124.06701660156273,11.256970405578613],[124.06732940673862,11.257089614868164],[124.06775665283214,11.257260322570858],[124.06842041015636,11.257300376892147],[124.06890869140659,11.257209777831974],[124.06920623779308,11.257140159607047],[124.06941223144577,11.25695991516119],[124.06964111328125,11.256669998169059],[124.06993103027389,11.25631046295166],[124.06996154785168,11.25625038146984],[124.07018280029342,11.25586032867443],[124.07019805908237,11.255459785461426],[124.0702133178711,11.255330085754622],[124.07005310058628,11.254839897155762],[124.06990814208984,11.254389762878532],[124.06971740722656,11.254030227661133],[124.06952667236328,11.253700256347713],[124.06935119628906,11.25337028503418],[124.06912231445335,11.253069877624625],[124.0688705444336,11.252799987793082],[124.06862640380871,11.25255012512207],[124.06841278076217,11.252269744873104],[124.06822967529308,11.251930236816406],[124.06803131103561,11.251560211181754],[124.06775665283214,11.251190185546932],[124.06742858886719,11.25084018707281],[124.06704711914062,11.250499725341797],[124.06670379638683,11.250129699707145],[124.06640625,11.249739646911564],[124.06617736816452,11.249340057373047],[124.06609344482422,11.248880386352539],[124.06594848632824,11.24845027923584],[124.06578063964866,11.248040199279899],[124.06549835205101,11.247699737548885],[124.06523895263706,11.247329711914062],[124.06495666503906,11.2469997406007],[124.064697265625,11.246720314025993],[124.0644683837894,11.24647045135498],[124.06429290771484,11.246210098266602],[124.0641326904298,11.24590015411377],[124.06395721435581,11.245550155639648],[124.06390380859409,11.245030403137434],[124.06384277343761,11.244440078735465],[124.06363677978561,11.243849754333496],[124.06347656250011,11.243229866027832],[124.06329345703136,11.242679595947266],[124.06316375732422,11.242150306701774],[124.06295013427768,11.241769790649528],[124.06265258789062,11.241499900817985],[124.06244659423851,11.241209983825684],[124.06221008300781,11.240929603576888],[124.06194305419933,11.240659713745174],[124.06166839599643,11.240369796752873],[124.0613937377932,11.240070343017635],[124.06111145019554,11.239760398864803],[124.06083679199264,11.239450454711971],[124.06057739257812,11.239130020141545],[124.06038665771484,11.23876953125],[124.06011962890625,11.238479614257926],[124.05977630615257,11.238240242004508],[124.05947113037121,11.237970352172965],[124.05917358398449,11.237689971923828],[124.05885314941406,11.237409591674862],[124.05848693847702,11.237190246581974],[124.05814361572277,11.23694038391119],[124.05777740478561,11.2366695404055],[124.05741882324253,11.236379623413029],[124.05705261230469,11.236049652099837],[124.05668640136719,11.235659599304256],[124.05634307861351,11.235210418701172],[124.05592346191406,11.23480033874523],[124.05551147460972,11.234399795532227],[124.05513763427734,11.234009742736816],[124.05481719970726,11.23359012603754],[124.05451965332043,11.233169555664006],[124.0541229248048,11.232810020446777],[124.0537109375,11.232480049133414],[124.05332946777344,11.232139587402571],[124.05294036865234,11.2318496704101],[124.05251312255893,11.231610298156738],[124.05207061767612,11.23139953613287],[124.05156707763695,11.231209754944075],[124.05104064941406,11.231069564819336],[124.05053710937545,11.230839729309082],[124.05003356933628,11.230589866638411],[124.04953002929733,11.230330467224121],[124.04910278320312,11.22998046875],[124.0487670898442,11.229570388794059],[124.04860687255871,11.229049682617188],[124.04847717285156,11.228540420532283],[124.04823303222679,11.228119850158691],[124.0479431152346,11.227800369262923],[124.04766082763695,11.227510452270451],[124.04741668701172,11.227239608764648],[124.04721069335938,11.226969718933105],[124.04705810546886,11.226759910583553],[124.04699707031273,11.226690292358398],[124.04685211181686,11.226329803466854],[124.0466537475586,11.225979804992733],[124.04640960693393,11.2256698608399],[124.04621887207065,11.225350379943961],[124.04608917236374,11.22500038146984],[124.04598236083984,11.22461032867426],[124.04606628417969,11.224149703979606],[124.04609680175827,11.223600387573185],[124.04609680175827,11.223030090332145],[124.04605865478516,11.222490310669059],[124.04592895507824,11.222029685974178],[124.04588317871094,11.221830368042106],[124.0458221435548,11.221599578857536],[124.04579162597656,11.221139907836971],[124.04570770263717,11.220649719238281],[124.04564666748081,11.22056961059576],[124.04541778564453,11.220219612121639],[124.04521942138672,11.219790458679256],[124.04534149169933,11.219360351562727],[124.04560852050781,11.218950271606445],[124.04554748535168,11.218520164489746],[124.0454330444336,11.218159675598201],[124.04519653320358,11.217909812927246],[124.0448684692384,11.217760086059684],[124.0445327758789,11.217599868774414],[124.04415893554688,11.21747016906744],[124.04382324218761,11.217269897460994],[124.04347991943405,11.217060089111271],[124.04322052001953,11.216759681701774],[124.04311370849643,11.216389656066895],[124.0430831909182,11.215970039367676],[124.04286193847668,11.215570449829158],[124.04257202148438,11.21516036987299],[124.04232025146507,11.214699745178166],[124.0422592163086,11.214179992675838],[124.04232788085983,11.21372985839838],[124.04250335693371,11.213410377502441],[124.0426635742192,11.213129997253645],[124.04267883300793,11.213089942932356],[124.04273223876987,11.212800025939885],[124.04280853271484,11.212409973144531],[124.04295349121094,11.212010383606014],[124.04299926757812,11.211569786071891],[124.04290008544967,11.211139678955021],[124.04271697998092,11.210740089416504],[124.0424575805664,11.21037960052496],[124.04213714599655,11.210049629211426],[124.04178619384766,11.209739685058594],[124.04141235351562,11.20946979522705],[124.04105377197277,11.209230422973633],[124.0406875610355,11.20901966094982],[124.04032135009788,11.208809852600098],[124.03996276855469,11.208550453186149],[124.0396194458009,11.208209991455135],[124.03929901123081,11.207810401916618],[124.03898620605491,11.207420349121037],[124.03872680664097,11.207039833068961],[124.03842163085938,11.206740379333723],[124.03787994384766,11.206859588623274],[124.03752899169933,11.206660270690975],[124.03752899169933,11.206170082092285],[124.037391662598,11.205209732055664],[124.03726196289085,11.204489707946891],[124.0372467041019,11.204449653625602],[124.03720092773472,11.203169822692985],[124.03694915771496,11.202790260315169],[124.03678894042991,11.202429771423454],[124.03690338134766,11.202070236206055],[124.03717041015648,11.201700210571403],[124.03745269775413,11.201310157775993],[124.03768157958984,11.200860023498592],[124.03775787353561,11.20032024383545],[124.03774261474632,11.199740409851074],[124.03764343261741,11.199190139770735],[124.03753662109386,11.19867038726801],[124.03752899169933,11.198189735412654],[124.03758239746128,11.19773006439209],[124.03768920898438,11.19727993011486],[124.03771972656261,11.196860313415641],[124.03772735595714,11.19678974151617],[124.03764343261741,11.196269989013615],[124.03765106201195,11.196209907531966],[124.03756713867233,11.1957302093507],[124.03765869140625,11.195219993591309],[124.0379333496096,11.194809913635368],[124.03811645507824,11.194370269775334],[124.03827667236374,11.193920135498104],[124.03833007812545,11.193420410156477],[124.03833007812545,11.192930221557617],[124.03833007812545,11.192460060119686],[124.03833770751987,11.19198036193859],[124.03836822509766,11.191479682922477],[124.03848266601574,11.190959930419922],[124.03859710693382,11.190409660339412],[124.03868865966808,11.189860343933333],[124.03865051269577,11.189310073852653],[124.03868103027355,11.188790321350098],[124.03880310058594,11.188449859619084],[124.03880310058594,11.188349723815975],[124.03887939453136,11.187939643859863],[124.03885650634777,11.18770980834961],[124.03885650634777,11.187560081481877],[124.03874206542969,11.187210083007756],[124.03859710693382,11.186840057373274],[124.03843688964844,11.186429977416992],[124.03836059570312,11.185930252075138],[124.03838348388683,11.185370445251522],[124.03849029541027,11.184840202331543],[124.03854370117188,11.184720039367676],[124.03869628906273,11.184359550476131],[124.038818359375,11.183859825134505],[124.03884124755905,11.183369636535645],[124.03884124755905,11.183329582214355],[124.03887939453136,11.182829856872559],[124.03898620605491,11.18235969543457],[124.03913116455078,11.181969642639217],[124.0392074584961,11.181579589843807],[124.03919219970703,11.181440353393498],[124.03914642333996,11.18120002746582],[124.03884887695358,11.180820465087834],[124.0384521484375,11.180470466613713],[124.03810882568371,11.180089950561637],[124.03784942626953,11.179699897766056],[124.03772735595714,11.179309844970703],[124.03761291503906,11.178950309753418],[124.0375213623048,11.178549766540641],[124.03743743896518,11.178050041198787],[124.03723907470714,11.177510261535872],[124.03701019287143,11.176919937133903],[124.03681945800815,11.176349639892805],[124.03674316406295,11.175840377807674],[124.03679656982467,11.175410270691032],[124.0368423461914,11.175049781799316],[124.0367202758789,11.174719810485897],[124.03661346435592,11.174369812011776],[124.03645324707031,11.174079895019531],[124.03642272949264,11.174039840698242],[124.03621673584007,11.173720359802303],[124.03601837158214,11.173419952392578],[124.0358123779298,11.173170089721737],[124.03565979003952,11.172909736633358],[124.03565216064499,11.17269039154047],[124.03565216064499,11.17261028289795],[124.03584289550827,11.17218017578125],[124.03607940673828,11.17166996002203],[124.03623199462936,11.171070098877067],[124.03607940673828,11.170439720153809],[124.0360488891605,11.170379638671989],[124.03589630126953,11.170060157775822],[124.03579711914108,11.169859886169434],[124.03550720214844,11.16934013366722],[124.035400390625,11.168999671936092],[124.03534698486362,11.168820381164494],[124.03534698486362,11.168519973754996],[124.03534698486362,11.168330192565975],[124.03547668457065,11.167900085449332],[124.03555297851585,11.167449951171932],[124.03556823730469,11.166990280151367],[124.03559112548828,11.166520118713436],[124.03563690185558,11.166210174560604],[124.03566741943393,11.166099548339844],[124.03566741943393,11.166049957275618],[124.03587341308594,11.165630340576172],[124.0361328125,11.165249824523926],[124.03639221191418,11.16487026214594],[124.03661346435592,11.164469718933162],[124.03668212890659,11.164030075073356],[124.03649139404331,11.163599967956657],[124.03623199462936,11.163169860839787],[124.03616333007812,11.163000106811523],[124.03604125976608,11.16271018981945],[124.03605651855503,11.162549972534123],[124.03610229492222,11.162249565124625],[124.03621673584007,11.161879539489746],[124.03634643554688,11.161589622497672],[124.03636932373092,11.161270141601506],[124.03632354736328,11.160989761352539],[124.0362930297855,11.160650253295842],[124.03634643554688,11.160360336303768],[124.03633880615234,11.16030025482172],[124.03640747070335,11.159919738769645],[124.03645324707031,11.159489631652775],[124.03653717041016,11.159000396728572],[124.03665924072266,11.158470153808594],[124.03659057617199,11.157939910888615],[124.03634643554688,11.157469749450684],[124.03604125976608,11.157050132751408],[124.03591156005893,11.156889915466309],[124.0357131958009,11.156649589538631],[124.03563690185558,11.156120300292912],[124.03575134277344,11.155550003051871],[124.03589630126953,11.154930114746207],[124.03601837158214,11.154410362243652],[124.03604125976608,11.15429973602295],[124.03603363037155,11.153630256652832],[124.03591156005893,11.152959823608455],[124.03584289550827,11.152509689331055],[124.03582000732433,11.152350425720215],[124.03579711914108,11.152299880981559],[124.03563690185558,11.151700019836426],[124.0356063842778,11.15116024017334],[124.03558349609375,11.150719642639388],[124.03556060791016,11.150239944458121],[124.03555297851585,11.149789810180891],[124.03556060791016,11.14933967590332],[124.03556060791016,11.149259567260742],[124.03555297851585,11.148909568786621],[124.03547668457065,11.148489952087402],[124.0352935791019,11.148130416870117],[124.03507995605514,11.147800445556754],[124.03494262695312,11.147459983825797],[124.03475952148449,11.147150039672965],[124.03457641601597,11.14678955078125],[124.03439331054722,11.146409988403434],[124.0341796875,11.146059989929313],[124.03395843505893,11.14579010009777],[124.03372955322277,11.145620346069336],[124.03343963623081,11.145560264587516],[124.03311157226562,11.145669937133732],[124.0326614379884,11.145799636840877],[124.03247833251987,11.14568996429449],[124.03227233886719,11.145569801330794],[124.03199768066418,11.144860267639274],[124.03176879882812,11.144410133361873],[124.03177642822266,11.143890380859489],[124.03192901611351,11.143440246582259],[124.03204345703159,11.143050193786678],[124.0318832397461,11.14274978637701],[124.03163909912132,11.142600059509277],[124.03160858154308,11.142580032348746],[124.03146362304733,11.142569541931152],[124.03128051757847,11.142560005187988],[124.03095245361362,11.142680168151855],[124.0306167602539,11.14286994934082],[124.03060913085938,11.143050193786678],[124.03043365478516,11.143389701843375],[124.02960205078125,11.143409729003906],[124.02954864501999,11.143409729003906],[124.02944946289085,11.143409729003906],[124.029296875,11.143130302429427],[124.02903747558605,11.142629623413313],[124.02866363525425,11.142270088195914],[124.0283203125,11.14186954498291],[124.02812194824219,11.14142036437994],[124.0280532836914,11.140979766845703],[124.02797698974655,11.140569686889762],[124.02783966064499,11.140199661254883],[124.02781677246105,11.139789581298942],[124.02786254882812,11.13938045501709],[124.02787017822266,11.139329910278434],[124.02776336669922,11.138879776000977],[124.02761840820324,11.138460159301758],[124.02745819091842,11.138059616089095],[124.02722930908214,11.137680053710938],[124.0271224975586,11.13749980926508],[124.02699279785156,11.137269973754996],[124.02675628662143,11.136799812316895],[124.0265808105471,11.136529922485295],[124.02646636962902,11.136360168457088],[124.02617645263683,11.135919570922965],[124.02587127685592,11.135560035705566],[124.02558135986328,11.13512039184576],[124.02555847168003,11.135060310363713],[124.02541351318371,11.13473033905035],[124.02538299560547,11.134659767150879],[124.02523803710972,11.13418006896984],[124.02507019042969,11.133700370788574],[124.0250015258789,11.133250236511344],[124.02496337890648,11.133197784423828],[124.0248718261721,11.133099555969295],[124.0196762084961,11.135510444641113],[124.0161590576173,11.142689704894963],[124.00981903076172,11.154609680175781],[124.00209808349643,11.169989585876579],[123.99851989746105,11.170579910278548],[123.99046325683628,11.178179740905762],[123.98689270019565,11.181229591369856],[123.97519683837936,11.192070007324276],[123.96791839599621,11.199020385742301],[123.96543121337902,11.201620101928825],[123.9652099609375,11.2018404006958],[123.96160888671886,11.20557022094738],[123.96150970458984,11.205659866333065],[123.96135711669945,11.205780029296875],[123.96143341064464,11.205829620361328],[123.9619369506836,11.206110000610465],[123.96278381347679,11.206939697265682],[123.96305847168003,11.206939697265682],[123.96415710449219,11.20806026458746],[123.96444702148438,11.20806026458746],[123.96472167968784,11.208330154419002],[123.96499633789062,11.208330154419002],[123.96555328369163,11.208889961242619],[123.96555328369163,11.209170341491813],[123.96611022949253,11.209719657898006],[123.96749877929688,11.21082973480219],[123.96778106689453,11.21082973480219],[123.9680786132817,11.211130142211914],[123.96861267089844,11.211669921875],[123.96861267089844,11.211720466613883],[123.96861267089844,11.211939811706543],[123.96909332275436,11.212420463562125],[123.96943664550793,11.212779998779524],[123.96971893310558,11.212779998779524],[123.97028350830078,11.213330268859863],[123.97083282470703,11.213330268859863],[123.97110748291016,11.21360969543457],[123.97165679931663,11.21360969543457],[123.97334289550793,11.21527957916254],[123.97334289550793,11.215559959411735],[123.97389221191406,11.216110229492415],[123.97471618652344,11.216110229492415],[123.97528076171898,11.216670036315918],[123.97556304931663,11.216670036315918],[123.97583770751987,11.216939926147461],[123.97611236572277,11.216939926147461],[123.97638702392578,11.216939926147461],[123.97666931152389,11.217220306396598],[123.97693634033203,11.217220306396598],[123.97833251953148,11.218609809875431],[123.98043060302757,11.220089912414664],[123.98210144042969,11.221329689025993],[123.98406219482422,11.222990036010856],[123.98545837402355,11.224229812622184],[123.9872207641605,11.225560188293514],[123.98753356933639,11.225859642028922],[123.9883804321289,11.226710319519157],[123.98860931396518,11.22694015502941],[123.98860931396518,11.22721958160406],[123.98911285400436,11.227720260620174],[123.98999786376953,11.228610038757381],[123.98999786376953,11.228890419006404],[123.99054718017578,11.229439735412598],[123.99054718017578,11.229720115661564],[123.99083709716842,11.229999542236442],[123.99083709716842,11.231109619140625],[123.99063110351585,11.231309890747013],[123.99054718017578,11.231389999389762],[123.99083709716842,11.231659889221305],[123.99083709716842,11.231940269470272],[123.99111175537132,11.232219696044979],[123.99111175537132,11.232500076293945],[123.99186706542991,11.233269691467285],[123.99194335937511,11.233329772949332],[123.99194335937511,11.233429908752441],[123.99194335937511,11.23361015319847],[123.99272918701195,11.234399795532227],[123.99339294433616,11.23505973815918],[123.99416351318382,11.235830307006836],[123.99416351318382,11.236109733581486],[123.99430847167969,11.236260414123478],[123.99445343017624,11.23639011383068],[123.99445343017624,11.2366695404055],[123.99500274658214,11.23721981048584],[123.99500274658214,11.237500190734806],[123.99527740478527,11.237779617309684],[123.99500274658214,11.23805999755865],[123.99500274658214,11.238329887390194],[123.99555206298874,11.238889694213867],[123.99555206298874,11.239170074463004],[123.9958267211914,11.239439964294377],[123.9958267211914,11.240019798278752],[123.9958267211914,11.241390228271712],[123.99610900878906,11.241669654846248],[123.99610900878906,11.242219924926758],[123.99639129638672,11.242500305175895],[123.99639129638672,11.242779731750602],[123.99667358398438,11.243060111999569],[123.99667358398438,11.245869636535758],[123.99667358398438,11.247500419616813],[123.99694824218784,11.247779846191634],[123.99694824218784,11.24806022644043],[123.99722290039062,11.248330116271973],[123.99722290039062,11.24860954284668],[123.99749755859398,11.248889923095817],[123.99749755859398,11.249170303344783],[123.99752807617222,11.249199867248649],[123.99777984619163,11.249440193176326],[123.99777984619163,11.25],[123.99752807617222,11.250249862671012],[123.99749755859398,11.250280380249137],[123.99749755859398,11.250530242919979],[123.99749755859398,11.251110076904524],[123.99733734130893,11.251270294189453],[123.99722290039062,11.25139045715332],[123.99723052978516,11.251950263977164],[123.99694824218784,11.252220153808707],[123.99694824218784,11.252499580383358],[123.99719238281284,11.252750396728516],[123.99722290039062,11.252779960632381],[123.99722290039062,11.253149986267204],[123.99722290039062,11.25333023071289],[123.99722290039062,11.25347042083763],[123.99722290039062,11.255000114440861],[123.9971313476567,11.255089759826774],[123.99694824218784,11.255279541015739],[123.99694824218784,11.255559921264705],[123.99610900878906,11.256409645080623],[123.99610900878906,11.257220268249569],[123.99639129638672,11.257499694824446],[123.99610900878906,11.257780075073242],[123.99639129638672,11.258060455322209],[123.99639129638672,11.259719848632812],[123.99610900878906,11.26000022888195],[123.99610900878906,11.260560035705623],[123.9958267211914,11.260829925537166],[123.9958267211914,11.261389732360783],[123.99555206298874,11.261670112609977],[123.99555206298874,11.263299942016658],[123.99555206298874,11.264169692993164],[123.99527740478527,11.264439582824707],[123.99527740478527,11.26455020904541],[123.99527740478527,11.265560150146484],[123.99545288085938,11.265729904174918],[123.9958267211914,11.266110420226994],[123.9958267211914,11.266389846801871],[123.99610900878906,11.266670227050838],[123.99610900878906,11.266869544983138],[123.99610900878906,11.266949653625545],[123.99643707275425,11.2672700881958],[123.99653625488293,11.267379760742188],[123.99667358398438,11.267499923706055],[123.99667358398438,11.267539978027344],[123.99667358398438,11.267780303955192],[123.99694824218784,11.268059730529899],[123.99694824218784,11.268610000610579],[123.99777984619163,11.269439697265625],[123.99777984619163,11.2700004577639],[123.99804687500011,11.270279884338436],[123.99804687500011,11.270830154418945],[123.99916839599655,11.271940231323299],[123.99944305419922,11.271940231323299],[123.9997329711914,11.271670341491756],[123.9997329711914,11.27138996124279],[123.99992370605469,11.271200180053768],[124.00000000000034,11.271109580993596],[124.00013732910168,11.271300315856877],[124.0009002685548,11.272279739379996],[124.00166320800793,11.271940231323299],[124.00221252441406,11.272020339965877],[124.0025634765625,11.271940231323299],[124.00282287597668,11.271769523620549],[124.00332641601562,11.271739959716854],[124.00390625,11.271679878234863],[124.00453948974621,11.271690368652457],[124.00512695312523,11.271699905395621],[124.00572967529331,11.271519660949764],[124.00631713867188,11.271360397338924],[124.00694274902366,11.271180152893066],[124.00737762451217,11.271140098571777],[124.00759124755871,11.27112007141119],[124.00826263427768,11.271109580993596],[124.00830841064453,11.271109580993596],[124.0088882446289,11.271109580993596],[124.00950622558605,11.271109580993596],[124.01013946533203,11.271129608154354],[124.01055908203148,11.271109580993596],[124.01139068603527,11.27138996124279],[124.01167297363281,11.271109580993596],[124.01194763183639,11.271109580993596],[124.01212310791016,11.270939826965332],[124.01222229003906,11.270830154418945],[124.0131072998048,11.270830154418945],[124.01526641845737,11.270830154418945],[124.01555633544922,11.270540237426815],[124.01638793945358,11.270560264587402],[124.0165710449221,11.270380020141715],[124.01667022705101,11.270279884338436],[124.01693725585949,11.270279884338436],[124.01699829101562,11.27025032043457],[124.01756286621094,11.270279884338436],[124.0180435180664,11.270279884338436],[124.01820373535156,11.270279884338436],[124.01882934570324,11.270299911499137],[124.01902770996105,11.27011966705345],[124.01940917968761,11.270130157470703],[124.0196228027346,11.27013969421381],[124.02001190185592,11.270270347595272],[124.02050018310547,11.270480155944824],[124.02050018310547,11.270819664001522],[124.02043151855469,11.271369934082031],[124.02043151855469,11.271789550781307],[124.02084350585972,11.272270202636662],[124.02147674560547,11.272890090942326],[124.02210235595726,11.27295970916748],[124.02274322509777,11.273440361023063],[124.02279663085938,11.274060249328727],[124.02304840087902,11.27493953704834],[124.02330780029297,11.27527046203619],[124.02356719970703,11.275589942932129],[124.02381134033214,11.275910377502555],[124.02395629882812,11.276300430297965],[124.02416992187511,11.276610374450797],[124.02436828613293,11.27694034576416],[124.02454376220749,11.277319908142317],[124.02468872070312,11.277770042419547],[124.02468872070312,11.278300285339355],[124.02462005615234,11.278790473938216],[124.02488708496094,11.27919960021967],[124.02532958984386,11.279640197753963],[124.02548217773438,11.279780387878361],[124.02583312988281,11.280099868774528],[124.02644348144577,11.28015041351324],[124.02693176269531,11.279850006103516],[124.02677154541038,11.279680252075423],[124.02781677246105,11.279129981994743],[124.0282363891605,11.279060363769759],[124.02879333496139,11.279330253601131],[124.02887725830101,11.279330253601131],[124.0296325683596,11.279330253601131],[124.02983856201172,11.279470443725529],[124.03047180175793,11.279470443725529],[124.03085327148449,11.27892017364502],[124.03089141845749,11.278849601745605],[124.03144836425804,11.27836990356451],[124.03214263916016,11.27836990356451],[124.03305053710972,11.278440475464095],[124.03395843505893,11.278440475464095],[124.03514862060581,11.2784299850465],[124.03569030761719,11.278510093689079],[124.03579711914108,11.278519630432186],[124.03623962402378,11.278579711914006],[124.03677368164074,11.278499603271484],[124.03730010986328,11.27836990356451],[124.03735351562511,11.278360366821346],[124.03790283203136,11.278329849243221],[124.03849029541027,11.278329849243221],[124.03901672363281,11.278380393981934],[124.03948974609409,11.278570175170898],[124.03997039794922,11.278610229492188],[124.0404434204105,11.278479576110897],[124.04070281982445,11.278409957885799],[124.04097747802746,11.278409957885799],[124.04132843017624,11.278479576110897],[124.04167938232422,11.278479576110897],[124.04203033447288,11.278550148010368],[124.04237365722656,11.278690338134766],[124.04258728027378,11.278809547424316],[124.04328155517624,11.278889656066838],[124.04354095459018,11.278949737548885],[124.04398345947266,11.279029846191634],[124.04425048828159,11.278940200805721],[124.04440307617199,11.278889656066838],[124.04496002197277,11.27882003784191],[124.04544830322322,11.278889656066838],[124.04586791992188,11.278889656066838],[124.04628753662155,11.278960227966309],[124.04705810546886,11.279100418091048],[124.04744720458996,11.279459953308105],[124.0477371215826,11.279729843139648],[124.04818725585983,11.279859542846623],[124.04868316650402,11.279970169067553],[124.04923248291016,11.279999732971191],[124.04930114746094,11.280030250549544],[124.04979705810547,11.280099868774698],[124.04989624023438,11.280229568481673],[124.0500411987307,11.28042984008789],[124.05082702636719,11.280650138855208],[124.05090332031273,11.280690193176326],[124.0511779785162,11.280690193176326],[124.05166625976585,11.280830383300895],[124.05222320556652,11.280969619750977],[124.05249786376964,11.281109809875545],[124.05333709716842,11.28125],[124.0536117553711,11.281390190124739],[124.05500030517601,11.281459808349666],[124.0558319091798,11.282219886779728],[124.05610656738281,11.282219886779728],[124.05695343017578,11.283060073852539],[124.05750274658203,11.283060073852539],[124.05777740478584,11.283329963684082],[124.05832672119152,11.283329963684082],[124.05860900878963,11.283610343933049],[124.0595932006836,11.284299850463867],[124.06004333496105,11.284600257873592],[124.06060791015636,11.285010337829704],[124.06165313720714,11.285140037536848],[124.06375885009822,11.286199569702148],[124.064697265625,11.2859401702882],[124.06472015380916,11.285690307617188],[124.06474304199219,11.285409927368221],[124.06439208984375,11.284580230712834],[124.06416320800804,11.284370422363509],[124.06388854980537,11.284130096435604],[124.063720703125,11.283780097961483],[124.0636215209961,11.283359527587947],[124.06352996826172,11.282890319824276],[124.06331634521553,11.282460212707804],[124.06291961669945,11.282320022583235],[124.06250762939464,11.28217983245844],[124.06243133544979,11.281909942626896],[124.06243133544979,11.28162956237793],[124.06250762939464,11.281080245971907],[124.06257629394531,11.280059814453239],[124.0624771118164,11.279600143432674],[124.06230926513717,11.279239654540959],[124.0622482299807,11.278889656066838]]]]}},{"type":"Feature","properties":{"ID_0":177,"ISO":"PHL","NAME_0":"Philippines","ID_1":25,"NAME_1":"Cebu","ID_2":461,"NAME_2":"Dalaguete","NL_NAME_2":null,"VARNAME_2":null,"TYPE_2":"Bayan|Munisipyo","ENGTYPE_2":"Municipality","PROVINCE":"Cebu","REGION":"Central Visayas (Region VII)"},"geometry":{"type":"Polygon","coordinates":[[[123.5535583496096,9.811249732971305],[123.55329132080124,9.811090469360465],[123.55299377441429,9.810930252075195],[123.55259704589878,9.810839653015194],[123.55214691162155,9.810759544372786],[123.55166625976562,9.81066989898693],[123.55130004882812,9.810600280761776],[123.55119323730514,9.810580253601074],[123.55069732666038,9.81056976318365],[123.55024719238315,9.810660362243596],[123.54984283447288,9.810790061950797],[123.54943084716808,9.810870170593319],[123.54907226562511,9.811050415039006],[123.54869079589855,9.811129570007267],[123.54833984375034,9.811200141906738],[123.54818725585938,9.811200141906738],[123.54808044433639,9.811189651489315],[123.54802703857445,9.811189651489315],[123.54798889160156,9.811169624328556],[123.54772949218761,9.811039924621582],[123.54743957519565,9.810799598694075],[123.54723358154297,9.810560226440487],[123.54694366455124,9.810560226440487],[123.5465774536134,9.810199737548771],[123.54638671875011,9.8100004196167],[123.54611206054722,9.8100004196167],[123.54582977294933,9.809720039367676],[123.54528045654342,9.809720039367676],[123.54332733154308,9.807780265808162],[123.54332733154308,9.807959556579704],[123.54305267334018,9.807579994201717],[123.54273223876953,9.807200431823787],[123.54234313964844,9.806870460510368],[123.54200744628918,9.806480407714787],[123.54168701171875,9.806159973144531],[123.5413818359375,9.805830001831168],[123.5410766601567,9.805529594421444],[123.5407485961914,9.805279731750488],[123.54036712646484,9.80504035949707],[123.53991699218761,9.80490970611578],[123.53946685791016,9.80475044250494],[123.53897094726585,9.804719924926985],[123.53846740722668,9.804770469665527],[123.53813934326172,9.804900169372672],[123.53801727294945,9.804940223693961],[123.53759002685592,9.804880142211914],[123.53735351562523,9.804699897766056],[123.53720855712936,9.804610252380371],[123.53713989257847,9.804559707641658],[123.5368270874028,9.804329872131404],[123.53653717041016,9.804010391235465],[123.53634643554688,9.803580284118766],[123.53610992431663,9.803130149841536],[123.53589630126964,9.802639961242676],[123.53582763671898,9.802109718322697],[123.53574371337936,9.801600456237736],[123.5355606079105,9.801139831542912],[123.535400390625,9.80066967010498],[123.53530883789108,9.800350189208984],[123.53526306152344,9.800200462341309],[123.53508758544922,9.799790382385368],[123.5350112915039,9.799389839172363],[123.5349731445317,9.799019813537711],[123.53482818603516,9.798689842224121],[123.53473663330124,9.79833984375],[123.53472137451172,9.797949790954647],[123.53472137451172,9.797579765319767],[123.53472137451172,9.797229766845646],[123.53472137451172,9.796890258789176],[123.53472137451172,9.796520233154297],[123.53472137451172,9.796119689941463],[123.5347290039067,9.795680046081486],[123.53479003906295,9.79524040222168],[123.53498840332065,9.794839859008903],[123.5350494384769,9.79469013214134],[123.53515625000023,9.794429779052734],[123.53531646728527,9.793990135192928],[123.5355606079105,9.793560028076286],[123.53582000732445,9.793109893798885],[123.5360794067384,9.792659759521428],[123.53627777099621,9.792189598083496],[123.53656005859386,9.79181003570551],[123.5366668701173,9.791350364685172],[123.53675079345714,9.790929794311637],[123.53691101074219,9.790579795837516],[123.5369873046875,9.79022026062006],[123.53713989257847,9.789910316467228],[123.53721618652389,9.789580345154036],[123.53724670410168,9.78921985626232],[123.5373764038086,9.788860321044922],[123.53743743896496,9.788479804992619],[123.53727722168003,9.788080215454102],[123.53716278076195,9.787639617920036],[123.53697204589866,9.78722000122093],[123.53685760498058,9.786740303039664],[123.53665161132824,9.786330223083553],[123.53662872314453,9.786290168762434],[123.53639984130882,9.78594970703125],[123.53614044189487,9.785590171814022],[123.53588867187511,9.785229682922306],[123.5356674194336,9.784850120544547],[123.53543853759788,9.784480094909668],[123.5351181030278,9.784150123596305],[123.53475952148449,9.783769607544002],[123.53440093994186,9.783320426940918],[123.53395080566406,9.782870292663688],[123.53360748291027,9.782309532165584],[123.53337860107422,9.781820297241154],[123.53333282470737,9.781720161438216],[123.53305053710949,9.781149864196777],[123.53278350830078,9.780639648437727],[123.53250122070358,9.780150413513184],[123.53225708007858,9.77964973449707],[123.53212738037143,9.779049873352278],[123.5318374633789,9.778490066528263],[123.53163146972679,9.7778701782226],[123.53140258789062,9.777270317077694],[123.53135681152389,9.777130126953125],[123.5313415527346,9.777050018310547],[123.53122711181675,9.776659965515137],[123.53108215332031,9.776069641113509],[123.5308837890625,9.775500297546387],[123.53083801269543,9.774930000305119],[123.5308837890625,9.77437973022461],[123.53106689453125,9.773900032043684],[123.53118896484375,9.773440361023006],[123.53135681152389,9.773050308227596],[123.53146362304688,9.772640228271484],[123.53164672851562,9.772310256958065],[123.53180694580112,9.771929740905819],[123.53196716308594,9.771530151367301],[123.5322265625,9.77110958099371],[123.53250122070358,9.770669937133732],[123.53278350830078,9.770210266113395],[123.53304290771496,9.769800186157283],[123.5331802368164,9.769579887390137],[123.53327178955112,9.769450187683162],[123.53350830078136,9.769129753112907],[123.53389739990268,9.768819808960075],[123.53421020507858,9.768610000610352],[123.53434753418014,9.768520355224666],[123.5346908569336,9.768119812011832],[123.53492736816452,9.767669677734602],[123.53507995605469,9.767180442810059],[123.53529357910156,9.766819953918514],[123.53533935546886,9.766739845276106],[123.5356674194336,9.766329765319824],[123.53605651855469,9.765890121460018],[123.53632354736362,9.765399932861328],[123.53640747070312,9.764860153198185],[123.53652954101562,9.764349937438965],[123.53668212890648,9.763879776001033],[123.53678894042969,9.76338005065918],[123.5366668701173,9.763119697570744],[123.53652191162143,9.762760162353516],[123.53662872314453,9.762249946594295],[123.5366668701173,9.761759757995605],[123.53671264648472,9.761320114135799],[123.53684234619152,9.760919570922965],[123.53694152832043,9.760540008544979],[123.53704833984386,9.760199546814022],[123.53723144531261,9.759880065918026],[123.53743743896496,9.759550094604492],[123.53755187988281,9.759149551391658],[123.53772735595726,9.758740425109863],[123.53777313232422,9.758279800414982],[123.53766632080112,9.757820129394645],[123.53748321533203,9.757379531860352],[123.53720855712936,9.756979942321834],[123.53687286376976,9.756609916687012],[123.53643798828125,9.756319999694881],[123.53600311279331,9.756030082702637],[123.53550720214855,9.755840301513615],[123.5350112915039,9.755669593811092],[123.53453063964844,9.755490303039494],[123.53408813476597,9.755290031433105],[123.53360748291027,9.755129814148006],[123.53314208984409,9.754960060119743],[123.53269195556686,9.754739761352596],[123.53224945068405,9.754509925842342],[123.53208160400402,9.754389762878645],[123.53182220459007,9.75419998168951],[123.53137207031284,9.75391006469738],[123.53089904785156,9.753700256347656],[123.53044891357422,9.753580093383846],[123.53006744384766,9.7533798217774],[123.52973175048828,9.753190040588436],[123.52947998046875,9.753279685974121],[123.52911376953125,9.753410339355582],[123.52863311767624,9.75341987609886],[123.52851104736362,9.753399848937988],[123.52823638916016,9.753339767456112],[123.52784729003906,9.753230094909725],[123.52749633789074,9.753049850463867],[123.52713775634777,9.752840042114485],[123.52673339843761,9.752690315246582],[123.52635955810558,9.752490043640364],[123.52599334716808,9.752249717712516],[123.52558898925793,9.751999855041504],[123.52522277832043,9.751620292663517],[123.52487182617233,9.751199722290153],[123.52446746826183,9.750909805297908],[123.52400207519554,9.75082969665533],[123.52352905273483,9.750769615173283],[123.5231170654298,9.750559806823787],[123.52277374267624,9.75032043457054],[123.52242279052734,9.750080108642692],[123.52204132080078,9.74989032745367],[123.5217514038086,9.749560356140137],[123.52144622802768,9.749190330505485],[123.52126312255893,9.749010086059627],[123.52108764648438,9.748849868774471],[123.52075195312523,9.748510360717773],[123.52041625976562,9.748189926147518],[123.5201034545903,9.747859954833984],[123.51976013183594,9.747529983520565],[123.51941680908226,9.747209548950138],[123.51902770996128,9.746899604797306],[123.5186996459961,9.746540069580078],[123.51840209960972,9.746150016784668],[123.5181808471682,9.745699882507267],[123.51785278320312,9.745309829711857],[123.5174026489259,9.744970321655387],[123.5169677734375,9.744549751281795],[123.51653289794933,9.744059562683105],[123.5160598754884,9.743619918823299],[123.51561737060547,9.743209838867188],[123.51524353027344,9.74285030365013],[123.51480865478516,9.742679595947209],[123.51447296142578,9.742440223693848],[123.51422882080078,9.742159843444881],[123.51419067382858,9.742119789123592],[123.51393890380905,9.741709709167424],[123.51370239257835,9.741189956665096],[123.51348876953159,9.740579605102539],[123.51331329345726,9.740150451660156],[123.51325225830112,9.739990234375057],[123.51303863525436,9.739419937133789],[123.51287078857456,9.739100456237793],[123.51278686523438,9.738920211791935],[123.51270294189453,9.738430023193473],[123.51249694824219,9.738019943237305],[123.51233673095714,9.737620353698787],[123.51223754882824,9.737219810485783],[123.5122528076173,9.736820220947266],[123.51236724853538,9.736459732055721],[123.51249694824219,9.73628044128418],[123.51193237304688,9.73622035980236],[123.5022964477539,9.739330291748104],[123.48956298828136,9.743180274963322],[123.48288726806652,9.74384975433361],[123.47770690918014,9.744609832763672],[123.47290802001953,9.745849609375],[123.47161102294933,9.746319770812931],[123.47122955322277,9.746470451354924],[123.46797180175827,9.747670173644963],[123.46602630615234,9.748629570007324],[123.46589660644543,9.748689651489371],[123.46436309814464,9.749449729919434],[123.46005249023438,9.751649856567383],[123.4600219726567,9.751669883728141],[123.45390319824241,9.75625991821289],[123.45054626464878,9.758970260620117],[123.44905090332031,9.760169982910156],[123.44348907470737,9.765219688415641],[123.43730926513695,9.771659851074276],[123.43351745605503,9.776639938354606],[123.43115997314499,9.779219627380371],[123.43779754638672,9.795149803161735],[123.43981933593784,9.79749965667719],[123.4414672851567,9.799980163574332],[123.45223236083984,9.817850112915039],[123.45967864990234,9.828519821167106],[123.46704864501964,9.838489532470703],[123.46946716308594,9.842350006103743],[123.47151947021496,9.84757041931158],[123.4726333618164,9.850460052490234],[123.47339630126953,9.853599548339787],[123.47354125976574,9.854740142822493],[123.47438812255893,9.860730171203727],[123.47438049316418,9.867440223693904],[123.47376251220737,9.87255001068138],[123.47354888916038,9.875169754028434],[123.49002075195324,9.865630149841309],[123.49632263183628,9.861359596252498],[123.50000762939453,9.858719825744743],[123.50238800048828,9.85696029663086],[123.51689147949219,9.846159934997559],[123.51991271972702,9.844070434570312],[123.52900695800827,9.837750434875488],[123.53560638427746,9.832699775695914],[123.54360961914062,9.825630187988338],[123.54979705810592,9.821590423584098],[123.55877685546886,9.815059661865291],[123.55863952636753,9.814860343933333],[123.55829620361328,9.81437969207758],[123.55793762207065,9.813940048217773],[123.5575180053711,9.813559532165527],[123.55711364746128,9.813190460205135],[123.5565872192384,9.812990188598746],[123.55609893798874,9.812780380249023],[123.55563354492199,9.812600135803166],[123.55518341064476,9.812419891357479],[123.55478668212902,9.812230110168684],[123.55444335937534,9.812049865722656],[123.55415344238281,9.8118896484375],[123.55393981933616,9.811679840088004],[123.55377960205078,9.811429977416992],[123.5535583496096,9.811249732971305]]]}},{"type":"Feature","properties":{"ID_0":177,"ISO":"PHL","NAME_0":"Philippines","ID_1":25,"NAME_1":"Cebu","ID_2":462,"NAME_2":"Danao City","NL_NAME_2":null,"VARNAME_2":null,"TYPE_2":"Lungsod|Siyudad","ENGTYPE_2":"City","PROVINCE":"Cebu","REGION":"Central Visayas (Region VII)"},"geometry":{"type":"Polygon","coordinates":[[[124.02236938476597,10.55403995513916],[124.02545928955078,10.553279876709098],[124.02578735351562,10.553359985351676],[124.02583312988281,10.553119659423771],[124.02583312988281,10.552840232849121],[124.02617645263683,10.552619934082145],[124.02667236328136,10.552309989929313],[124.02863311767578,10.552029609680176],[124.02967071533203,10.551899909973372],[124.03035736083984,10.55259037017828],[124.03064727783249,10.553420066833496],[124.03073120117188,10.55362987518322],[124.03079223632812,10.553770065307617],[124.03092193603516,10.554109573364315],[124.03161621093761,10.554730415344238],[124.03231811523438,10.554800033569393],[124.03273773193405,10.554659843444824],[124.03357696533237,10.554320335388127],[124.0343399047855,10.554109573364315],[124.03475952148449,10.554869651794547],[124.03482818603516,10.555910110473746],[124.03475952148449,10.557359695434798],[124.0340270996096,10.558130264282454],[124.03392028808605,10.558259963989258],[124.03357696533237,10.559149742126465],[124.03343200683628,10.559849739074707],[124.03343200683628,10.560950279235954],[124.03365325927734,10.561429977416992],[124.03420257568393,10.561849594116438],[124.03504180908214,10.561369895935172],[124.03545379638695,10.56011962890625],[124.03579711914108,10.557700157165584],[124.03566741943393,10.556739807129134],[124.03594207763672,10.555489540100211],[124.03649902343773,10.55459022521967],[124.03662109375034,10.55397987365734],[124.03713226318405,10.551340103149357],[124.03677368164074,10.549360275268555],[124.03663635253906,10.548720359802303],[124.03681182861362,10.548100471496639],[124.03706359863315,10.547200202942008],[124.03691864013672,10.546299934387207],[124.03574371337913,10.545749664306697],[124.03469085693382,10.545189857483024],[124.03424072265625,10.544710159301758],[124.03357696533237,10.54401969909668],[124.03341674804688,10.543560028076286],[124.03328704833984,10.54319953918457],[124.03325653076195,10.543160438537598],[124.0330734252932,10.542579650878906],[124.03292846679733,10.542189598083496],[124.0330734252932,10.54220008850092],[124.03289794921875,10.541830062866268],[124.03278350830101,10.541419982910156],[124.0326614379884,10.540960311889592],[124.03247070312511,10.540479660034407],[124.03230285644554,10.53993988037115],[124.03217315673874,10.539349555969352],[124.03193664550781,10.538869857788086],[124.03166961669956,10.53843021392828],[124.03134918212913,10.538009643554688],[124.03099060058594,10.53765010833763],[124.03096771240257,10.537619590759334],[124.0304565429692,10.537320137023926],[124.03029632568371,10.536899566650334],[124.03024291992188,10.536439895629996],[124.03006744384811,10.536040306091309],[124.02993011474655,10.535619735717717],[124.02976226806675,10.535240173339957],[124.02971649169933,10.534830093383846],[124.02971649169933,10.534429550171012],[124.02971649169933,10.534130096435604],[124.02971649169933,10.534070014953556],[124.02971649169933,10.53372955322277],[124.0297470092778,10.533379554748649],[124.02987670898483,10.53302001953125],[124.0300216674807,10.532580375671444],[124.03027343750011,10.532150268554744],[124.03053283691406,10.531709671020451],[124.03079223632812,10.531310081481934],[124.03102874755905,10.53092002868658],[124.03130340576172,10.530619621276855],[124.03164672851608,10.529999732971191],[124.03221130371116,10.529479980468807],[124.03276824951183,10.529040336609],[124.03305816650425,10.528639793395996],[124.03327941894531,10.528109550476017],[124.03325653076195,10.527759552001953],[124.03325653076195,10.527469635009993],[124.03292083740234,10.52694034576416],[124.03269195556663,10.526630401611328],[124.03265380859375,10.526590347290039],[124.03253173828125,10.52641963958746],[124.03222656250045,10.525859832763672],[124.03193664550781,10.525340080261458],[124.03166961669956,10.52484035491949],[124.03143310546886,10.524330139160213],[124.03125762939476,10.523759841918945],[124.03111267089844,10.523170471191634],[124.03095245361362,10.522589683532772],[124.03086853027355,10.5223197937014],[124.03077697753929,10.522040367126579],[124.0305633544923,10.52157020568859],[124.03031921386764,10.52112007141136],[124.03015899658203,10.520660400390625],[124.02987670898483,10.520290374755973],[124.02957153320347,10.519969940185547],[124.0293426513673,10.519610404968319],[124.02915191650402,10.519249916076774],[124.02896118164074,10.518939971923942],[124.02889251708984,10.51863002777111],[124.02887725830101,10.518309593200684],[124.02889251708984,10.517950057983455],[124.02889251708984,10.517910003662166],[124.02889251708984,10.517499923705998],[124.02887725830101,10.516940116882381],[124.02887725830101,10.516860008239973],[124.02883911132812,10.516289710998535],[124.02868652343773,10.515729904174918],[124.02866363525425,10.515609741211051],[124.02852630615234,10.514880180358944],[124.02837371826183,10.514349937439022],[124.02829742431663,10.514129638671875],[124.0280914306644,10.513409614563102],[124.0280532836914,10.51266956329357],[124.02808380126964,10.511980056762752],[124.02821350097702,10.511380195617676],[124.02831268310547,10.510849952697868],[124.02837371826183,10.51033973693842],[124.02855682373058,10.509909629821777],[124.02871704101562,10.509469985961971],[124.0289077758789,10.509059906005803],[124.02916717529342,10.508709907531738],[124.02944946289085,10.508379936218319],[124.0297470092778,10.50806045532238],[124.0300979614259,10.50772953033453],[124.03041076660156,10.507340431213436],[124.0307388305664,10.506930351257267],[124.03106689453148,10.506500244140625],[124.0313720703125,10.506019592285213],[124.03163909912132,10.50553035736084],[124.03192901611351,10.505069732666016],[124.03233337402344,10.50471019744873],[124.03270721435547,10.504110336303825],[124.03289794921875,10.50255012512207],[124.03298950195358,10.501830101013297],[124.03305816650425,10.500240325927848],[124.03296661376964,10.498390197753963],[124.0327987670903,10.497779846191463],[124.03263092041016,10.497130393981934],[124.03227996826183,10.496560096740836],[124.03195190429688,10.49594974517828],[124.03161621093761,10.495329856872615],[124.03130340576172,10.494739532470646],[124.03096771240257,10.494190216064453],[124.03064727783249,10.49368953704834],[124.03040313720726,10.493189811706486],[124.03014373779331,10.49275016784668],[124.02995300293003,10.492329597473145],[124.0297470092778,10.491950035095158],[124.02960205078125,10.49155044555664],[124.02944183349632,10.49116039276123],[124.02925872802757,10.490759849548454],[124.02909851074219,10.489680290222395],[124.02874755859386,10.488920211791992],[124.02773284912132,10.488349914550724],[124.02749633789062,10.487919807434082],[124.02726745605514,10.487640380859375],[124.02716064453148,10.48733997344965],[124.0271224975586,10.487239837646541],[124.02691650390625,10.486820220947322],[124.0266571044923,10.486359596252498],[124.02639007568382,10.485859870910645],[124.02610778808616,10.485289573669377],[124.02583312988281,10.484700202941895],[124.02551269531261,10.484129905700627],[124.02516174316452,10.483619689941406],[124.02483367919922,10.483169555664176],[124.02448272705101,10.482760429382324],[124.02416229248092,10.48235988616949],[124.02382659912155,10.481989860534668],[124.02349090576172,10.481679916381836],[124.02317810058594,10.481389999389762],[124.02291870117188,10.481109619140568],[124.02269744873081,10.480859756469783],[124.02250671386753,10.480620384216536],[124.02233123779297,10.480380058288688],[124.02220916748047,10.480079650878963],[124.02204132080078,10.47980976104759],[124.02192687988327,10.479519844055119],[124.02176666259766,10.479249954223576],[124.02168273925827,10.478949546814079],[124.02163696289062,10.478599548339957],[124.02149200439499,10.478289604187125],[124.02137756347656,10.477959632873535],[124.02121734619152,10.477620124816895],[124.02115631103561,10.47735977172863],[124.02113342285168,10.477239608764592],[124.02111053466842,10.476819992065543],[124.02108001708984,10.476380348205566],[124.02095794677757,10.475950241088867],[124.02085113525425,10.475509643554744],[124.02084350585972,10.475049972534237],[124.02084350585972,10.47461032867443],[124.02084350585972,10.47418022155773],[124.02084350585972,10.473759651184196],[124.02082824707031,10.473329544067326],[124.02084350585972,10.472880363464412],[124.02085876464866,10.47239971160883],[124.02097320556686,10.471899986267204],[124.02098846435581,10.471779823303166],[124.02105712890648,10.471369743347395],[124.02113342285168,10.470820426940975],[124.02118682861328,10.470290184021053],[124.02104187011753,10.470020294189453],[124.02079772949253,10.470219612121582],[124.01821899414062,10.47227954864502],[124.01676940918014,10.473649978637752],[124.01512145996128,10.474760055541935],[124.01197814941418,10.476030349731445],[124.01125335693393,10.476289749145565],[124.01029205322311,10.476940155029354],[124.00956726074219,10.477620124816895],[124.00829315185547,10.478509902954102],[124.00652313232422,10.478980064392033],[124.00462341308605,10.481109619140568],[124.00176239013683,10.48268985748291],[124.0009384155278,10.483480453491268],[123.99806213378918,10.48488998413086],[123.99655914306686,10.485850334167537],[123.99511718750023,10.486809730529899],[123.99149322509788,10.490030288696516],[123.98789978027344,10.491909980773869],[123.98040771484409,10.494589805603141],[123.97016906738281,10.499199867248649],[123.96749114990234,10.500439643859977],[123.9607925415039,10.503390312194881],[123.94875335693393,10.502400398254338],[123.93647003173874,10.50177001953125],[123.9258728027346,10.501399993896598],[123.9180908203125,10.501139640808162],[123.90210723876964,10.50092983245844],[123.89083862304733,10.500289916992415],[123.89054107666016,10.50115966796875],[123.89026641845749,10.501580238342285],[123.88907623291016,10.50170993804943],[123.88803100585983,10.501859664916935],[123.88646697998058,10.502030372619856],[123.8849334716798,10.50294017791748],[123.88432312011719,10.503820419311523],[123.88506317138695,10.504549980163802],[123.88658142089866,10.504460334777946],[123.8874664306644,10.504249572753906],[123.88799285888683,10.504770278930778],[123.88773345947288,10.505319595336971],[123.88678741455078,10.505940437317122],[123.88538360595703,10.506019592285213],[123.88490295410156,10.505979537963924],[123.88432312011719,10.506770133972168],[123.88417816162121,10.507679939270076],[123.88440704345749,10.509050369262695],[123.88506317138695,10.51033973693842],[123.8861770629884,10.510270118713493],[123.8866195678711,10.511090278625716],[123.88646697998058,10.511930465698356],[123.88588714599621,10.512749671936149],[123.8846206665039,10.512760162353572],[123.88356018066406,10.513339996337947],[123.88130950927746,10.51331996917719],[123.88123321533237,10.513839721679744],[123.88217163085949,10.514820098876953],[123.88303375244152,10.516150474548454],[123.88249206543014,10.51723957061779],[123.88202667236328,10.517379760742188],[123.88124084472679,10.517370223999023],[123.88014984130905,10.517149925231934],[123.87931060791027,10.517580032348576],[123.87850189209018,10.517640113830623],[123.8782882690432,10.51858997344982],[123.87716674804722,10.519450187683162],[123.87539672851574,10.51959037780756],[123.87454223632824,10.518919944763184],[123.8737182617192,10.518320083618278],[123.87309265136764,10.518280029296989],[123.87245941162143,10.518950462341536],[123.87129211425781,10.518429756164494],[123.8705062866211,10.51710033416748],[123.86937713623047,10.516830444335938],[123.86810302734375,10.51624011993431],[123.86747741699219,10.514909744262638],[123.86643981933605,10.51529979705822],[123.8662567138673,10.516730308532829],[123.86615753173862,10.51778984069847],[123.86612701416016,10.518110275268555],[123.86564636230469,10.519289970398063],[123.86480712890625,10.520279884338379],[123.86424255371105,10.522150039672965],[123.86414337158214,10.522680282592773],[123.8636474609375,10.523260116577148],[123.86160278320335,10.524230003356934],[123.86003112792969,10.524470329284611],[123.85896301269531,10.523209571838436],[123.85820770263672,10.524069786071777],[123.85906219482422,10.525810241699219],[123.85968780517601,10.52639007568365],[123.86073303222668,10.526479721069336],[123.86163330078125,10.527700424194563],[123.86147308349621,10.5281600952149],[123.86222076416061,10.52925968170166],[123.86179351806663,10.529780387878532],[123.86148071289074,10.530229568481445],[123.86244964599621,10.530949592590389],[123.8631362915039,10.532460212707576],[123.86205291748058,10.533129692077637],[123.86074829101608,10.533220291137638],[123.86062622070347,10.534469604492301],[123.85955047607467,10.534310340881461],[123.85854339599632,10.534339904785156],[123.8578567504884,10.535770416259766],[123.8579330444336,10.536479949951286],[123.85730743408226,10.538020133972111],[123.85743713378906,10.539239883423079],[123.85730743408226,10.540519714355526],[123.85695648193393,10.54143047332775],[123.85704040527344,10.541950225830135],[123.857421875,10.54209995269781],[123.8582916259769,10.54218006134056],[123.85846710205124,10.541919708251953],[123.85854339599632,10.541399955749625],[123.85880279541027,10.540670394897688],[123.85930633544945,10.540450096130371],[123.85952758789062,10.540929794311637],[123.85939788818371,10.541330337524471],[123.85987091064487,10.54158973693859],[123.86029815673828,10.541090011596793],[123.86065673828125,10.54088020324707],[123.86110687255871,10.541270256042424],[123.8612670898442,10.541970252990666],[123.86199188232422,10.54209995269781],[123.86248016357456,10.541600227356184],[123.8631362915039,10.542010307312125],[123.86292266845737,10.54246997833252],[123.86334991455078,10.543259620666618],[123.86356353759811,10.543359756469727],[123.86399078369186,10.543709754943848],[123.86414337158214,10.54413986206049],[123.86476135253952,10.544420242309627],[123.86521148681675,10.543990135192985],[123.86538696289074,10.543510437011719],[123.8653564453125,10.54284954071045],[123.86554718017578,10.542249679565543],[123.86627960205124,10.542090415954704],[123.8665771484375,10.542759895324764],[123.86689758300781,10.542969703674316],[123.86766052246094,10.542830467224235],[123.86817932128929,10.542599678039664],[123.86878204345737,10.542110443115234],[123.86891937255871,10.541449546814022],[123.86872863769543,10.541210174560604],[123.86834716796886,10.541609764099121],[123.8676910400394,10.541410446167049],[123.86766052246094,10.540740013122672],[123.86785888671875,10.540229797363224],[123.86740112304699,10.539819717407454],[123.86736297607422,10.53876972198492],[123.86802673339844,10.538789749145508],[123.86855316162121,10.538479804992676],[123.86924743652344,10.537469863891602],[123.86987304687511,10.537070274353255],[123.8709411621096,10.53610038757347],[123.87084197998058,10.535869598388729],[123.86985015869186,10.535699844360295],[123.86992645263706,10.53518009185791],[123.86958312988293,10.534440040588436],[123.86982727050781,10.53372955322277],[123.87059020996094,10.534199714660758],[123.8717727661134,10.53262996673584],[123.87264251709018,10.532779693603572],[123.87336730957031,10.533379554748649],[123.87423706054733,10.533209800720215],[123.8747787475586,10.533109664917106],[123.87571716308616,10.533349990844783],[123.87634277343795,10.532750129699707],[123.87721252441418,10.531599998474235],[123.87773895263706,10.531620025634766],[123.87792205810592,10.531949996948356],[123.87760925293003,10.532290458679142],[123.8778762817384,10.53256988525402],[123.87879943847656,10.532910346984806],[123.8791732788086,10.532739639282283],[123.87951660156284,10.532429695129451],[123.88037872314464,10.532719612121525],[123.88085937500023,10.532620429992733],[123.88147735595703,10.532449722290153],[123.88188934326183,10.532050132751465],[123.88152313232433,10.531439781188908],[123.88197326660156,10.53059005737316],[123.88246917724621,10.530500411987305],[123.88313293457065,10.53059005737316],[123.88317108154297,10.529780387878532],[123.88314056396518,10.529419898986816],[123.88392639160156,10.529060363769588],[123.884521484375,10.529660224914664],[123.8849334716798,10.528510093689022],[123.88542938232456,10.528169631958065],[123.88583374023438,10.52855014801031],[123.88587951660202,10.529069900512695],[123.88633728027344,10.529350280761832],[123.88680267333984,10.52888011932373],[123.88725280761741,10.52810001373291],[123.88762664794933,10.527899742126522],[123.88829040527378,10.528949737548828],[123.88913726806652,10.529879570007324],[123.88945007324241,10.530670166015739],[123.89021301269554,10.53098011016857],[123.8908309936528,10.531399726867619],[123.89087677001976,10.532090187072754],[123.89140319824264,10.532779693603572],[123.89203643798874,10.53302001953125],[123.89627075195312,10.53302001953125],[123.89684295654297,10.533349990844783],[123.89849853515636,10.534500122070426],[123.89851379394577,10.535400390625057],[123.89845275878906,10.536339759826717],[123.89898681640648,10.537199974060059],[123.89942932128918,10.537879943847713],[123.89946746826217,10.53880977630621],[123.90039825439464,10.539349555969352],[123.90141296386719,10.539730072021598],[123.90187072753906,10.540300369262695],[123.90196228027378,10.540960311889592],[123.90187072753906,10.542650222778377],[123.90223693847656,10.54407978057884],[123.90219116210938,10.545929908752555],[123.9022827148442,10.547109603881836],[123.9024429321289,10.547360420227164],[123.90339660644531,10.548819541931152],[123.90455627441406,10.55066967010498],[123.90550994873047,10.551580429077262],[123.90667724609386,10.552490234375],[123.90753173828125,10.553460121154785],[123.90823364257835,10.554969787597656],[123.90883636474643,10.555749893188477],[123.91731262207031,10.576600074768294],[123.91845703125,10.579689979553336],[123.92011260986328,10.58335018157959],[123.92369079589889,10.59107971191429],[123.92635345459007,10.591770172119197],[123.92888641357422,10.592570304870549],[123.93144989013672,10.592659950256461],[123.93467712402344,10.592490196228027],[123.93782806396518,10.59197998046875],[123.94004058837936,10.591429710388411],[123.94139862060558,10.590900421142578],[123.94407653808605,10.590229988098201],[123.9468765258789,10.589300155639705],[123.94840240478516,10.58878040313732],[123.95110321044967,10.587599754333553],[123.95651245117222,10.585769653320426],[123.96153259277378,10.583800315857161],[123.96441650390625,10.582539558410645],[123.96765136718773,10.581230163574332],[123.97048187255871,10.580459594726676],[123.9817123413086,10.575420379638615],[123.98641204833996,10.573320388793945],[123.98766326904331,10.572750091552678],[123.99344635009811,10.570030212402344],[123.99658203125,10.568440437316895],[123.99781036376953,10.567709922790527],[124.00257873535156,10.564800262451172],[124.00417327880882,10.563969612121696],[124.00695037841797,10.562020301818848],[124.01264190673862,10.55840969085699],[124.02236938476597,10.55403995513916]]]}},{"type":"Feature","properties":{"ID_0":177,"ISO":"PHL","NAME_0":"Philippines","ID_1":25,"NAME_1":"Cebu","ID_2":464,"NAME_2":"Dumanjug","NL_NAME_2":null,"VARNAME_2":null,"TYPE_2":"Bayan|Munisipyo","ENGTYPE_2":"Municipality","PROVINCE":"Cebu","REGION":"Central Visayas (Region VII)"},"geometry":{"type":"Polygon","coordinates":[[[123.49054718017612,10.075679779052848],[123.49400329589844,10.072870254516658],[123.49844360351585,10.069290161132926],[123.51425170898472,10.056980133056754],[123.51599884033203,10.0555801391601],[123.52205657958984,10.050809860229492],[123.53296661376976,10.041950225830021],[123.52629089355491,10.028450012207145],[123.51976013183594,10.014980316162166],[123.51761627197311,10.0110502243042],[123.51429748535156,10.004079818725586],[123.50813293457031,9.991200447082633],[123.49114990234375,9.998189926147461],[123.48916625976574,9.999119758605957],[123.4684219360355,10.008830070495833],[123.45745086669922,10.013919830322266],[123.44843292236328,10.01807022094738],[123.43740081787132,10.023079872131404],[123.4307632446289,10.02595043182373],[123.42485809326172,10.028710365295353],[123.41081237793014,10.035320281982422],[123.41062164306686,10.03477954864502],[123.41007995605469,10.033639907837028],[123.40959930419922,10.03308963775629],[123.40971374511719,10.033329963684196],[123.4099273681644,10.033889770507812],[123.41007232666016,10.034489631652946],[123.41023254394577,10.035059928893986],[123.41033172607422,10.035639762878418],[123.41047668457031,10.036219596862793],[123.41047668457031,10.036840438842717],[123.41058349609386,10.03744029998802],[123.41076660156261,10.038009643554801],[123.4110336303711,10.038530349731445],[123.41111755371094,10.039030075073299],[123.41118621826217,10.039460182189941],[123.41134643554699,10.039779663085938],[123.4113922119144,10.04008960723877],[123.41140747070312,10.040410041809196],[123.41143798828136,10.040760040283317],[123.41150665283203,10.041139602661076],[123.41172027587902,10.041520118713379],[123.41184234619163,10.042090415954647],[123.41206359863281,10.042770385742301],[123.41233825683639,10.04345989227295],[123.41264343261719,10.04403018951416],[123.41297149658237,10.044429779052678],[123.41311645507847,10.044899940490836],[123.41330718994175,10.045359611511174],[123.41345214843761,10.045760154724178],[123.41348266601608,10.045840263366927],[123.4136428833009,10.046339988708553],[123.41377258300781,10.046790122985783],[123.41380310058639,10.04685020446783],[123.41372680664074,10.047450065612736],[123.4136962890625,10.047769546508903],[123.41404724121139,10.048529624938965],[123.41409301757812,10.048769950866813],[123.41419219970749,10.049360275268612],[123.41433715820312,10.049770355224553],[123.41433715820312,10.050080299377385],[123.41433715820312,10.050189971923828],[123.41445922851562,10.050470352172795],[123.41454315185547,10.050669670105094],[123.41474914550781,10.051090240478459],[123.41510009765625,10.051569938659725],[123.41539764404331,10.05202960968029],[123.41558837890659,10.052330017089787],[123.4158706665039,10.052809715271053],[123.41628265380905,10.053370475768986],[123.41663360595703,10.053640365600586],[123.41725921630871,10.054200172424373],[123.41782379150402,10.05475044250494],[123.4184265136721,10.055370330810604],[123.4186782836914,10.055560111999739],[123.41887664794933,10.055820465088004],[123.41909027099632,10.056079864501953],[123.41921997070347,10.056240081787053],[123.4193572998048,10.05640029907238],[123.41960144043003,10.056839942932186],[123.41996765136764,10.057220458984432],[123.42032623291027,10.057629585266113],[123.42056274414062,10.057880401611555],[123.42063903808594,10.05795001983654],[123.42070770263683,10.058019638061467],[123.42102813720703,10.058489799499625],[123.42149353027389,10.058839797973746],[123.4220428466798,10.059080123901424],[123.42263793945358,10.059229850769157],[123.42321777343784,10.059430122375716],[123.42378997802768,10.059610366821403],[123.42429351806686,10.059829711914062],[123.42478942871105,10.06000995635992],[123.42529296875023,10.060179710388184],[123.42588806152378,10.060259819030762],[123.4264907836914,10.060279846191463],[123.42707824707043,10.060290336608887],[123.42764282226562,10.060350418090934],[123.42820739746094,10.060469627380485],[123.42874145507858,10.060310363769645],[123.42923736572266,10.060150146484318],[123.42971038818393,10.060040473938102],[123.42987060546898,10.060040473938102],[123.43018341064453,10.060040473938102],[123.43065643310581,10.060119628906364],[123.4311981201173,10.060150146484318],[123.4318008422855,10.060040473938102],[123.43250274658249,10.060000419616813],[123.43332672119175,10.060000419616813],[123.43360900878906,10.060090065002669],[123.43419647216797,10.060279846191463],[123.43518066406261,10.060279846191463],[123.43615722656261,10.060210227966365],[123.4372329711914,10.060000419616813],[123.4373168945317,10.06005001068138],[123.43746948242199,10.060029983520508],[123.43772125244175,10.060000419616813],[123.43802642822311,10.060040473938102],[123.43829345703159,10.060190200805778],[123.43846130371139,10.060259819030762],[123.43878173828125,10.060469627380485],[123.43898010253952,10.060669898987044],[123.43929290771518,10.060959815979004],[123.43950653076195,10.061160087585563],[123.43956756591808,10.06120967864996],[123.43966674804699,10.061300277709961],[123.44013977050793,10.061530113220215],[123.44055175781273,10.061699867248478],[123.44088745117233,10.061900138855094],[123.44125366210938,10.061980247497615],[123.44167327880871,10.061880111694336],[123.4420166015625,10.061820030212516],[123.44226074218761,10.06198978424078],[123.4423828125,10.0623397827149],[123.44241333007858,10.062740325927678],[123.44257354736328,10.063130378723088],[123.44283294677746,10.06365966796875],[123.44331359863304,10.064279556274414],[123.44373321533203,10.064749717712402],[123.4438095092778,10.064800262451286],[123.44403839111328,10.064909934997502],[123.44432067871139,10.064999580383414],[123.44470977783249,10.065110206604118],[123.44526672363281,10.065279960632381],[123.44542694091797,10.065119743347225],[123.44611358642612,10.06443977355957],[123.4463882446289,10.064169883728027],[123.44666290283249,10.06389045715332],[123.44721984863293,10.06389045715332],[123.447303771973,10.063969612121582],[123.44805908203136,10.064720153808707],[123.44750213623081,10.065279960632381],[123.44743347168014,10.065549850464095],[123.44721984863293,10.066390037536735],[123.44725036621128,10.067070007324219],[123.4480895996096,10.06692981719982],[123.44895172119186,10.067399978637809],[123.44970703125023,10.068160057067871],[123.44970703125023,10.068849563598633],[123.44880676269531,10.069540023803768],[123.44776153564499,10.069540023803768],[123.44719696044933,10.0691299438476],[123.4465103149414,10.068710327148551],[123.44635009765659,10.0689697265625],[123.44615936279331,10.069270133972225],[123.44611358642612,10.070280075073242],[123.44611358642612,10.071390151977596],[123.44635772705112,10.072380065917969],[123.4463882446289,10.072500228881779],[123.4463882446289,10.072779655456657],[123.44611358642612,10.072779655456657],[123.44563293457031,10.07291030883789],[123.44531250000011,10.072839736938477],[123.445068359375,10.072779655456657],[123.4442367553711,10.07285022735607],[123.44361114501999,10.07388973236084],[123.44402313232422,10.074649810791072],[123.44441986083984,10.075090408325138],[123.44509124755905,10.075240135192871],[123.44523620605469,10.07528018951416],[123.44571685791061,10.075619697570858],[123.44600677490234,10.076239585876522],[123.44648742675815,10.076999664306754],[123.44676971435547,10.077759742736816],[123.44693756103538,10.078009605407829],[123.44696044921875,10.078040122985954],[123.44705200195358,10.078180313110352],[123.4476776123048,10.078390121460075],[123.44779968261741,10.078430175781364],[123.4480972290039,10.078550338745174],[123.44846343994163,10.078949928283748],[123.44859313964878,10.079279899597282],[123.4486465454105,10.079389572143555],[123.44882965087925,10.079819679260197],[123.44902801513706,10.080289840698356],[123.44922637939476,10.080860137939396],[123.4492416381836,10.080900192260685],[123.44947052001999,10.081620216369686],[123.45108032226562,10.082369804382324],[123.45144653320347,10.082630157470703],[123.45149230957043,10.082650184631461],[123.45191192626953,10.083000183105582],[123.45256805419945,10.083709716796932],[123.45260620117188,10.083760261535645],[123.45310211181686,10.084380149841309],[123.4532394409182,10.084719657898006],[123.45365905761719,10.085209846496696],[123.45427703857433,10.085760116577205],[123.45464324951183,10.086039543151855],[123.45491027832031,10.086250305175895],[123.45523834228538,10.086370468139705],[123.4556121826173,10.086520195007438],[123.45638275146507,10.087140083313102],[123.45736694335972,10.087789535522461],[123.4580764770509,10.088250160217285],[123.45838165283226,10.08841991424572],[123.45841217041016,10.08843994140625],[123.45868682861374,10.088680267333928],[123.45894622802768,10.088939666748104],[123.45921325683605,10.089229583740348],[123.45928192138672,10.08932018280052],[123.45950317382824,10.089599609375],[123.45986938476562,10.089960098266545],[123.4603271484375,10.090270042419377],[123.46083068847656,10.09055042266857],[123.46098327636753,10.090629577636832],[123.46130371093795,10.090800285339355],[123.46161651611362,10.091079711914062],[123.46190643310558,10.0913600921632],[123.46221160888672,10.091679573059139],[123.46251678466831,10.092049598693848],[123.46286773681663,10.09241962432884],[123.4632720947269,10.092749595642033],[123.46363830566452,10.093090057373047],[123.46391296386741,10.093339920044059],[123.46401977539108,10.093449592590446],[123.46444702148438,10.093810081482161],[123.46454620361374,10.093899726867676],[123.46488189697266,10.094189643859977],[123.46531677246105,10.09459018707281],[123.46576690673828,10.094980239868164],[123.46608734130871,10.095310211181754],[123.47821044921909,10.085510253906364],[123.48403167724621,10.080980300903434],[123.48520660400425,10.080080032348633],[123.49054718017612,10.075679779052848]]]}},{"type":"Feature","properties":{"ID_0":177,"ISO":"PHL","NAME_0":"Philippines","ID_1":25,"NAME_1":"Cebu","ID_2":465,"NAME_2":"Ginatilan","NL_NAME_2":null,"VARNAME_2":null,"TYPE_2":"Bayan|Munisipyo","ENGTYPE_2":"Municipality","PROVINCE":"Cebu","REGION":"Central Visayas (Region VII)"},"geometry":{"type":"Polygon","coordinates":[[[123.37349700927768,9.559080123901367],[123.3712387084961,9.553449630737362],[123.37065124511741,9.551779747009391],[123.33645629882812,9.552700042724553],[123.32095336914074,9.553070068359432],[123.31945800781284,9.55313968658453],[123.30793762207031,9.553739547729492],[123.30779266357433,9.553640365600643],[123.3078384399414,9.55391979217535],[123.30800628662155,9.554180145263786],[123.30809020996116,9.554490089416618],[123.30824279785156,9.554780006408691],[123.30831909179688,9.555109977722282],[123.30834197998058,9.555500030517635],[123.30843353271484,9.555899620056152],[123.3086166381836,9.556269645691032],[123.30867004394531,9.55636978149414],[123.30883789062534,9.556650161743278],[123.3088607788086,9.556870460510254],[123.30888366699219,9.557149887084904],[123.30892944335949,9.557660102844352],[123.3091430664067,9.558110237121582],[123.30927276611328,9.55856990814209],[123.3094177246096,9.559000015258789],[123.30947875976608,9.559479713440055],[123.30963134765625,9.559949874878043],[123.30970001220714,9.560400009155273],[123.30967712402355,9.560910224914664],[123.30960845947288,9.56132984161377],[123.30959320068393,9.56145000457758],[123.30948638916027,9.562040328979549],[123.30959320068393,9.56262016296398],[123.3098373413086,9.563119888305778],[123.3099594116211,9.563579559326115],[123.30996704101574,9.563659667968864],[123.30999755859398,9.564249992370662],[123.31004333496139,9.564869880676326],[123.31027221679699,9.565460205078125],[123.31053924560558,9.566080093383789],[123.31078338623047,9.566690444946516],[123.31096649169922,9.567290306091309],[123.31108093261719,9.567879676818961],[123.31111145019543,9.56847000122076],[123.31109619140625,9.568690299987907],[123.311073303223,9.569040298462028],[123.31089782714844,9.569589614868278],[123.3108367919923,9.570139884948958],[123.3108367919923,9.570219993591365],[123.31082916259777,9.57091999053955],[123.3108367919923,9.571660041809082],[123.3109283447269,9.572420120239315],[123.3111572265625,9.573100090026799],[123.31144714355503,9.573670387268066],[123.31175231933594,9.574110031127873],[123.31205749511719,9.574410438537598],[123.31236267089855,9.574589729309139],[123.31263732910168,9.574749946594295],[123.31289672851562,9.574970245361442],[123.31324005126976,9.575180053710938],[123.31360626220737,9.575400352478084],[123.31363677978516,9.575420379638672],[123.31408691406261,9.575619697570744],[123.31448364257858,9.57588005065918],[123.31461334228516,9.576049804687614],[123.31465911865246,9.576100349426497],[123.31474304199253,9.576189994812012],[123.31498718261719,9.576470375060978],[123.31520080566452,9.576769828796387],[123.3153228759769,9.577159881591797],[123.31551361084018,9.577540397644043],[123.31558227539108,9.578020095825138],[123.31571960449241,9.578479766845703],[123.31585693359375,9.578940391540527],[123.31609344482445,9.579389572143612],[123.31623077392578,9.579810142517204],[123.31627655029331,9.580240249633846],[123.31617736816418,9.580690383911076],[123.31591796875,9.581170082092342],[123.31585693359375,9.581749916076717],[123.3159408569336,9.582369804382381],[123.3160781860355,9.582980155944938],[123.31607055664074,9.58360958099371],[123.31601715087936,9.583729743957747],[123.31590270996116,9.58401966094965],[123.31582641601608,9.584190368652571],[123.3155975341798,9.584819793701172],[123.3155517578125,9.585470199585188],[123.3155517578125,9.586090087890852],[123.3155975341798,9.58666038513195],[123.31578063964855,9.587149620056152],[123.31585693359375,9.587630271911735],[123.31588745117222,9.588120460510197],[123.3160629272461,9.588479995727653],[123.31614685058639,9.588899612426701],[123.3163528442384,9.589289665222282],[123.31636810302746,9.589360237121525],[123.3164291381836,9.589730262756404],[123.3166275024414,9.590160369873047],[123.31672668457077,9.590649604797477],[123.31693267822277,9.591090202331543],[123.3171005249028,9.591540336609],[123.31719207763672,9.592000007629508],[123.31714630126976,9.592470169067496],[123.3171005249028,9.592709541320858],[123.31704711914085,9.592960357665959],[123.31696319580124,9.59346961975092],[123.3169403076173,9.593999862670898],[123.3169403076173,9.594510078430119],[123.3169403076173,9.595009803771973],[123.3169403076173,9.59550952911377],[123.31694793701183,9.596030235290641],[123.31700897216797,9.596529960632438],[123.317176818848,9.596949577331543],[123.31725311279297,9.59739017486578],[123.3173828125,9.59780025482172],[123.31748199462936,9.598239898681754],[123.31748962402389,9.598509788513297],[123.31749725341808,9.598759651184082],[123.31749725341808,9.599300384521484],[123.31754302978561,9.59982013702404],[123.31774139404331,9.600250244140739],[123.31773376464889,9.600299835205305],[123.31777954101562,9.60062026977539],[123.31783294677734,9.60093975067133],[123.31797790527355,9.601180076599235],[123.31804656982422,9.60142993927002],[123.31804656982422,9.601730346679915],[123.31804656982422,9.602080345153865],[123.31804656982422,9.602410316467228],[123.31806945800793,9.602470397949276],[123.31804656982422,9.60291957855236],[123.31807708740246,9.60336971282959],[123.31820678710938,9.603750228881836],[123.31822204589844,9.603790283203125],[123.3183364868164,9.604189872741642],[123.31848144531273,9.60459995269781],[123.31864166259777,9.60501956939703],[123.31887817382858,9.605360031128043],[123.319091796875,9.605669975280875],[123.31918334960938,9.60603046417242],[123.31925964355514,9.606320381164494],[123.3193969726567,9.606539726257324],[123.31944274902389,9.606780052185059],[123.31948852539062,9.607040405273438],[123.31963348388717,9.60729026794445],[123.31964874267612,9.607339859008846],[123.31971740722679,9.60758018493658],[123.31970977783237,9.60764026641857],[123.31971740722679,9.607979774475098],[123.31973266601562,9.608449935913029],[123.31980133056652,9.608949661254883],[123.31997680664074,9.609450340270996],[123.32012176513672,9.609990119934082],[123.32026672363293,9.610529899597168],[123.32041931152378,9.611069679260254],[123.32053375244186,9.611630439758414],[123.32055664062511,9.612199783325195],[123.32054138183639,9.612770080566463],[123.32041168212925,9.613309860229549],[123.32018280029308,9.613809585571346],[123.32000732421898,9.614009857177791],[123.31979370117199,9.614250183105469],[123.31945800781284,9.614830017089844],[123.31916809082031,9.615489959716797],[123.31893157958996,9.616160392761344],[123.31876373291038,9.616789817810115],[123.31862640380905,9.617360115051383],[123.31861877441406,9.61793041229248],[123.31871795654297,9.618479728698674],[123.31900787353561,9.618900299072209],[123.319129943848,9.619059562683049],[123.31931304931652,9.619299888610954],[123.31965637207065,9.619669914245605],[123.31997680664074,9.620089530944881],[123.32034301757858,9.620530128478947],[123.3207702636721,9.620909690856934],[123.3211822509769,9.62129020690918],[123.32161712646518,9.62158012390148],[123.32195281982422,9.621919631958008],[123.32221221923828,9.622289657593],[123.3224105834961,9.62271976470953],[123.32251739501987,9.623220443725643],[123.32272338867188,9.62372016906761],[123.32277679443382,9.624050140380803],[123.33376312255893,9.624219894409237],[123.34281158447266,9.624199867248535],[123.36193084716842,9.62411022186285],[123.39304351806652,9.622440338134822],[123.39048767089866,9.61569976806652],[123.38298034668003,9.59430980682373],[123.3823699951173,9.592240333557186],[123.37713623046898,9.575510025024528],[123.37473297119152,9.567850112915096],[123.37452697753918,9.564909934997615],[123.37403869628906,9.560629844665527],[123.37349700927768,9.559080123901367]]]}},{"type":"Feature","properties":{"ID_0":177,"ISO":"PHL","NAME_0":"Philippines","ID_1":25,"NAME_1":"Cebu","ID_2":466,"NAME_2":"Lapu-Lapu City","NL_NAME_2":null,"VARNAME_2":"Lapu-Lapu City (Opon)","TYPE_2":"Lungsod|Siyudad","ENGTYPE_2":"City","PROVINCE":"Cebu","REGION":"Central Visayas (Region VII)"},"geometry":{"type":"MultiPolygon","coordinates":[[[[123.98818206787143,10.334449768066406],[123.98876953125,10.333880424499625],[123.98889160156261,10.333769798278865],[123.98937988281284,10.333769798278865],[123.9899368286134,10.333419799804744],[123.99006652832077,10.333009719848633],[123.9903564453125,10.332039833068848],[123.99083709716842,10.330829620361385],[123.99114990234375,10.330120086670036],[123.99156951904308,10.32804965972906],[123.99156951904308,10.327119827270565],[123.99156951904308,10.326589584350586],[123.99156951904308,10.326530456543196],[123.99154663085983,10.326390266418457],[123.9917831420903,10.325349807739258],[123.99198913574253,10.324729919433594],[123.99275207519565,10.323479652404842],[123.99394989013706,10.322250366210938],[123.99420166015625,10.321900367736816],[123.99462890625011,10.32172012329113],[123.9951095581057,10.321550369262695],[123.99536895751964,10.321180343628043],[123.99540710449264,10.320659637451172],[123.99561309814487,10.32034969329834],[123.99597167968773,10.32028961181652],[123.99630737304733,10.320280075073185],[123.996620178223,10.320240020751953],[123.99687957763717,10.320090293884391],[123.99717712402344,10.319990158081282],[123.99748992919933,10.319849967956543],[123.99777984619163,10.31970024108881],[123.99800872802734,10.319519996643123],[123.99829101562534,10.319459915161133],[123.99858093261719,10.319399833679313],[123.99877166748047,10.319120407104435],[123.9988403320317,10.318440437317122],[123.99890136718761,10.318220138549805],[123.99902343750023,10.31779956817627],[123.99925994873047,10.317660331726131],[123.99987030029331,10.316840171814079],[124.00000000000034,10.316670417785645],[124.00105285644531,10.316550254821777],[124.00145721435592,10.316499710083121],[124.0022811889653,10.316399574279785],[124.00273132324253,10.316390037536848],[124.00330352783237,10.316360473632812],[124.00409698486328,10.316430091857967],[124.00493621826195,10.315879821777457],[124.00499725341797,10.315719604492301],[124.00514221191452,10.315320014953613],[124.00523376464844,10.314570426940975],[124.00528717041027,10.314080238342285],[124.00538635253918,10.3135404586792],[124.00541687011741,10.31338977813715],[124.00582885742188,10.313340187072754],[124.00598144531273,10.313320159912223],[124.00675201416038,10.313249588012752],[124.00744628906284,10.313039779663086],[124.0081405639653,10.313320159912223],[124.0083465576173,10.314080238342285],[124.00856018066429,10.3149795532226],[124.00877380371128,10.315389633178768],[124.00946807861374,10.315460205078352],[124.01001739501953,10.315670013427734],[124.01093292236362,10.31525039672863],[124.01197814941418,10.314629554748478],[124.0126724243164,10.314080238342285],[124.01351165771496,10.314080238342285],[124.01519012451217,10.313940048217887],[124.01657867431686,10.313799858093319],[124.01743316650413,10.314020156860465],[124.01820373535156,10.31437015533453],[124.01854705810558,10.31532955169672],[124.01847839355491,10.316229820251522],[124.01882934570324,10.316989898681584],[124.01931762695347,10.317680358886719],[124.01994323730469,10.31803035736084],[124.02050018310547,10.317959785461369],[124.02056884765636,10.317890167236442],[124.02071380615234,10.317620277404899],[124.02056884765636,10.317060470581055],[124.02085113525425,10.316650390625114],[124.02120208740234,10.316229820251522],[124.02162170410179,10.316029548645133],[124.02232360839878,10.316160202026424],[124.02316284179688,10.316439628601074],[124.02342987060558,10.316579818725643],[124.02365112304722,10.317139625549316],[124.02406311035156,10.317500114441032],[124.02452087402344,10.317850112915153],[124.02497100830124,10.318200111389274],[124.0253524780278,10.318570137023926],[124.02571868896496,10.318889617919865],[124.02604675292969,10.31919002532959],[124.02684020996105,10.319649696350098],[124.0270462036134,10.319769859313965],[124.02752685546909,10.320460319519043],[124.02802276611374,10.32129001617426],[124.02864074707031,10.321820259094238],[124.02921295166016,10.322199821472225],[124.02982330322288,10.322549819946346],[124.03008270263683,10.32277965545677],[124.0311279296875,10.323120117187557],[124.03163909912132,10.323390007019157],[124.03217315673874,10.32367992401123],[124.03301239013672,10.324640274047908],[124.03302764892578,10.324769973754883],[124.0331497192384,10.325539588928223],[124.03363800048851,10.326510429382324],[124.03373718261741,10.326970100402832],[124.0340576171875,10.32736968994135],[124.03443908691406,10.32769966125494],[124.03482818603516,10.328040122985897],[124.03523254394543,10.328370094299316],[124.03563690185558,10.328669548034725],[124.03611755371116,10.328880310058707],[124.03659057617199,10.329039573669547],[124.0370025634769,10.329230308532829],[124.03737640380905,10.329460144043082],[124.03774261474632,10.32973957061779],[124.03810119628918,10.33003044128418],[124.03849029541027,10.330300331115723],[124.03884887695358,10.330619812011662],[124.0391769409182,10.330980300903377],[124.03954315185581,10.331330299377498],[124.03993988037132,10.331629753112907],[124.04029083251964,10.331959724426326],[124.04065704345703,10.332240104675293],[124.04096984863293,10.332559585571403],[124.04122161865234,10.332969665527344],[124.0416030883789,10.333390235900936],[124.04203033447288,10.333840370178336],[124.04264831542969,10.334159851074446],[124.0433120727539,10.334400177001953],[124.04395294189453,10.334449768066406],[124.0445327758789,10.334440231323242],[124.04496002197277,10.33434963226324],[124.04548645019531,10.334369659423828],[124.04591369628918,10.333880424499625],[124.04596710205112,10.333399772644043],[124.04569244384766,10.332900047302246],[124.04560089111328,10.332530021667537],[124.04548645019531,10.332050323486271],[124.0452804565432,10.331549644470158],[124.04501342773472,10.331009864807243],[124.04473876953125,10.330439567565975],[124.04444122314487,10.329839706420898],[124.04411315918003,10.329270362854118],[124.04371643066406,10.328820228576717],[124.04341125488281,10.328419685363883],[124.04315185546886,10.328100204467717],[124.04296875000034,10.327810287475813],[124.04276275634766,10.3275403976441],[124.04248809814464,10.327260017395133],[124.04219818115246,10.326970100402832],[124.04190063476608,10.326680183410758],[124.04163360595737,10.326390266418457],[124.04136657714866,10.326100349426326],[124.04109954833984,10.325790405273494],[124.04078674316418,10.325429916381779],[124.04042816162155,10.325030326843262],[124.04002380371105,10.324609756469727],[124.0396118164067,10.324159622192496],[124.03928375244186,10.323699951171989],[124.03912353515625,10.323410034179688],[124.03903961181686,10.323240280151595],[124.03885650634777,10.323030471801701],[124.03874206542969,10.322890281677303],[124.03852844238315,10.322509765625057],[124.03836822509766,10.322150230407829],[124.03829956054699,10.321789741516113],[124.03817749023438,10.321539878845442],[124.03814697265659,10.321490287780875],[124.03809356689464,10.321390151977539],[124.0379333496096,10.32116985321045],[124.03764343261741,10.32083988189703],[124.03727722167969,10.320469856262207],[124.03695678710949,10.320039749145508],[124.03665161132812,10.319580078125],[124.03645324707031,10.319279670715446],[124.03633117675781,10.31908988952648],[124.03601837158214,10.318550109863395],[124.03555297851585,10.31803035736084],[124.03501892089844,10.317520141601562],[124.03443908691406,10.317070007324162],[124.03385925292969,10.316650390625114],[124.03331756591842,10.316229820251522],[124.03202819824264,10.315879821777457],[124.03101348876953,10.31575965881359],[124.03028106689464,10.315670013427734],[124.02925872802757,10.315259933471793],[124.02909851074219,10.315190315246639],[124.02770233154308,10.314499855041504],[124.02715301513695,10.314100265502987],[124.0266571044923,10.313739776611271],[124.0265808105471,10.313639640808162],[124.02588653564464,10.312700271606559],[124.02498626709018,10.311599731445312],[124.02427673339878,10.310210227966309],[124.02381134033214,10.309020042419547],[124.02377319335983,10.308939933776799],[124.02369689941418,10.30883979797386],[124.02349090576172,10.308489799499569],[124.0232925415039,10.308119773864746],[124.02304077148449,10.307760238647518],[124.02277374267601,10.307399749755973],[124.02249908447311,10.307040214538517],[124.022216796875,10.306679725646973],[124.02198028564464,10.306329727172908],[124.0218200683596,10.30585956573509],[124.02163696289062,10.305459976196403],[124.0214614868164,10.30508995056158],[124.02124786376976,10.304780006408748],[124.02098083496128,10.304510116577148],[124.0206298828125,10.304289817810059],[124.02031707763672,10.303930282592773],[124.0200424194336,10.303520202636832],[124.01994323730469,10.303330421447868],[124.01978302001964,10.303039550781307],[124.01949310302734,10.302530288696346],[124.01904296875011,10.302100181579647],[124.01859283447266,10.301659584045353],[124.01820373535156,10.301259994506836],[124.01783752441406,10.300900459289778],[124.01756286621094,10.300600051879883],[124.01735687255893,10.300279617309627],[124.01717376709018,10.299949645996094],[124.01696777343795,10.299659729003963],[124.0168228149414,10.299349784851131],[124.01667785644531,10.29907035827648],[124.01656341552746,10.29878044128418],[124.01641845703125,10.298460006713924],[124.01635742187511,10.298009872436523],[124.01622772216797,10.297519683837834],[124.01605224609375,10.297019958496207],[124.0158462524414,10.296569824218807],[124.01567077636719,10.296179771423567],[124.01550292968784,10.295849800109863],[124.01531219482456,10.295559883117903],[124.01509094238281,10.295269966125431],[124.01483154296886,10.294980049133528],[124.01454162597668,10.294670104980696],[124.01425170898449,10.294329643249512],[124.0139389038086,10.293979644775447],[124.01361083984398,10.293649673462028],[124.01325988769531,10.293339729309196],[124.01289367675781,10.293049812316951],[124.01252746582077,10.29275989532482],[124.01220703125034,10.292429924011287],[124.0118637084961,10.292130470275879],[124.01152801513672,10.291790008545036],[124.0113220214846,10.291480064392204],[124.01126098632847,10.291390419006348],[124.01097869873047,10.291009902954102],[124.0105972290039,10.290710449218864],[124.01026153564464,10.290360450744743],[124.00990295410202,10.290029525756893],[124.00952911376999,10.28971958160406],[124.0092010498048,10.289400100708065],[124.00897979736328,10.28899955749506],[124.00871276855514,10.288619995117301],[124.00749206543003,10.287599563598633],[124.00602722167969,10.286769866943416],[124.00479888916016,10.286250114440861],[124.00456237793014,10.286149978637752],[124.0030975341798,10.285940170288029],[124.00142669677734,10.285670280456486],[124.00102996826195,10.285639762878532],[124.00000000000034,10.285559654235954],[123.9997329711914,10.285659790039062],[123.99931335449241,10.285260200500716],[123.99909973144565,10.284919738769588],[123.99880981445324,10.284640312195052],[123.99849700927734,10.28433036804222],[123.99820709228516,10.284009933471793],[123.99812316894531,10.283699989318961],[123.99822235107467,10.283419609069824],[123.99846649169967,10.28318977355957],[123.99868774414062,10.282979965210018],[123.99889373779297,10.282779693603572],[123.99907684326172,10.282560348510742],[123.99913024902344,10.282369613647461],[123.99915313720703,10.282279968261946],[123.99918365478527,10.281949996948242],[123.99916839599655,10.281829833984375],[123.99916076660156,10.281609535217399],[123.99910736084018,10.28131008148199],[123.99893188476585,10.281149864196891],[123.99868774414062,10.281029701233024],[123.99857330322266,10.28079986572277],[123.99852752685581,10.280500411987362],[123.99833679199253,10.280280113220215],[123.99812316894531,10.280030250549373],[123.9978866577153,10.27976036071783],[123.99761962890625,10.279490470886458],[123.9974136352539,10.27925014495861],[123.99703216552734,10.279100418090877],[123.99667358398438,10.278900146484489],[123.99633789062511,10.278639793396053],[123.99611663818405,10.27842998504633],[123.9960403442384,10.278360366821403],[123.99574279785202,10.278089523315543],[123.99545288085938,10.277830123901424],[123.9951400756836,10.277589797973746],[123.99500274658214,10.277500152587834],[123.99388885498092,10.27639007568365],[123.99388885498092,10.276260375976506],[123.99388885498092,10.276109695434513],[123.993408203125,10.275629997253418],[123.99333190918003,10.27556037902832],[123.99333190918003,10.2754297256472],[123.99333190918003,10.27499961853033],[123.99305725097656,10.27472019195568],[123.99305725097656,10.274439811706543],[123.99276733398438,10.274169921874943],[123.99276733398438,10.273610115051326],[123.99250030517624,10.27332973480236],[123.99250030517624,10.27278041839611],[123.99275970459018,10.27233028411888],[123.99284362792969,10.271860122680721],[123.9926528930664,10.271479606628645],[123.99243927001976,10.271160125732536],[123.99224853515648,10.270879745483342],[123.99210357666016,10.270620346069393],[123.99201965332031,10.270520210266113],[123.99192810058639,10.270400047302303],[123.9917221069336,10.270239830017317],[123.99150848388672,10.270099639892578],[123.99128723144565,10.269949913024846],[123.99125671386719,10.269920349121207],[123.99108123779308,10.269760131836051],[123.99088287353516,10.269539833068904],[123.99069976806652,10.26924991607666],[123.99053955078148,10.268930435180664],[123.9903564453125,10.268630027770996],[123.99022674560558,10.268300056457576],[123.99006652832077,10.26801967620861],[123.99001312255905,10.267680168151912],[123.9899368286134,10.267319679260197],[123.98977661132835,10.266980171203727],[123.98966217041027,10.266590118408317],[123.98944854736374,10.266240119934196],[123.98922729492188,10.265870094299373],[123.98906707763717,10.265460014343205],[123.9890365600586,10.265419960021916],[123.98880004882847,10.265179634094238],[123.98851776123058,10.26492023468029],[123.98819732666016,10.264690399170036],[123.98811340332077,10.264619827270621],[123.98790740966797,10.264450073242188],[123.98763275146484,10.264229774475211],[123.98738861084007,10.2639799118042],[123.98724365234375,10.263759613037053],[123.98719787597679,10.263710021972656],[123.98699188232433,10.263440132141113],[123.98681640625023,10.263139724731388],[123.98676300048828,10.263010025024414],[123.98664093017624,10.262829780578556],[123.98657989501999,10.262677192687988],[123.98568725585983,10.262100219726676],[123.98503875732422,10.261110305786133],[123.984169006348,10.26023006439209],[123.9838333129884,10.25994014740013],[123.98309326171898,10.259269714355582],[123.98259735107433,10.259070396423283],[123.9819107055664,10.258790016174316],[123.98055267334018,10.259010314941634],[123.98010253906295,10.259200096130428],[123.97989654541016,10.25940990447998],[123.97962951660156,10.259340286254826],[123.97898864746105,10.259559631347713],[123.97725677490246,10.259920120239258],[123.9747009277346,10.260769844055176],[123.97210693359386,10.261930465698242],[123.97088623046898,10.263010025024414],[123.97039031982433,10.26342964172369],[123.97032928466797,10.263520240783691],[123.97012329101585,10.2638196945191],[123.9699401855471,10.264160156250227],[123.96971893310558,10.264459609985465],[123.96949005126987,10.264749526977596],[123.96927642822311,10.265049934387264],[123.9690628051759,10.265319824218807],[123.96881103515625,10.26558971405035],[123.96855163574219,10.265850067138786],[123.96827697753952,10.266059875488509],[123.96798706054688,10.266220092773438],[123.96775817871139,10.26640987396246],[123.96756744384811,10.266599655151424],[123.96737670898483,10.266770362854004],[123.96721649169922,10.266960144042969],[123.96701049804722,10.267120361328125],[123.96674346923874,10.267239570617676],[123.9663696289067,10.267350196838379],[123.96588897705078,10.267600059509391],[123.96539306640625,10.267910003662223],[123.9649429321289,10.268230438232479],[123.96457672119175,10.268560409546012],[123.9642562866211,10.268850326538143],[123.96382904052757,10.269100189208928],[123.96334838867199,10.269319534301758],[123.9628829956057,10.269510269165039],[123.96241760253952,10.269729614257926],[123.96198272705124,10.269929885864485],[123.96160888671886,10.270130157470703],[123.96127319335983,10.270359992981014],[123.96090698242222,10.270589828491438],[123.96077728271507,10.270689964294547],[123.9605484008789,10.270859718322981],[123.96018981933628,10.271140098571777],[123.9598388671875,10.271459579467773],[123.95970153808605,10.271249771118221],[123.95816040039108,10.272910118103255],[123.95729064941406,10.274040222167969],[123.9574966430664,10.274550437927246],[123.95742797851574,10.274689674377498],[123.95707702636764,10.275380134582633],[123.95652008056675,10.276339530944767],[123.95590972900402,10.277190208435002],[123.95585632324219,10.277319908142147],[123.95556640625034,10.278010368347282],[123.95554351806686,10.278070449829102],[123.95554351806686,10.279459953308162],[123.95588684082043,10.280489921569938],[123.9561004638673,10.281109809875602],[123.95638275146518,10.282150268554801],[123.95596313476562,10.28318977355957],[123.95511627197311,10.283670425415096],[123.9549179077153,10.283670425415096],[123.9548492431644,10.283599853515682],[123.95414733886719,10.28318977355957],[123.95332336425815,10.283120155334586],[123.9529037475586,10.282910346984863],[123.95247650146496,10.282500267028922],[123.95171356201183,10.281049728393555],[123.95136260986362,10.280010223388672],[123.95059204101608,10.278699874877873],[123.94912719726597,10.277239799499625],[123.94863891601574,10.276479721069393],[123.9483032226567,10.276000022888297],[123.94793701171909,10.275719642639103],[123.94731903076183,10.275239944458065],[123.94619750976608,10.274479866027775],[123.9454269409182,10.274129867553711],[123.94521331787121,10.274060249328727],[123.94473266601574,10.273859977722111],[123.9441833496096,10.273719787597713],[123.94383239746094,10.273440361023063],[123.94355010986362,10.273030281067122],[123.94341278076229,10.272749900818155],[123.94245910644588,10.272009849548454],[123.9420623779298,10.271929740905875],[123.94161987304756,10.271829605102766],[123.94122314453136,10.271619796753043],[123.94093322753963,10.271280288696346],[123.94075775146507,10.27089977264427],[123.94075012207054,10.270500183105582],[123.94091796875011,10.270170211791992],[123.94114685058594,10.269920349121378],[123.94126892089844,10.269510269165039],[123.94109344482422,10.269319534301758],[123.94080352783249,10.269140243530387],[123.94052124023438,10.269009590148926],[123.9402770996096,10.26883983612089],[123.94016265869197,10.26856994628912],[123.94014739990234,10.268210411071891],[123.9401702880865,10.26780033111595],[123.94014739990234,10.267359733581486],[123.93998718261741,10.267040252685547],[123.93974304199219,10.266850471496525],[123.93946838378952,10.266730308532715],[123.93917083740234,10.266750335693416],[123.93888854980469,10.266389846801701],[123.93888854980469,10.26611042022705],[123.93885040283226,10.266070365905762],[123.9380569458009,10.265279769897518],[123.93781280517646,10.265520095825423],[123.93776702880871,10.265560150146712],[123.93776702880871,10.265830039978255],[123.93723297119209,10.266389846801701],[123.93723297119209,10.266670227051065],[123.93666839599678,10.267219543457088],[123.93665313720726,10.267519950866813],[123.93641662597702,10.267640113830623],[123.93630981445312,10.2678604125976],[123.9364013671875,10.268309593200911],[123.9366073608403,10.268879890441951],[123.93679809570358,10.26924991607683],[123.93685913086006,10.269510269165039],[123.9367904663086,10.269709587097168],[123.93659210205078,10.269909858703784],[123.93636322021507,10.27019023895275],[123.93623352050827,10.270620346069393],[123.935546875,10.270560264587402],[123.93527984619186,10.270560264587402],[123.93499755859375,10.270830154418945],[123.93472290039074,10.270830154418945],[123.93444824218807,10.271109580993823],[123.93444824218807,10.271670341491927],[123.93472290039074,10.271940231323299],[123.93499755859375,10.271940231323299],[123.93527984619186,10.272219657898177],[123.93639373779297,10.272219657898177],[123.93666839599678,10.272500038146973],[123.93694305419945,10.272500038146973],[123.9372024536134,10.272850036621264],[123.9374771118164,10.273220062256087],[123.93772888183594,10.273599624633903],[123.93789672851585,10.274000167846907],[123.93802642822266,10.274379730224666],[123.93814086914108,10.274789810180607],[123.93827056884788,10.2752304077149],[123.93837738037178,10.275750160217285],[123.93852996826183,10.276300430297795],[123.93872070312511,10.276809692382926],[123.93897247314487,10.27721023559576],[123.93929290771496,10.27742958068859],[123.93962097167969,10.277500152587834],[123.93994140625,10.277560234070052],[123.94022369384766,10.277680397033691],[123.94045257568371,10.27787971496582],[123.94064331054699,10.278129577636832],[123.94082641601574,10.27838993072504],[123.94096374511719,10.278599739074764],[123.9410018920903,10.278650283813477],[123.9412078857423,10.278900146484489],[123.94143676757858,10.279120445251465],[123.94170379638695,10.279290199279899],[123.94190979003906,10.279509544372559],[123.94209289550804,10.279729843139705],[123.94228363037132,10.27995967865013],[123.9424819946289,10.280200004577637],[123.94270324707031,10.280480384826603],[123.94287872314453,10.28079986572277],[123.94304656982445,10.281109809875602],[123.94361114501976,10.281669616699219],[123.94361114501976,10.281940460205078],[123.94444274902355,10.282779693603572],[123.94444274902355,10.283060073852596],[123.94416809082065,10.283329963684139],[123.94416809082065,10.283889770507756],[123.94361114501976,10.284440040588493],[123.94333648681686,10.284440040588493],[123.94277954101597,10.283889770507756],[123.94249725341797,10.283889770507756],[123.94222259521484,10.283610343933105],[123.9415512084961,10.283610343933105],[123.94082641601574,10.283610343933105],[123.94055175781284,10.283329963684139],[123.94055175781284,10.283060073852596],[123.94000244140625,10.282500267028922],[123.93985748291061,10.282199859619197],[123.93962860107422,10.281949996948242],[123.93939971923862,10.281700134277571],[123.93919372558594,10.281479835510254],[123.93903350830101,10.281279563903865],[123.93888854980469,10.281060218810978],[123.93871307373092,10.280850410461483],[123.9384689331057,10.280730247497786],[123.93824005126953,10.280610084533748],[123.93798828125023,10.280460357666243],[123.9377212524414,10.280229568481673],[123.93746185302734,10.27991962432884],[123.93724060058639,10.279569625854549],[123.93721771240246,10.27952957153326],[123.93704223632881,10.279219627380428],[123.93691253662121,10.27888011932373],[123.93678283691406,10.278519630432413],[123.93669128417969,10.278070449829102],[123.93657684326172,10.277620315551871],[123.9363784790039,10.277279853821085],[123.93611145019565,10.277050018310604],[123.93579864501976,10.276849746704215],[123.93547058105514,10.276559829711914],[123.93515014648472,10.276189804077262],[123.93492126464855,10.275730133056925],[123.9347381591798,10.27527046203636],[123.9345932006836,10.274869918823185],[123.93418884277412,10.274660110473633],[123.93401336669956,10.274909973144645],[123.933837890625,10.275250434875659],[123.933631896973,10.2754297256472],[123.93340301513683,10.27532958984392],[123.93312835693382,10.275079727173079],[123.9328002929692,10.27484035491949],[123.9324417114259,10.274709701538256],[123.9320831298835,10.274729728698787],[123.93171691894565,10.27484035491949],[123.93139648437557,10.275050163269043],[123.93108367919967,10.275309562683162],[123.93074798584053,10.275589942932129],[123.93044281005916,10.275910377502385],[123.93020629882812,10.27626991271984],[123.9301910400394,10.276700019836483],[123.93038177490268,10.277099609375227],[123.93061828613293,10.27746963500988],[123.93083953857445,10.277799606323242],[123.9310226440432,10.278079986572209],[123.93115997314453,10.278320312500114],[123.93126678466842,10.278510093689079],[123.93151855468818,10.278659820556811],[123.93186950683605,10.278840065002669],[123.93218231201172,10.279109954834212],[123.93247222900459,10.279379844665584],[123.93274688720726,10.27966022491455],[123.9330368041999,10.279890060424805],[123.93329620361385,10.280110359192122],[123.93343353271518,10.280240058898926],[123.9334869384769,10.280300140380916],[123.9334869384769,10.28054046630865],[123.93328857421886,10.28085994720459],[123.93325805664062,10.281299591064567],[123.93345642089844,10.28176021575922],[123.93377685546886,10.282150268554801],[123.93412017822266,10.282460212707633],[123.93444824218784,10.282699584961051],[123.93477630615268,10.282870292663574],[123.93509674072277,10.283049583435172],[123.93543243408203,10.283220291137695],[123.93572998046909,10.283470153808707],[123.93608093261741,10.28374004364025],[123.93643951416027,10.284049987793082],[123.93670654296875,10.284500122070312],[123.93682098388683,10.285039901733398],[123.93694305419945,10.285530090332088],[123.93713378906273,10.285929679870605],[123.93730163574253,10.28627014160162],[123.93750000000034,10.286569595337028],[123.93772888183594,10.28687953948986],[123.93797302246105,10.287210464477539],[123.93813323974655,10.287579536438102],[123.938232421875,10.288000106811637],[123.93827056884788,10.288459777831974],[123.93820190429722,10.288929939270133],[123.93816375732433,10.289349555969181],[123.93814086914108,10.289679527282772],[123.9380798339846,10.289910316467342],[123.93789672851585,10.290010452270621],[123.93759918212902,10.290040016174316],[123.93723297119186,10.290049552917594],[123.9368362426759,10.290089607238883],[123.9365234375,10.290129661560172],[123.93618774414062,10.29026985168457],[123.93582916259766,10.290519714355582],[123.9354171752932,10.290849685668945],[123.93511962890636,10.29121017456066],[123.93495941162143,10.291500091552791],[123.93486785888672,10.291740417480469],[123.93473052978527,10.29191970825201],[123.93454742431652,10.292099952697868],[123.93443298339855,10.29230976104759],[123.93434143066418,10.292539596557674],[123.93419647216831,10.29281997680664],[123.93399810791061,10.293180465698185],[123.93392181396484,10.293600082397461],[123.93389129638695,10.293970108032283],[123.93390655517578,10.294300079345703],[123.93402099609375,10.294599533081112],[123.93412017822266,10.294939994812239],[123.9341735839846,10.295319557190055],[123.93425750732456,10.295700073242301],[123.93448638916016,10.295949935913143],[123.93486785888672,10.296030044555721],[123.93544006347656,10.295940399169979],[123.93589019775413,10.295720100402889],[123.93612670898438,10.295410156250057],[123.93618011474632,10.295069694519043],[123.93617248535179,10.29473972320568],[123.93612670898438,10.294449806213379],[123.93611907958984,10.294199943542537],[123.93620300292969,10.293999671936149],[123.93636322021507,10.293860435485897],[123.9366073608403,10.293789863586426],[123.93685913085983,10.293820381164608],[123.93707275390625,10.293950080871582],[123.93721008300793,10.294179916381836],[123.93724060058639,10.294489860534668],[123.93711853027378,10.29485988616949],[123.93694305419945,10.295209884643612],[123.93679809570358,10.295530319213867],[123.93665313720726,10.295809745788574],[123.9365386962894,10.296110153198242],[123.9365386962894,10.29644966125494],[123.93656921386719,10.296770095825195],[123.9365234375,10.297039985656738],[123.9362716674807,10.297320365905705],[123.93583679199219,10.297639846801871],[123.93533325195358,10.298029899597282],[123.93511199951183,10.298359870910645],[123.93506622314453,10.298410415649528],[123.9350280761721,10.298830032348633],[123.93509674072277,10.29928970336914],[123.935340881348,10.299639701843262],[123.93559265136753,10.299920082092399],[123.93562316894531,10.299960136413688],[123.93580627441406,10.300160408020076],[123.93599700927734,10.300430297851676],[123.93621063232422,10.300740242004508],[123.9365234375,10.301010131836051],[123.9368133544923,10.301320075988883],[123.93713378906273,10.301469802856559],[123.93766784667969,10.301259994506836],[123.93813323974655,10.30097961425787],[123.93840026855503,10.300889968872184],[123.93856048584007,10.301079750060978],[123.93876647949264,10.301289558410701],[123.93885803222656,10.301580429077092],[123.93888092041016,10.301930427551213],[123.93892669677746,10.302280426025504],[123.93930053710949,10.302680015564022],[123.93968200683605,10.303039550781307],[123.93994903564453,10.303350448608398],[123.94004058837936,10.3036403656007],[123.93995666503906,10.303939819335938],[123.93982696533203,10.30430984497093],[123.93979644775413,10.304730415344295],[123.93994140625,10.305179595947266],[123.94007110595714,10.305569648742619],[123.94004058837936,10.30585956573509],[123.93984985351608,10.306010246276912],[123.93958282470714,10.30591964721674],[123.93930053710949,10.305620193481502],[123.93908691406295,10.30515003204357],[123.93872070312511,10.30459976196289],[123.9380798339846,10.304129600524902],[123.93744659423862,10.303999900818098],[123.93718719482467,10.30430984497093],[123.93698120117188,10.30469989776617],[123.93694305419945,10.30519008636486],[123.93697357177734,10.305509567260799],[123.93698120117188,10.305680274963379],[123.9372024536134,10.306090354919661],[123.93750762939476,10.306400299072493],[123.9378433227539,10.30663967132574],[123.93820953369175,10.30673980712902],[123.93849182128906,10.306929588317985],[123.93875885009811,10.307100296020565],[123.93898010253906,10.307330131530989],[123.93919372558594,10.307649612426758],[123.9394302368164,10.307979583740348],[123.939453125,10.30832958221447],[123.93972015380905,10.308609962463436],[123.94000244140625,10.308609962463436],[123.9402770996096,10.308890342712402],[123.94055175781284,10.308890342712402],[123.94222259521484,10.31056022644043],[123.94222259521484,10.310830116271973],[123.94304656982445,10.311670303344783],[123.94333648681686,10.311670303344783],[123.94361114501976,10.311940193176326],[123.9438934326173,10.311940193176326],[123.94416809082065,10.312219619750977],[123.94426727294933,10.312219619750977],[123.94471740722656,10.312219619750977],[123.9452514648442,10.31260013580328],[123.94568634033214,10.312890052795524],[123.94612121582031,10.312990188598633],[123.94654846191418,10.312849998474064],[123.94686126709007,10.312959671020508],[123.94716644287143,10.313119888305607],[123.94744110107422,10.313349723815918],[123.94773101806686,10.313619613647461],[123.94803619384766,10.313940048217887],[123.94834899902344,10.31427001953125],[123.94872283935547,10.314539909362793],[123.94908905029297,10.31476020812994],[123.9494094848634,10.314970016479492],[123.94975280761719,10.315059661865348],[123.9500503540039,10.315239906311035],[123.95043182373047,10.315279960632324],[123.95081329345703,10.315320014953613],[123.9511108398442,10.315520286560002],[123.95136260986362,10.315609931945858],[123.95144653320312,10.31564044952404],[123.95176696777344,10.315839767456339],[123.95211029052803,10.316109657287711],[123.95247650146496,10.316430091857967],[123.95279693603516,10.31686019897461],[123.9540863037115,10.317410469055346],[123.95465087890636,10.317819595336971],[123.9547576904298,10.31785964965826],[123.95482635498047,10.317890167236612],[123.95575714111362,10.318240165710733],[123.9574966430664,10.318209648132552],[123.95839691162132,10.318420410156193],[123.95916748046943,10.318420410156193],[123.95971679687511,10.318490028381348],[123.9603500366211,10.31875991821289],[123.96056365966808,10.318969726562614],[123.96070098876999,10.319109916687012],[123.96116638183616,10.319560050964412],[123.9616165161134,10.319729804992676],[123.96202087402366,10.319939613342399],[123.96243286132847,10.320119857788086],[123.96279144287155,10.320469856262207],[123.96320343017578,10.32083988189703],[123.96362304687534,10.32124996185297],[123.9640731811528,10.321640014648551],[123.96452331543003,10.321980476379395],[123.96489715576217,10.322369575500488],[123.96537780761719,10.32266044616722],[123.96578216552734,10.322979927062988],[123.96704864501964,10.323809623718375],[123.96788024902344,10.324370384216309],[123.96926116943371,10.325289726257381],[123.96971893310558,10.325599670410213],[123.97013092041038,10.325790405273494],[123.97061920166061,10.325889587402344],[123.9710464477539,10.326009750366211],[123.97136688232445,10.326219558715877],[123.9716491699221,10.326410293579158],[123.97248840332043,10.326680183410758],[123.97290802001999,10.326889991760254],[123.97332763671875,10.327030181884822],[123.9738235473634,10.32744026184082],[123.97437286376999,10.327719688415641],[123.97471618652344,10.327790260314885],[123.97521209716831,10.32793045043951],[123.97570037841797,10.328129768371582],[123.97583007812534,10.328330039978027],[123.97528076171898,10.328889846801815],[123.97499847412155,10.328889846801815],[123.97499847412155,10.329719543457031],[123.97528076171898,10.329999923705998],[123.97528076171898,10.330280303955192],[123.97589874267624,10.330630302429256],[123.97638702392578,10.33069992065441],[123.97693634033203,10.330559730530013],[123.97693634033203,10.329449653625488],[123.97743988037121,10.329380035400334],[123.97765350341808,10.329649925231877],[123.97765350341808,10.329790115356502],[123.97807312011753,10.330280303955192],[123.97884368896484,10.330280303955192],[123.97904205322266,10.330209732055721],[123.97911834716797,10.330209732055721],[123.97931671142578,10.330280303955192],[123.97946166992222,10.330619812011662],[123.9799499511721,10.331040382385254],[123.981201171875,10.331919670105037],[123.98166656494163,10.332099914550895],[123.98210144042969,10.332260131835994],[123.98248291015625,10.332500457763672],[123.98287963867199,10.332759857177848],[123.98330688476562,10.332980155944767],[123.98378753662143,10.333180427551383],[123.98426818847656,10.333379745483512],[123.98465728759766,10.33372020721447],[123.98499298095737,10.334119796752987],[123.98547363281261,10.334309577942008],[123.98613739013706,10.334250450134277],[123.98665618896518,10.334409713745117],[123.98708343505893,10.334469795227278],[123.98748016357445,10.334609985351676],[123.98780822753906,10.33450031280529],[123.98818206787143,10.334449768066406]]]]}},{"type":"Feature","properties":{"ID_0":177,"ISO":"PHL","NAME_0":"Philippines","ID_1":25,"NAME_1":"Cebu","ID_2":467,"NAME_2":"Liloan","NL_NAME_2":null,"VARNAME_2":null,"TYPE_2":"Bayan|Munisipyo","ENGTYPE_2":"Municipality","PROVINCE":"Cebu","REGION":"Central Visayas (Region VII)"},"geometry":{"type":"Polygon","coordinates":[[[123.95079803466831,10.476490020751953],[123.95134735107467,10.475859642028865],[123.95130157470749,10.475210189819336],[123.95115661621139,10.474260330200309],[123.95159912109386,10.473750114440861],[123.95259857177734,10.473299980163631],[123.95319366455078,10.47296047210699],[123.9539566040039,10.472149848938045],[123.95429992675804,10.471440315246639],[123.95423126220737,10.470509529113883],[123.95455932617199,10.469109535217228],[123.95599365234409,10.468310356140364],[123.95684051513683,10.467399597167969],[123.95713043212902,10.466679573059196],[123.95744323730491,10.466409683227596],[123.9581527709961,10.465789794921932],[123.95960235595703,10.465129852295036],[123.96032714843784,10.465040206909123],[123.96111297607422,10.465499877929688],[123.96237945556652,10.465880393981934],[123.96325683593773,10.46580982208252],[123.96392822265648,10.465089797973746],[123.96401977539085,10.46422004699707],[123.96375274658249,10.463720321655273],[123.96347045898438,10.463069915771598],[123.96321868896484,10.462679862976017],[123.96337890625034,10.461669921875],[123.9642333984375,10.4612398147583],[123.96476745605503,10.460619926452637],[123.96472930908203,10.460189819335938],[123.96437835693371,10.459930419921818],[123.96321105957031,10.45985031127924],[123.96241760253952,10.459870338440169],[123.96202087402366,10.459420204162598],[123.96272277832031,10.458510398864803],[123.96351623535168,10.457739830017147],[123.96375274658249,10.456780433654785],[123.96354675292991,10.455989837646598],[123.96272277832031,10.455530166626033],[123.96192932128929,10.454930305480957],[123.96192932128929,10.45431995391857],[123.96402740478538,10.453539848327637],[123.96456909179699,10.453310012817326],[123.96521759033249,10.452690124511662],[123.96597290039062,10.45143985748291],[123.96636199951217,10.450570106506461],[123.96676635742199,10.449799537658805],[123.96750640869186,10.449449539184684],[123.9683227539067,10.4493799209597],[123.96961975097668,10.449540138244629],[123.97046661376953,10.44987010955822],[123.97157287597702,10.449609756469783],[123.97245025634766,10.448840141296444],[123.97325897216808,10.447959899902344],[123.97368621826206,10.44783020019554],[123.97492980957031,10.447810173034611],[123.97637176513672,10.448140144348372],[123.97753143310547,10.448769569396973],[123.97802734375011,10.449069976806868],[123.97844696044956,10.449230194091797],[123.97931671142578,10.449009895324707],[123.97982788085949,10.448510169982853],[123.98069763183605,10.447589874267692],[123.98179626464844,10.447039604186955],[123.9822998046875,10.447190284728947],[123.98285675048828,10.447719573974666],[123.9838333129884,10.448140144348372],[123.98442077636753,10.447620391845817],[123.98401641845703,10.446929931640739],[123.98317718505871,10.445899963378963],[123.9830017089846,10.444709777832031],[123.98362731933594,10.444029808044547],[123.98502349853516,10.443739891052246],[123.98580169677734,10.44340038299572],[123.9861068725586,10.443059921264762],[123.98615264892601,10.442999839782715],[123.98650360107433,10.441840171813965],[123.98664093017624,10.441010475158748],[123.98706817626953,10.440010070801009],[123.98716735839855,10.439390182495345],[123.9867782592778,10.439020156860352],[123.98593139648449,10.43887042999279],[123.98557281494163,10.438159942626953],[123.98594665527378,10.437339782715071],[123.9864730834961,10.436690330505371],[123.98668670654297,10.435939788818416],[123.98748016357445,10.435199737548942],[123.988563537598,10.435370445251465],[123.98973846435547,10.436010360717887],[123.99092864990234,10.436149597167969],[123.99188232421875,10.435600280761776],[123.99334716796875,10.434599876403809],[123.99421691894577,10.434479713439998],[123.99609375,10.43451976776123],[123.99674987793014,10.434800148010254],[123.99736022949219,10.43544006347679],[123.99797058105491,10.437239646911621],[123.99858093261719,10.43787002563488],[123.99951934814453,10.438050270080566],[124.00010681152344,10.437840461731184],[124.00041961669922,10.437649726867903],[124.00068664550781,10.437410354614315],[124.00080108642578,10.436539649963379],[124.00126647949264,10.435449600219727],[124.00208282470749,10.434989929199219],[124.00264739990257,10.435199737548942],[124.00360107421898,10.435090065002498],[124.00383758544922,10.434269905090446],[124.00316619873047,10.433580398559798],[124.0029907226567,10.432609558105582],[124.00305938720737,10.431679725647086],[124.00334930419922,10.430529594421444],[124.0038223266605,10.429730415344181],[124.00457000732467,10.428819656372127],[124.00507354736328,10.428500175476188],[124.0057373046875,10.428680419921875],[124.00646972656295,10.429610252380371],[124.00688171386719,10.430600166321028],[124.00730133056675,10.431610107421932],[124.0079803466798,10.432559967040959],[124.00892639160168,10.433520317077637],[124.00945281982422,10.433919906616325],[124.0101318359375,10.434390068054256],[124.01033782958984,10.434430122375545],[124.01084899902366,10.43428039550787],[124.01083374023449,10.433830261230469],[124.01055145263706,10.43323993682867],[124.01029968261753,10.432769775390852],[124.01026916503918,10.432709693908691],[124.00997924804722,10.432330131530875],[124.00969696044933,10.43206977844244],[124.00952911376999,10.431799888610897],[124.00933074951217,10.431570053100813],[124.00926208496094,10.431489944458065],[124.00908660888717,10.431309700012207],[124.00894165039085,10.430709838867301],[124.00852203369186,10.428979873657283],[124.00795745849621,10.427319526672363],[124.00782012939487,10.426950454712028],[124.00740814208996,10.42586994171154],[124.00678253173828,10.424630165100211],[124.00636291503929,10.423520088195858],[124.00572967529331,10.422550201416072],[124.00498962402344,10.421099662780705],[124.00454711914074,10.420709609985352],[124.00411224365234,10.420319557189941],[124.00361633300827,10.419989585876522],[124.00314331054688,10.419659614562988],[124.00273132324253,10.419269561767578],[124.0022811889653,10.418959617614746],[124.00179290771507,10.418709754943961],[124.00141906738281,10.418370246887264],[124.00119018554699,10.41812992095953],[124.00054931640648,10.417449951171875],[124.00010681152344,10.416609764099064],[124.00000000000034,10.416390419006575],[123.99880981445324,10.415069580078239],[123.99832153320312,10.413069725036678],[123.99832153320312,10.411820411682186],[123.99845886230514,10.410030364990348],[123.9985961914067,10.40775012969982],[123.9992294311528,10.40581035614025],[124.00000000000034,10.404439926147461],[124.00070953369152,10.403869628906193],[124.00106048583984,10.403249740600529],[124.0012130737307,10.403010368347168],[124.00148010253918,10.402560234069938],[124.00182342529297,10.401519775390739],[124.00177764892612,10.400679588317928],[124.00227355957077,10.398599624633789],[124.00232696533203,10.398039817810115],[124.00240325927734,10.3975000381472],[124.00251007080078,10.39657974243164],[124.00254058837925,10.396309852600098],[124.00260925293014,10.396100044250545],[124.00277709960938,10.395859718322868],[124.00308227539062,10.395569801330623],[124.00463867187534,10.394399642944393],[124.00578308105503,10.393389701843375],[124.00582122802734,10.39336013793951],[124.0070037841798,10.392250061035156],[124.00813293457077,10.39087009429943],[124.00950622558605,10.389699935913029],[124.01055908203148,10.38893032073986],[124.01187133789074,10.388179779052734],[124.01287078857422,10.387749671936092],[124.01390075683616,10.387459754943961],[124.01423645019577,10.387160301208723],[124.01461029052734,10.386969566345442],[124.01500701904342,10.386940002441406],[124.01542663574241,10.386940002441406],[124.01583862304722,10.386919975280875],[124.01625061035156,10.386879920959586],[124.01666259765648,10.38683032989502],[124.0170669555664,10.386770248413143],[124.01746368408203,10.386730194091854],[124.01788330078136,10.386739730835018],[124.0183334350586,10.386859893798828],[124.01838684082054,10.386870384216252],[124.01882934570324,10.386960029602164],[124.01965332031284,10.38667964935297],[124.02027130126987,10.386469841003475],[124.02057647705101,10.38584995269781],[124.02069091796875,10.385640144348258],[124.02124786376976,10.384599685669059],[124.02139282226562,10.383429527282658],[124.02102661132824,10.382840156555176],[124.02075958251964,10.382390022277946],[124.0192337036134,10.381150245666618],[124.01838684082054,10.380040168762264],[124.01761627197288,10.379489898681754],[124.01603698730469,10.379119873046875],[124.01484680175793,10.378840446472225],[124.01394653320312,10.378259658813704],[124.01367187500045,10.378080368041992],[124.01296997070347,10.377530097961426],[124.01206970214878,10.376359939575423],[124.01167297363281,10.376219749450684],[124.01141357421886,10.37604999542259],[124.01123809814499,10.37594985961914],[124.01085662841842,10.3755397796632],[124.0105209350586,10.375040054321346],[124.0101318359375,10.374620437622127],[124.00993347167969,10.374119758606014],[124.00972747802768,10.373680114746207],[124.0095367431644,10.373250007629508],[124.00906372070312,10.372659683227539],[124.00891876220714,10.372380256652832],[124.00850677490234,10.371549606323356],[124.00820159912143,10.370860099792537],[124.00753021240234,10.369339942932243],[124.00697326660156,10.368379592895621],[124.0067977905278,10.367759704589957],[124.00665283203148,10.367620468139648],[124.00637817382812,10.367349624633789],[124.00641632080124,10.366709709167594],[124.00644683837902,10.366239547729435],[124.006591796875,10.36575984954834],[124.00602722167969,10.364789962768612],[124.00554656982422,10.364239692688045],[124.00540161132847,10.363409996032658],[124.00483703613304,10.363200187683162],[124.00457000732467,10.362580299377498],[124.00386810302768,10.362090110778809],[124.00392150878906,10.361439704894963],[124.00353240966797,10.36161994934082],[124.00312805175804,10.361579895019531],[124.00306701660156,10.361570358276595],[124.00253295898472,10.361519813537711],[124.00254821777366,10.361559867859],[124.00142669677734,10.362669944763184],[123.9973068237307,10.366180419921932],[123.99389648437534,10.36847972869873],[123.99146270751964,10.370490074157715],[123.99140167236374,10.370539665222282],[123.99047088623081,10.371310234069767],[123.98813629150402,10.37320995330822],[123.98442077636753,10.376239776611385],[123.98445892333984,10.376549720764217],[123.98442077636753,10.376720428466797],[123.984413146973,10.376779556274528],[123.98412322998058,10.376899719238338],[123.98390960693405,10.37705039978033],[123.98367309570335,10.377340316772461],[123.9835662841798,10.377429962158317],[123.98184204101574,10.380359649658203],[123.97856903076217,10.38397026062006],[123.97564697265659,10.387350082397518],[123.9713134765625,10.391920089721737],[123.97000885009777,10.393280029297102],[123.96788787841842,10.395640373230208],[123.95767974853516,10.406250000000227],[123.95683288574264,10.407239913940373],[123.95355987548828,10.411199569702262],[123.95069885253906,10.41489028930664],[123.9487075805664,10.416979789733944],[123.9467163085942,10.419770240783691],[123.94304656982445,10.424579620361328],[123.94241333007812,10.425559997558707],[123.93753814697266,10.433059692382812],[123.93435668945324,10.438810348510799],[123.93208312988327,10.44287014007574],[123.9287261962894,10.447469711303825],[123.92687988281295,10.450050354003906],[123.92569732666016,10.451629638671932],[123.92568969726585,10.45386981964134],[123.92566680908237,10.461870193481559],[123.92533874511719,10.46541976928711],[123.92582702636719,10.46973037719738],[123.92622375488281,10.47173023223877],[123.92603302001953,10.472920417785701],[123.92632293701183,10.472310066223145],[123.9279708862307,10.4700803756715],[123.92916870117233,10.469189643859977],[123.92951202392578,10.46924018859886],[123.93036651611374,10.46934032440197],[123.93119812011753,10.46881008148199],[123.93212890625,10.467989921569938],[123.93226623535179,10.467900276184082],[123.9329605102539,10.467829704284611],[123.9333190917971,10.468159675598201],[123.93341064453148,10.468580245971907],[123.93293762207054,10.469149589538688],[123.93231201171875,10.470049858093319],[123.93193054199219,10.470629692077694],[123.93180847167969,10.470979690551815],[123.93190765380893,10.471619606018066],[123.93215942382847,10.47200965881342],[123.9324417114259,10.472319602966252],[123.93322753906295,10.472430229187012],[123.93388366699241,10.472319602966252],[123.93427276611351,10.47155952453619],[123.93401336669956,10.470899581909293],[123.93395233154308,10.470330238342285],[123.93443298339855,10.46984958648693],[123.93520355224643,10.469840049743596],[123.93599700927734,10.47039985656744],[123.9368515014653,10.47035980224615],[123.9376373291019,10.469739913940487],[123.93865966796898,10.469280242919979],[123.9393234252932,10.46969032287609],[123.94003295898438,10.470589637756461],[123.94072723388683,10.471710205078239],[123.94165802001953,10.472809791564941],[123.94233703613327,10.473489761352653],[123.94303894042991,10.473990440368766],[123.94407653808605,10.47412014007574],[123.94470977783203,10.474570274353141],[123.94448852539108,10.475390434265194],[123.94407653808605,10.476110458373967],[123.94477081298828,10.476909637451229],[123.94538879394577,10.476810455322209],[123.94582366943405,10.476559638977278],[123.94625854492199,10.476469993591422],[123.94715881347702,10.4762802124024],[123.94822692871094,10.476659774780387],[123.94895172119163,10.476880073547363],[123.94950866699253,10.47692966461176],[123.95014190673828,10.476719856262207],[123.95079803466831,10.476490020751953]]]}},{"type":"Feature","properties":{"ID_0":177,"ISO":"PHL","NAME_0":"Philippines","ID_1":25,"NAME_1":"Cebu","ID_2":469,"NAME_2":"Malabuyoc","NL_NAME_2":null,"VARNAME_2":null,"TYPE_2":"Bayan|Munisipyo","ENGTYPE_2":"Municipality","PROVINCE":"Cebu","REGION":"Central Visayas (Region VII)"},"geometry":{"type":"Polygon","coordinates":[[[123.35817718505893,9.706379890442122],[123.36045074462936,9.706110000610579],[123.36155700683605,9.706219673156852],[123.3655929565432,9.706080436706543],[123.37010192871094,9.705369949340877],[123.37468719482422,9.703980445861873],[123.37902069091831,9.702690124511832],[123.38136291503906,9.702219963073674],[123.3847885131836,9.701549530029297],[123.38733673095726,9.701519966125488],[123.38921356201183,9.700880050659237],[123.3922119140625,9.699970245361328],[123.42356109619152,9.690279960632381],[123.41520690918003,9.677459716797102],[123.4058837890625,9.6565198898316],[123.40200042724621,9.64865970611578],[123.39848327636753,9.63805007934576],[123.39304351806652,9.622440338134822],[123.36193084716842,9.62411022186285],[123.34281158447266,9.624199867248535],[123.33376312255893,9.624219894409237],[123.32277679443382,9.624050140380803],[123.32282257080124,9.624239921569824],[123.32301330566452,9.624690055847395],[123.32308959960972,9.625200271606445],[123.32315063476585,9.625699996948299],[123.3231201171875,9.626199722290266],[123.32330322265625,9.626689910888786],[123.32333374023472,9.627189636230412],[123.32333374023472,9.627730369567814],[123.32337188720703,9.6282701492309],[123.32356262207031,9.628720283508358],[123.32364654541061,9.629210472107047],[123.3237228393557,9.62936973571783],[123.32383728027389,9.62963962554943],[123.32388305664062,9.630120277404785],[123.32389068603527,9.630620002746582],[123.32391357421898,9.631119728088436],[123.32398986816418,9.631469726562557],[123.32401275634788,9.631589889526367],[123.32408142089855,9.632089614868221],[123.32409667968784,9.632630348205623],[123.32412719726562,9.633210182189998],[123.32437896728527,9.63362026214611],[123.32443237304688,9.633709907531966],[123.32470703125,9.63422966003418],[123.32498168945358,9.6347398757934],[123.32518005371128,9.635279655456486],[123.32540893554688,9.63572025299078],[123.32552337646496,9.636190414428768],[123.32568359375045,9.636670112609863],[123.32579803466808,9.63710975646984],[123.32582855224632,9.637530326843375],[123.32582855224632,9.63772010803217],[123.32584381103516,9.637909889221191],[123.32584381103516,9.638259887695256],[123.32582855224632,9.638589859009016],[123.32582855224632,9.638689994812125],[123.32582092285179,9.638919830322209],[123.3257827758789,9.639280319213924],[123.32568359375045,9.639710426330794],[123.32556915283237,9.64021015167242],[123.32543945312523,9.640760421752987],[123.3251419067384,9.641220092773665],[123.32476806640636,9.64163970947277],[123.32444763183594,9.64208984375],[123.3241577148442,9.642530441284237],[123.32396697998092,9.642999649047908],[123.32405090332031,9.64363956451416],[123.32392120361351,9.644100189208984],[123.32380676269543,9.644550323486555],[123.32360839843761,9.644940376281795],[123.32334899902366,9.645290374755916],[123.32305145263683,9.64562034606945],[123.32270812988315,9.645930290222282],[123.3224487304692,9.64622974395752],[123.32238769531273,9.646300315856934],[123.32227325439464,9.646539688110352],[123.32215881347656,9.646769523620605],[123.32200622558616,9.647270202636719],[123.3221664428711,9.647740364074707],[123.32219696044945,9.647820472717228],[123.32227325439464,9.648019790649357],[123.32240295410156,9.6482896804809],[123.32251739501987,9.648650169372615],[123.32266235351574,9.648909568786564],[123.32272338867188,9.649189949035758],[123.32279205322266,9.649479866027832],[123.32312774658214,9.650899887085188],[123.32362365722668,9.652359962463493],[123.32383728027389,9.65279960632347],[123.32392883300781,9.653349876403809],[123.32412719726562,9.653900146484318],[123.32418823242199,9.65447998046875],[123.32433319091797,9.654990196228141],[123.32447052001987,9.655429840088118],[123.32466125488315,9.6557998657226],[123.32466888427768,9.65618991851818],[123.3244781494144,9.656599998474121],[123.32436370849621,9.65707015991211],[123.32422637939487,9.657549858093375],[123.32417297363293,9.658080101013184],[123.32417297363293,9.658610343933105],[123.32417297363293,9.659139633178825],[123.32417297363293,9.659649848938216],[123.32417297363293,9.660140037536735],[123.32422637939487,9.660579681396712],[123.32430267334007,9.66071987152111],[123.32440948486374,9.660940170288086],[123.32444763183594,9.661310195922908],[123.32444763183594,9.66166019439703],[123.32444763183594,9.662019729614258],[123.32444763183594,9.662409782409668],[123.3244400024414,9.662859916687069],[123.32441711425815,9.663410186767635],[123.32433319091797,9.663979530334586],[123.32420349121116,9.664569854736385],[123.32417297363293,9.665200233459473],[123.32420349121116,9.665690422058162],[123.32420349121116,9.665820121765137],[123.3244018554692,9.666370391845817],[123.32446289062511,9.666870117187443],[123.32446289062511,9.666910171508732],[123.32457733154308,9.667369842529297],[123.32469940185547,9.667830467224121],[123.32472229003906,9.668310165405387],[123.3247528076173,9.668800354003906],[123.32480621337925,9.669269561767578],[123.32472991943405,9.669750213623104],[123.32472991943405,9.670289993286246],[123.32476806640636,9.67090988159191],[123.3247528076173,9.671569824218807],[123.32495117187511,9.672240257263184],[123.32499694824253,9.6729097366333],[123.32505035400425,9.673529624938965],[123.32525634765648,9.674039840698356],[123.32543182373081,9.67444038391119],[123.32553100585949,9.674779891967887],[123.32554626464889,9.675149917602539],[123.32549285888717,9.675569534301815],[123.32539367675781,9.67599010467535],[123.32536315918014,9.676099777221737],[123.32552337646496,9.676630020141545],[123.32562255859409,9.676879882812727],[123.32565307617188,9.67693042755127],[123.32573699951217,9.677160263061523],[123.32579040527344,9.677419662475643],[123.32584381103516,9.677749633789062],[123.32597351074219,9.678330421447697],[123.32608795166027,9.678899765014648],[123.32615661621094,9.679499626159782],[123.32639312744163,9.680020332336426],[123.32665252685558,9.680549621582145],[123.32691955566406,9.681090354919547],[123.32702636718795,9.681320190429801],[123.32716369628929,9.681630134582633],[123.32733917236362,9.682209968567008],[123.32752227783237,9.682749748230094],[123.32774353027344,9.683219909668082],[123.32778930664108,9.683670043945312],[123.32785034179722,9.684040069580305],[123.32800292968761,9.684339523315543],[123.32804870605503,9.684670448303223],[123.32805633544922,9.685059547424316],[123.32808685302746,9.685489654541016],[123.32830810546898,9.68591022491455],[123.32848358154331,9.686380386352539],[123.32864379882812,9.686849594116154],[123.32882690429688,9.687279701233024],[123.32895660400402,9.687669754028434],[123.32911682128952,9.687950134277571],[123.32917785644577,9.688260078430403],[123.32924652099643,9.688559532165641],[123.32940673828125,9.68887042999279],[123.32949829101608,9.689299583435172],[123.32969665527389,9.689780235290527],[123.32981872558628,9.690360069274902],[123.33001708984398,9.690910339355469],[123.33027648925793,9.691399574280013],[123.33056640625011,9.691849708557243],[123.3308563232423,9.692259788513184],[123.33112335205078,9.692649841308594],[123.33138275146484,9.692999839782715],[123.33155822753906,9.69336032867443],[123.3316879272461,9.69373989105219],[123.33186340332065,9.694080352783203],[123.33200836181652,9.69451999664318],[123.33216857910202,9.69497013092041],[123.33222198486374,9.69550037384056],[123.33222961425827,9.696080207824934],[123.33278656005882,9.696820259094295],[123.33284759521484,9.697739601135368],[123.33328247070312,9.698080062866325],[123.33350372314499,9.698490142822266],[123.33371734619152,9.698869705200423],[123.3339462280278,9.699239730834904],[123.33416748046875,9.699649810791072],[123.33441162109398,9.700110435485897],[123.33451080322311,9.700719833374137],[123.33471679687534,9.701330184936467],[123.33492279052734,9.70199012756359],[123.33515930175815,9.702619552612418],[123.33553314209018,9.703120231628532],[123.33583068847668,9.70359992980957],[123.33606719970703,9.704070091247559],[123.33611297607456,9.704569816589355],[123.33606719970703,9.70506954193121],[123.33587646484375,9.70551967620861],[123.33583068847668,9.70596981048584],[123.33583068847668,9.706379890442122],[123.33586120605503,9.706760406494197],[123.33596801757812,9.707090377807617],[123.33605194091831,9.70746040344244],[123.33609771728527,9.707900047302246],[123.33612823486351,9.708410263061523],[123.33625793457031,9.708939552307186],[123.33641815185592,9.709509849548454],[123.33666229248047,9.71004962921154],[123.33692169189453,9.710590362548942],[123.33714294433605,9.711119651794434],[123.33733367919933,9.711649894714412],[123.33753204345714,9.71210956573492],[123.33778381347656,9.712490081787223],[123.33796691894565,9.71277046203619],[123.33775329589889,9.711979866027946],[123.34146118164085,9.711449623107967],[123.34454345703125,9.711090087890739],[123.3470230102539,9.710590362548942],[123.34934234619186,9.70991039276123],[123.35212707519565,9.709210395813045],[123.35442352294956,9.708419799804801],[123.35520172119163,9.707960128784293],[123.35704803466797,9.707030296325797],[123.35817718505893,9.706379890442122]]]}},{"type":"Feature","properties":{"ID_0":177,"ISO":"PHL","NAME_0":"Philippines","ID_1":25,"NAME_1":"Cebu","ID_2":470,"NAME_2":"Mandaue City","NL_NAME_2":null,"VARNAME_2":null,"TYPE_2":"Lungsod|Siyudad","ENGTYPE_2":"City","PROVINCE":"Cebu","REGION":"Central Visayas (Region VII)"},"geometry":{"type":"Polygon","coordinates":[[[123.9589233398442,10.364839553833008],[123.96176147460938,10.358420372009391],[123.96202850341842,10.358690261840934],[123.96272277832031,10.359109878540039],[123.96382141113315,10.359439849853572],[123.96378326416016,10.359379768371582],[123.96389007568405,10.3591699600222],[123.96305847168003,10.358329772949219],[123.96305847168003,10.357219696044865],[123.96250152587913,10.356670379638672],[123.9622192382817,10.356670379638672],[123.96212005615257,10.356450080871696],[123.96206665039062,10.356109619140682],[123.96195983886719,10.355770111083984],[123.96190643310581,10.355509757995605],[123.9622573852539,10.355489730835018],[123.96283721923828,10.35554027557373],[123.96307373046898,10.35548019409191],[123.96338653564487,10.355400085449332],[123.96382141113315,10.355310440063477],[123.9642333984375,10.35513019561779],[123.964393615723,10.354689598083496],[123.96446990966808,10.354470252990836],[123.9645919799807,10.354240417480582],[123.96454620361328,10.353949546814022],[123.96465301513717,10.353659629821891],[123.96472167968784,10.353389739990348],[123.96482849121094,10.35315036773676],[123.96505737304699,10.352970123291072],[123.96531677246094,10.352760314941406],[123.96559143066406,10.35260009765625],[123.96575164794922,10.352339744567814],[123.966102600098,10.352140426635742],[123.96623992919956,10.351960182190055],[123.9661636352539,10.35171985626215],[123.96592712402366,10.351460456848201],[123.96553039550815,10.351229667663631],[123.96504974365246,10.350999832153377],[123.96457672119175,10.350709915161133],[123.96411132812511,10.350489616394157],[123.96375274658249,10.350230216980037],[123.96351623535168,10.349909782409782],[123.96331024169967,10.349590301513615],[123.96320343017578,10.349390029907227],[123.96311950683639,10.349249839782829],[123.96311950683639,10.34887981414795],[123.96341705322266,10.348520278930721],[123.96381378173862,10.348139762878475],[123.9642562866211,10.347809791564885],[123.96468353271496,10.347539901733342],[123.96472167968784,10.347510337829647],[123.96505737304699,10.347330093383789],[123.96542358398449,10.347209930419979],[123.96571350097668,10.347040176391715],[123.96595001220703,10.34677982330328],[123.96613311767578,10.34652042388916],[123.96588897705078,10.345859527587947],[123.96542358398449,10.34519004821783],[123.96539306640625,10.345170021057129],[123.96485137939464,10.344790458679313],[123.96430969238304,10.344550132751465],[123.96392822265648,10.344340324402083],[123.96376800537143,10.344120025634766],[123.9638671875,10.34387016296398],[123.96417236328125,10.343600273132381],[123.96452331543003,10.3434095382691],[123.96484375000045,10.343359947204704],[123.96508789062545,10.343440055847282],[123.96531677246094,10.343509674072266],[123.96559143066406,10.343489646911678],[123.96591949462925,10.343319892883244],[123.96630859375023,10.34307003021246],[123.96674346923874,10.342849731445312],[123.96714019775402,10.342679977417049],[123.96746826171875,10.342590332031364],[123.9677429199221,10.342550277710075],[123.96800231933605,10.342499732971191],[123.96822357177757,10.342679977417049],[123.9683609008789,10.342820167541618],[123.9683609008789,10.34302997589117],[123.96829223632824,10.343379974365291],[123.96814727783237,10.343649864196834],[123.9677429199221,10.344340324402083],[123.96752166748058,10.34552001953125],[123.96752166748058,10.34607028961193],[123.96766662597656,10.346280097961483],[123.96794128418014,10.346349716186637],[123.96814727783237,10.346209526062012],[123.96864318847656,10.345939636230469],[123.96864318847656,10.345589637756348],[123.96878051757847,10.345239639282283],[123.96961975097668,10.345239639282283],[123.96983337402355,10.344759941101188],[123.96983337402355,10.34461975097662],[123.96988677978516,10.344280242919922],[123.96996307373047,10.344280242919922],[123.97059631347668,10.34461975097662],[123.97087097168003,10.344900131225586],[123.97100830078159,10.345040321350154],[123.97149658203125,10.345379829406852],[123.97177886962925,10.345450401306266],[123.97281646728516,10.345450401306266],[123.97281646728516,10.345729827880973],[123.97261810302734,10.34607028961193],[123.97268676757824,10.346489906311035],[123.97303771972702,10.346699714660701],[123.97338104248047,10.346699714660701],[123.97373199462925,10.346349716186637],[123.97400665283214,10.345999717712516],[123.97435760498047,10.345170021057129],[123.97428894042969,10.344759941101188],[123.97422027587902,10.344209671020451],[123.97422027587902,10.34385967254633],[123.97415161132812,10.343509674072266],[123.97386932373081,10.342749595642204],[123.97386932373081,10.342340469360352],[123.97400665283214,10.34212970733654],[123.97408294677734,10.341509819030875],[123.97400665283214,10.341099739074707],[123.97380065918014,10.340749740600586],[123.97373199462925,10.340330123901367],[123.97351837158203,10.339559555053711],[123.97309875488327,10.339420318603572],[123.9728927612307,10.339139938354606],[123.9724731445317,10.338939666748047],[123.97197723388672,10.33866024017334],[123.97164154052768,10.339090347290039],[123.97142791748047,10.33936977386469],[123.97087097168003,10.339920043945426],[123.9703826904298,10.340399742126522],[123.97030639648472,10.340399742126522],[123.96988677978516,10.340330123901367],[123.96983337402355,10.340060234069824],[123.96983337402355,10.339779853820858],[123.96968841552734,10.339389801025447],[123.96936798095726,10.339289665222168],[123.9689865112307,10.339130401611328],[123.96864318847656,10.33891963958746],[123.96836853027344,10.338680267334098],[123.96819305419933,10.338399887084904],[123.96810150146496,10.338089942932072],[123.96804809570312,10.337710380554313],[123.96800231933605,10.337260246276912],[123.9680786132817,10.336759567260799],[123.96822357177757,10.336270332336369],[123.96822357177757,10.335579872131461],[123.96800994873081,10.335300445556584],[123.96772766113293,10.335370063781738],[123.96710205078125,10.336130142211971],[123.96710205078125,10.336689949035645],[123.96630859375023,10.337579727172852],[123.96513366699219,10.338410377502555],[123.96450042724632,10.338680267334098],[123.964149475098,10.338829994201774],[123.96289825439453,10.338829994201774],[123.96192169189476,10.33862018585205],[123.96101379394531,10.338479995727482],[123.96063232421875,10.338159561157227],[123.96053314208984,10.338069915771712],[123.96011352539085,10.337369918823299],[123.96011352539085,10.336480140686092],[123.96016693115234,10.335989952087402],[123.96031188964889,10.335579872131461],[123.96066284179699,10.335370063781738],[123.96101379394531,10.335300445556584],[123.9615707397461,10.33413028717041],[123.96240997314499,10.333499908447322],[123.96337890625034,10.331850051879883],[123.96437835693371,10.330809593200684],[123.96521759033249,10.32970046997076],[123.9653091430664,10.329469680786246],[123.96556854248047,10.328829765319824],[123.96568298339844,10.328399658203125],[123.96591949462925,10.327989578247013],[123.96571350097668,10.327910423278922],[123.96508026123092,10.327630043029785],[123.96459960937523,10.327630043029785],[123.96437835693371,10.327630043029785],[123.96402740478538,10.32769966125494],[123.96333312988293,10.32769966125494],[123.96312713623092,10.326729774475154],[123.96312713623092,10.326290130615348],[123.96312713623092,10.325770378112793],[123.96305847168003,10.325349807739258],[123.96292114257812,10.32501029968273],[123.96270751953125,10.324799537658691],[123.96208190917969,10.32466030120861],[123.96186828613281,10.324589729309196],[123.96138000488281,10.324250221252498],[123.96082305908203,10.324040412902946],[123.96069335937545,10.324060440063477],[123.96041107177734,10.32411003112793],[123.95870971679688,10.3236598968507],[123.95852661132812,10.323519706726131],[123.95831298828125,10.323309898376579],[123.95810699462913,10.323089599609602],[123.95806884765625,10.323049545288313],[123.9578628540039,10.322750091552734],[123.95771026611362,10.322440147399902],[123.9574966430664,10.322150230407829],[123.95645141601608,10.321510314941406],[123.95632934570347,10.321510314941406],[123.95519256591797,10.321510314941406],[123.95442962646484,10.321310043335018],[123.95410919189476,10.321080207824707],[123.95394134521484,10.320960044860897],[123.95390319824253,10.320919990539778],[123.95317077636719,10.320059776306266],[123.95137023925815,10.319439888000602],[123.95108032226562,10.319390296935978],[123.95085906982445,10.319219589233455],[123.95057678222679,10.319140434265194],[123.95034027099655,10.318980216980037],[123.95002746582065,10.318860054016227],[123.9497299194336,10.318650245666504],[123.94927978515625,10.318539619445744],[123.94886016845726,10.318340301513672],[123.94841003417969,10.318160057067985],[123.94796752929688,10.318120002746696],[123.94757843017578,10.31830978393549],[123.94719696044922,10.318479537963924],[123.9468765258789,10.318619728088322],[123.94682312011719,10.318869590759505],[123.9472122192384,10.319580078125],[123.947547912598,10.320150375366211],[123.94769287109386,10.320529937744197],[123.94767761230514,10.320659637451172],[123.94766998291061,10.320790290832633],[123.94751739501964,10.320989608764762],[123.94714355468773,10.321040153503475],[123.9469604492192,10.320859909057617],[123.94674682617199,10.320469856262207],[123.94661712646484,10.320179939270076],[123.94647979736351,10.319869995117244],[123.94612884521484,10.319259643554744],[123.94587707519543,10.319060325622786],[123.945556640625,10.3191499710083],[123.94515991210938,10.319279670715446],[123.94471740722656,10.319419860839844],[123.9446029663086,10.319479942321891],[123.9441833496096,10.319749832153434],[123.94368743896496,10.320099830627555],[123.94349670410168,10.320300102234114],[123.94313812255882,10.320509910583496],[123.94293212890636,10.320650100708065],[123.94251251220703,10.320929527282715],[123.94239044189499,10.321089744567871],[123.94229125976562,10.321209907531681],[123.9419631958009,10.321479797363281],[123.94181823730514,10.32157993316656],[123.9416732788086,10.321689605712947],[123.94132232666038,10.321900367736816],[123.94082641601574,10.322099685668945],[123.94055938720726,10.322239875793514],[123.93985748291061,10.322239875793514],[123.93972015380905,10.322099685668945],[123.93936920166016,10.321829795837346],[123.93936920166016,10.321339607238883],[123.93950653076183,10.321209907531681],[123.93978118896518,10.320759773254451],[123.93972778320347,10.320269584655762],[123.93968963623058,10.319970130920353],[123.93948364257824,10.319800376892147],[123.93908691406295,10.319709777832145],[123.93862915039074,10.319540023803711],[123.93817138671886,10.319270133972168],[123.93773651123047,10.318960189819336],[123.93730926513706,10.318710327148665],[123.93686676025425,10.318530082702637],[123.9365386962894,10.318329811096248],[123.9365005493164,10.31830978393549],[123.93615722656284,10.318059921264705],[123.93580627441406,10.317819595336971],[123.93540954589866,10.31754016876232],[123.93495941162143,10.317219734191895],[123.9344711303711,10.316869735717773],[123.93399047851608,10.316490173339957],[123.93359375000011,10.316200256347713],[123.93350219726585,10.316140174865666],[123.93300628662121,10.315830230712834],[123.93258666992188,10.315509796142578],[123.93226623535179,10.315099716186637],[123.9320526123048,10.31459999084484],[123.93182373046875,10.314229965209961],[123.9319534301759,10.313830375671444],[123.93203735351608,10.313409805298079],[123.93164825439499,10.313010215759391],[123.93126678466842,10.312589645385856],[123.9310531616211,10.312399864196834],[123.93084716796875,10.312259674072266],[123.93065643310547,10.3120698928833],[123.9307479858403,10.311710357666016],[123.93077850341797,10.311129570007381],[123.93055725097702,10.310589790344238],[123.93022155761719,10.31023025512701],[123.92991638183594,10.310050010681152],[123.92970275878906,10.310219764709586],[123.92933654785156,10.310930252075423],[123.92893218994163,10.311429977417049],[123.92833709716831,10.311570167541447],[123.92771911621128,10.311479568481502],[123.92726898193405,10.311400413513184],[123.92691802978527,10.311380386352653],[123.92659759521484,10.311360359191951],[123.9262924194336,10.311369895935059],[123.9259872436528,10.311519622802734],[123.92592620849655,10.311550140381087],[123.92552947998047,10.311880111694279],[123.92519378662121,10.312140464782715],[123.92484283447311,10.312319755554256],[123.9244766235355,10.312419891357422],[123.9242935180664,10.312299728393555],[123.92437744140625,10.311969757080192],[123.92465209960983,10.311579704284782],[123.92495727539062,10.311280250549373],[123.92503356933639,10.31122970581066],[123.92527770996105,10.311059951782227],[123.92542266845737,10.310919761657829],[123.92517852783214,10.31066036224371],[123.92471313476597,10.310159683227596],[123.92442321777355,10.309869766235295],[123.92420959472702,10.310139656066838],[123.92404174804699,10.310359954833984],[123.92353057861328,10.311160087585506],[123.92314910888672,10.31210994720459],[123.92327880859386,10.312580108642692],[123.9232864379884,10.312629699707088],[123.92344665527389,10.31317043304449],[123.92385101318371,10.314069747924862],[123.92413330078136,10.31575965881359],[123.92395782470737,10.317139625549316],[123.92407989501999,10.318039894104118],[123.92415618896507,10.3191499710083],[123.9241714477539,10.319219589233455],[123.92421722412155,10.319879531860408],[123.9237289428711,10.32172012329113],[123.92307281494186,10.322629928588867],[123.9226913452153,10.323949813842773],[123.9229736328125,10.324830055237044],[123.92314910888672,10.325519561767692],[123.92323303222656,10.326620101928711],[123.92299652099643,10.327770233154524],[123.92265319824219,10.32859992980957],[123.9213485717778,10.330459594726562],[123.92037963867188,10.331430435180607],[123.91934204101562,10.332830429077262],[123.91869354248058,10.3346204757691],[123.91742706298828,10.335760116577148],[123.91620635986374,10.335900306701888],[123.91851043701183,10.346599578857422],[123.91961669921875,10.354220390319824],[123.9201583862307,10.35758018493658],[123.921630859375,10.367859840393066],[123.9233627319336,10.376819610595817],[123.92445373535202,10.384940147400016],[123.92585754394565,10.397060394287223],[123.92666625976562,10.393529891967773],[123.92755889892578,10.391130447387638],[123.93052673339855,10.384819984435978],[123.93576049804688,10.381620407104549],[123.93985748291061,10.378820419311467],[123.942626953125,10.37675952911377],[123.94465637207043,10.375439643859863],[123.95287322998092,10.373020172119254],[123.95482635498047,10.37001037597679],[123.95567321777344,10.368200302124023],[123.9589233398442,10.364839553833008]]]}},{"type":"Feature","properties":{"ID_0":177,"ISO":"PHL","NAME_0":"Philippines","ID_1":25,"NAME_1":"Cebu","ID_2":471,"NAME_2":"Medellin","NL_NAME_2":null,"VARNAME_2":null,"TYPE_2":"Bayan|Munisipyo","ENGTYPE_2":"Municipality","PROVINCE":"Cebu","REGION":"Central Visayas (Region VII)"},"geometry":{"type":"MultiPolygon","coordinates":[[[[124.0161590576173,11.142689704894963],[124.0196762084961,11.135510444641113],[124.0248718261721,11.133099555969295],[124.02496337890648,11.133197784423828],[124.02493286132824,11.132740020752067],[124.02490997314453,11.132639884948958],[124.02478027343795,11.132100105285701],[124.02475738525402,11.131959915161133],[124.02469635009766,11.131529808044434],[124.02456665039074,11.130979537963924],[124.02439880371139,11.130470275879134],[124.02419281005871,11.130009651184139],[124.02400207519543,11.129549980163574],[124.02382659912155,11.129079818725643],[124.02369689941418,11.128600120544547],[124.02369689941418,11.128129959106388],[124.02365875244175,11.12786960601818],[124.02362823486351,11.127690315246582],[124.02352142334018,11.127269744873047],[124.02330780029297,11.126939773559684],[124.02303314208996,11.126640319824276],[124.02275085449253,11.126310348510685],[124.02268981933639,11.126199722290153],[124.02250671386753,11.125849723816032],[124.02194213867222,11.12444019317627],[124.02166748046875,11.124170303344727],[124.02166748046875,11.122389793395996],[124.02166748046875,11.121390342712346],[124.02194213867222,11.121109962463379],[124.02194213867222,11.120829582214412],[124.02152252197277,11.120409965515194],[124.02139282226562,11.12028026580822],[124.02105712890648,11.120389938354606],[124.02075958251964,11.120770454406681],[124.0204772949221,11.121109962463379],[124.02023315429688,11.121419906616211],[124.01995086669922,11.121649742126522],[124.0195999145509,11.121800422668514],[124.01915740966797,11.121839523315657],[124.01873779296886,11.121979713440055],[124.01834106445312,11.122690200805721],[124.01773071289108,11.122679710388297],[124.01741790771518,11.122719764709586],[124.01705169677757,11.122799873352108],[124.01699829101562,11.122810363769531],[124.01670837402344,11.122870445251579],[124.0165481567384,11.122900009155273],[124.01590728759788,11.122650146484602],[124.01529693603516,11.122710227966252],[124.01471710205078,11.122739791870117],[124.01422119140625,11.12259960174572],[124.01347351074264,11.122520446777457],[124.01361846923851,11.121500015258789],[124.01335144043003,11.120880126953125],[124.01303100585972,11.120320320129451],[124.01258087158249,11.119919776916504],[124.01200866699264,11.120100021362362],[124.01123809814499,11.120149612426758],[124.01094818115257,11.119799613952637],[124.01048278808639,11.11900997161888],[124.00998687744163,11.118639945983887],[124.0095367431644,11.11830043792736],[124.00919342041016,11.117919921875114],[124.00895690918014,11.117520332336369],[124.00884246826195,11.117090225219727],[124.00868225097656,11.116720199585018],[124.00855255126964,11.116370201110954],[124.00840759277344,11.116080284118652],[124.0084228515625,11.115799903869686],[124.00855255126964,11.11553955078125],[124.00861358642578,11.1152601242066],[124.00861358642578,11.114990234375],[124.00861358642578,11.114729881286621],[124.00856018066429,11.114469528198356],[124.00840759277344,11.114210128784407],[124.00823974609375,11.113900184631575],[124.00804138183594,11.113590240478743],[124.00785064697266,11.113260269164982],[124.00773620605469,11.112910270690918],[124.00760650634788,11.112580299377498],[124.00753784179688,11.112270355224666],[124.00750732421898,11.111940383911133],[124.00749206543003,11.111599922180119],[124.00742340087936,11.111249923705998],[124.00720977783214,11.110969543457031],[124.00684356689476,11.11085033416748],[124.00640869140625,11.110819816589355],[124.00592803955078,11.11089038848877],[124.00549316406261,11.110670089721623],[124.00543975830078,11.110650062561092],[124.00518798828125,11.110230445861816],[124.00530242919933,11.10991001129156],[124.00518035888672,11.109769821166992],[124.00512695312523,11.109720230102596],[124.00502777099632,11.109490394592342],[124.00499725341797,11.109199523925724],[124.00502777099632,11.108839988708496],[124.00511932373058,11.108429908752555],[124.00523376464844,11.107999801635685],[124.00520324707065,11.107549667358455],[124.00518035888672,11.107500076294059],[124.00498962402344,11.107110023498649],[124.0046615600586,11.106639862060547],[124.00421905517578,11.106220245361442],[124.00366973876964,11.10585021972662],[124.00314331054688,11.105440139770451],[124.00264739990257,11.104960441589412],[124.0021667480471,11.104479789734],[124.00169372558616,11.10402965545677],[124.00126647949264,11.103580474853459],[124.0008773803711,11.103119850158635],[124.00083923339866,11.103070259094238],[124.00045013427757,11.102589607238883],[124.00028228759766,11.10196971893322],[124.00026702880882,11.100620269775618],[124.00048828125,11.100239753723201],[124.00060272216797,11.099800109863395],[124.0005874633789,11.099289894104118],[124.00051879882824,11.098759651184139],[124.00042724609386,11.098230361938477],[124.00000000000034,11.09749984741211],[123.99944305419922,11.097220420837402],[123.999267578125,11.097399711609],[123.99916839599655,11.09749984741211],[123.99889373779297,11.09749984741211],[123.99858856201172,11.097200393676871],[123.99610900878906,11.094719886779728],[123.9958267211914,11.094719886779728],[123.99527740478527,11.095279693603743],[123.99445343017624,11.095279693603743],[123.99360656738281,11.094440460205078],[123.99360656738281,11.094169616699219],[123.9934005737307,11.093950271606559],[123.99333190918003,11.093890190124512],[123.99333190918003,11.093330383300895],[123.99305725097656,11.093059539795036],[123.99305725097656,11.092780113220158],[123.99276733398438,11.092499732971191],[123.99276733398438,11.091300010681152],[123.99276733398438,11.091110229492188],[123.99247741699219,11.090849876403922],[123.99250030517624,11.089839935302678],[123.99250030517624,11.089719772338867],[123.99253082275402,11.089690208435172],[123.99276733398438,11.08944034576416],[123.99276733398438,11.089240074157772],[123.99276733398438,11.088890075683821],[123.99266052246094,11.088769912719783],[123.99250030517624,11.088609695434684],[123.99250030517624,11.088330268859806],[123.99223327636753,11.088060379028434],[123.99223327636753,11.08777046203619],[123.99223327636753,11.08749961853033],[123.99194335937511,11.087220191955623],[123.99194335937511,11.086669921875114],[123.99166870117222,11.086389541625977],[123.99166870117222,11.08611011505127],[123.99250030517624,11.08528041839611],[123.99250030517624,11.085000038146916],[123.99194335937511,11.084440231323299],[123.99194335937511,11.083889961242733],[123.99166870117222,11.083609580993596],[123.99166870117222,11.083060264587402],[123.99138641357433,11.082779884338379],[123.99138641357433,11.0825004577639],[123.99111175537132,11.082220077514762],[123.99111175537132,11.081939697265625],[123.99083709716842,11.081669807434025],[123.99083709716842,11.081390380859375],[123.99038696289062,11.080949783325252],[123.9894409179692,11.079999923706055],[123.98889160156261,11.080559730529899],[123.98844146728538,11.080559730529899],[123.98805236816429,11.080559730529899],[123.98777770996139,11.080829620361442],[123.98750305175781,11.080559730529899],[123.98695373535156,11.080559730529899],[123.98665618896518,11.080829620361442],[123.9861068725586,11.080829620361442],[123.98555755615268,11.081390380859375],[123.98528289794933,11.081390380859375],[123.98500061035179,11.081110000610408],[123.98500061035179,11.080829620361442],[123.98473358154342,11.080559730529899],[123.98473358154342,11.080280303955192],[123.98464965820312,11.080200195312443],[123.98444366455078,11.079999923706055],[123.98444366455078,11.079719543457088],[123.9834976196289,11.078780174255428],[123.98322296142612,11.077960014343375],[123.98322296142612,11.077400207519531],[123.98332977294922,11.076669692993164],[123.98339843750045,11.0760498046875],[123.98407745361328,11.075360298156681],[123.98444366455078,11.074999809265137],[123.98444366455078,11.07444000244152],[123.984169006348,11.074170112609977],[123.98361206054688,11.074170112609977],[123.98282623291061,11.073390007019157],[123.9821472167971,11.07324028015148],[123.98161315917969,11.072330474853516],[123.98040771484409,11.07149982452404],[123.97891998291016,11.069990158081112],[123.97928619384788,11.06842041015625],[123.97989654541016,11.069029808044661],[123.9800033569336,11.069829940796012],[123.98085784912155,11.070949554443303],[123.98124694824264,11.070980072021484],[123.9812698364259,11.069939613342228],[123.98091125488327,11.068499565124512],[123.98030090332043,11.067159652710075],[123.97947692871116,11.066260337829533],[123.97812652587925,11.065629959106445],[123.9774169921875,11.065859794616756],[123.97715759277355,11.066419601440373],[123.97682189941406,11.067139625549316],[123.97543334960938,11.068329811096248],[123.97482299804722,11.068960189819336],[123.97543334960938,11.069160461425781],[123.9762115478519,11.069379806518612],[123.97675323486328,11.06991004943859],[123.97733306884766,11.071319580078182],[123.97743225097702,11.07244014739996],[123.97722625732422,11.072970390319881],[123.9770278930664,11.073479652404842],[123.97666168212936,11.074669837951774],[123.97680664062523,11.075300216675032],[123.9764633178711,11.076069831848201],[123.9756317138673,11.076820373535156],[123.9752197265625,11.077099800109863],[123.97469329834018,11.077460289001579],[123.97360992431686,11.07798957824707],[123.97292327880893,11.077779769897688],[123.9722671508789,11.077529907226506],[123.97223663330078,11.077509880065975],[123.97184753417991,11.077369689941406],[123.96996307373047,11.076919555664176],[123.96874237060547,11.077369689941406],[123.96910095214878,11.07643985748291],[123.96888732910179,11.076160430908203],[123.96853637695347,11.075650215148983],[123.96739196777378,11.077099800109863],[123.96711730957031,11.077980041503906],[123.96621704101585,11.078359603882063],[123.96588897705078,11.078820228576717],[123.96540832519577,11.07948017120384],[123.9651870727539,11.079919815063477],[123.96489715576217,11.080490112304744],[123.96420288085972,11.081430435180664],[123.96498107910179,11.082790374755803],[123.96527862548874,11.083060264587402],[123.96555328369163,11.083060264587402],[123.96584320068405,11.083330154418945],[123.96584320068405,11.083609580993596],[123.96639251708996,11.084170341491756],[123.96639251708996,11.084440231323299],[123.96584320068405,11.085000038146916],[123.96555328369163,11.085000038146916],[123.96389007568405,11.086669921875114],[123.96360778808594,11.086669921875114],[123.96263122558594,11.087650299072493],[123.9619369506836,11.088330268859806],[123.96166992187534,11.088330268859806],[123.96083068847702,11.089170455932617],[123.96083068847702,11.08944034576416],[123.96028137207043,11.090000152588004],[123.959999084473,11.090000152588004],[123.95971679687511,11.089719772338867],[123.9594421386721,11.089719772338867],[123.9591674804692,11.090000152588004],[123.95834350585938,11.090000152588004],[123.9574966430664,11.090829849243221],[123.9574966430664,11.091859817504996],[123.9574966430664,11.092220306396541],[123.95726776123092,11.092450141906966],[123.9569473266605,11.092780113220158],[123.9572219848634,11.093059539795036],[123.9572219848634,11.093330383300895],[123.9569473266605,11.093609809875545],[123.9569473266605,11.093890190124512],[123.9571762084961,11.094140052795524],[123.95735168457054,11.094440460205078],[123.95744323730491,11.094599723815918],[123.95752716064487,11.094759941101188],[123.95777893066452,11.095089912414608],[123.95800018310558,11.09549999237072],[123.95818328857433,11.095990180969238],[123.95835876464889,11.096489906311035],[123.95839691162132,11.096799850463867],[123.95845031738281,11.09706974029541],[123.9585876464846,11.097649574279785],[123.95861053466831,11.098210334777946],[123.95854949951217,11.09871959686285],[123.95845794677734,11.098899841308537],[123.95835876464889,11.09910964965826],[123.95809936523472,11.099450111389274],[123.95774841308594,11.099749565124512],[123.95733642578159,11.100079536438216],[123.95691680908203,11.100469589233455],[123.95648956298851,11.100819587707576],[123.95604705810547,11.101160049438533],[123.95568084716842,11.101579666137809],[123.95538330078125,11.102080345153922],[123.95527648925781,11.103329658508358],[123.95535278320358,11.103650093078613],[123.9554672241211,11.104240417480412],[123.95549774169967,11.104599952697868],[123.9555130004884,11.104960441589412],[123.9558334350586,11.105560302734489],[123.95635986328125,11.105489730835075],[123.95697784423828,11.105219841003532],[123.95739746093795,11.105219841003532],[123.95805358886719,11.105279922485352],[123.9588394165039,11.10542011261009],[123.9591674804692,11.10548019409174],[123.9598312377932,11.105589866638184],[123.95993804931686,11.105609893798885],[123.95993804931686,11.106120109558162],[123.95993804931686,11.10630035400402],[123.95984649658203,11.107099533081055],[123.9598312377932,11.107350349426326],[123.95970153808605,11.107709884643612],[123.95964050292991,11.107830047607422],[123.95953369140636,11.108039855957145],[123.95942687988315,11.108449935913086],[123.95941162109375,11.10894966125494],[123.95942687988315,11.109510421753043],[123.9594421386721,11.10995006561302],[123.9594421386721,11.109999656677246],[123.95938110351597,11.110059738159293],[123.95861053466831,11.11083030700695],[123.95834350585938,11.11083030700695],[123.95802307128952,11.110910415649528],[123.95761871337902,11.111080169677734],[123.95726013183639,11.111379623413143],[123.95691680908203,11.111599922180119],[123.95658111572288,11.111720085144157],[123.95614624023438,11.11178970336914],[123.95572662353538,11.111940383911133],[123.95561981201206,11.111980438232422],[123.95530700683639,11.112330436706486],[123.95527648925781,11.112779617309798],[123.95555877685581,11.113059997558594],[123.95567321777344,11.113160133361873],[123.9558334350586,11.113329887390137],[123.9558334350586,11.113510131835994],[123.9558334350586,11.11388969421398],[123.95657348632847,11.114629745483512],[123.9572219848634,11.115280151367301],[123.95777893066452,11.115280151367301],[123.95889282226562,11.116390228271484],[123.95889282226562,11.116939544677734],[123.95966339111328,11.117429733276424],[123.96002960205078,11.117500305176009],[123.96008300781261,11.117500305176009],[123.9609375,11.117819786071777],[123.96148681640625,11.118169784545898],[123.96135711669945,11.11865043640148],[123.96076965332065,11.118769645691032],[123.96047210693371,11.119319915771712],[123.96056365966808,11.119720458984375],[123.96056365966808,11.119999885559025],[123.96166992187534,11.121109962463379],[123.9622192382817,11.121669769287223],[123.96250152587913,11.121999740600586],[123.96273803710983,11.122260093689022],[123.96299743652378,11.122449874878043],[123.96324920654331,11.122570037841854],[123.96343231201206,11.122739791870117],[123.9636001586914,11.12294960021984],[123.96375274658249,11.123189926147518],[123.9638671875,11.123430252075195],[123.96394348144577,11.123680114746207],[123.96394348144577,11.123940467834473],[123.96389770507824,11.124150276184196],[123.96372985839855,11.124369621276855],[123.96362304687534,11.124609947204704],[123.96347045898438,11.124859809875545],[123.96334075927746,11.125009536743221],[123.96324920654331,11.12510967254633],[123.96299743652378,11.125300407409611],[123.96270751953125,11.125470161438045],[123.96234130859375,11.125530242919922],[123.96195983886719,11.1255397796632],[123.96159362793014,11.12549972534174],[123.9613037109375,11.125399589538802],[123.96121978759811,11.12537956237793],[123.96082305908203,11.125370025634766],[123.96041870117188,11.125570297241211],[123.96005249023438,11.125800132751465],[123.96000671386753,11.12582969665533],[123.95958709716797,11.126130104064998],[123.9591674804692,11.12648010253912],[123.95884704589855,11.126919746398926],[123.95850372314453,11.127400398254508],[123.958290100098,11.128000259399414],[123.95838928222668,11.128600120544547],[123.95854949951217,11.129090309143066],[123.95854949951217,11.129440307617188],[123.95841217041061,11.129630088806152],[123.95819091796886,11.129739761352596],[123.95784759521518,11.129799842834586],[123.95739746093795,11.129779815673885],[123.95731353759766,11.129759788513297],[123.9569473266605,11.129699707031307],[123.95688629150436,11.129679679870549],[123.95681762695312,11.12965011596691],[123.95658874511741,11.12957954406744],[123.95630645751999,11.129679679870549],[123.95607757568371,11.130060195922852],[123.9560317993164,11.130169868469238],[123.95584106445312,11.130649566650334],[123.95565795898438,11.131139755249023],[123.95545196533203,11.131460189819279],[123.95520782470703,11.131699562072868],[123.95488739013672,11.131990432739258],[123.95455932617199,11.132379531860352],[123.95417785644543,11.132769584655762],[123.95382690429733,11.133130073547477],[123.95361328125011,11.133449554443416],[123.95350646972668,11.133580207824707],[123.95340728759777,11.133700370788574],[123.95333099365268,11.133890151977539],[123.95339965820358,11.133959770202694],[123.95361328125011,11.13416957855219],[123.95361328125011,11.134440422058049],[123.95333099365268,11.134719848632926],[123.95333099365268,11.135000228882063],[123.95247650146496,11.135860443115234],[123.95221710205078,11.136110305786246],[123.951942443848,11.136110305786246],[123.95166778564453,11.136389732360897],[123.95147705078125,11.136389732360897],[123.95094299316418,11.136389732360897],[123.9508438110355,11.136389732360897],[123.95027923584018,11.136940002441463],[123.95027923584018,11.13749980926508],[123.9499969482423,11.137780189514274],[123.95027923584018,11.138059616089095],[123.95027923584018,11.139169692993278],[123.9499969482423,11.13943958282482],[123.9499969482423,11.140000343322754],[123.94944763183639,11.140560150146598],[123.94944763183639,11.141110420227108],[123.9486083984375,11.141949653625488],[123.94828796386741,11.143039703369254],[123.94802856445312,11.143950462341309],[123.94750213623058,11.144729614257812],[123.94718933105469,11.145190238952637],[123.94711303710949,11.14585018157959],[123.94695281982445,11.147219657897892],[123.94638824462936,11.147780418396053],[123.94638824462936,11.148480415344238],[123.94638824462936,11.14888954162609],[123.94583129882847,11.1494398117066],[123.94583129882847,11.149720191955566],[123.94526672363315,11.15027999877941],[123.94526672363315,11.150560379028377],[123.94477844238281,11.15104961395258],[123.94471740722656,11.151109695434627],[123.94471740722656,11.151269912719727],[123.94471740722656,11.151940345764103],[123.94450378418003,11.152170181274357],[123.94444274902355,11.15221977233898],[123.94444274902355,11.15237998962408],[123.94444274902355,11.152779579162598],[123.94416809082065,11.153059959411621],[123.94416809082065,11.153329849243164],[123.94333648681686,11.154170036315975],[123.94333648681686,11.154999732971135],[123.94319915771484,11.155139923095703],[123.94277954101597,11.15555953979515],[123.94277954101597,11.155830383300838],[123.94304656982445,11.156109809875488],[123.94307708740234,11.156949996948299],[123.94277954101597,11.157219886779842],[123.9427871704105,11.158060073852653],[123.94249725341797,11.158329963684025],[123.94249725341797,11.158390045166072],[123.94249725341797,11.158610343933162],[123.94222259521484,11.15888977050804],[123.94222259521484,11.159440040588379],[123.94194793701217,11.159720420837346],[123.94194793701217,11.16012001037609],[123.9419631958009,11.160289764404297],[123.9416732788086,11.160559654235897],[123.94194793701217,11.16082954406744],[123.94194793701217,11.161109924316406],[123.94222259521484,11.161390304565543],[123.94222259521484,11.161620140075627],[123.94222259521484,11.162500381469727],[123.94249725341797,11.162779808044377],[123.94249725341797,11.16361045837425],[123.94277954101597,11.16388988494873],[123.94277954101597,11.164999961853084],[123.94297790527378,11.16520023345953],[123.94304656982445,11.165280342102108],[123.94304656982445,11.165740013122786],[123.94304656982445,11.165789604187012],[123.94304656982445,11.166939735412654],[123.94320678710949,11.16709995269781],[123.94333648681686,11.167220115661621],[123.94333648681686,11.167779922485465],[123.94361114501976,11.168060302734432],[123.94361114501976,11.168499946594238],[123.94361114501976,11.169170379638786],[123.94336700439453,11.169420242309627],[123.94333648681686,11.169440269470158],[123.94333648681686,11.170280456542969],[123.94304656982445,11.170559883117676],[123.94304656982445,11.170829772949219],[123.94333648681686,11.171110153198356],[123.94333648681686,11.171389579773006],[123.94348907470714,11.171919822692814],[123.94335937500034,11.172630310058821],[123.9435806274414,11.1731796264649],[123.94377136230469,11.173680305481014],[123.94387817382824,11.174110412597656],[123.94393157959018,11.174489974975813],[123.94403839111328,11.174839973449934],[123.94416809082065,11.17527961730957],[123.94416809082065,11.17667007446289],[123.94444274902355,11.176939964294434],[123.94444274902355,11.178179740905762],[123.94444274902355,11.178890228271598],[123.94451141357422,11.17920017242443],[123.94471740722656,11.180089950561637],[123.94471740722656,11.181059837341422],[123.94416809082065,11.182780265808162],[123.94407653808605,11.182869911193848],[123.9438934326173,11.183059692382812],[123.9438934326173,11.183329582214355],[123.94400024414085,11.183449745178223],[123.94416809082065,11.183609962463322],[123.94416809082065,11.18412017822277],[123.94416809082065,11.184720039367676],[123.9438934326173,11.185000419616642],[123.94416809082065,11.18527984619152],[123.9438934326173,11.185560226440487],[123.9438934326173,11.185600280761946],[123.9438934326173,11.18667030334484],[123.94416809082065,11.186940193176213],[123.94416809082065,11.18721961975109],[123.94499969482467,11.18805980682373],[123.94499969482467,11.188329696655273],[123.94529724121094,11.188739776611555],[123.94561767578148,11.189229965210075],[123.94593811035156,11.18970966339117],[123.94627380371128,11.190150260925236],[123.94666290283226,11.190529823303223],[123.94712066650402,11.190830230712947],[123.94760131835972,11.191109657287598],[123.9480667114259,11.191390037536564],[123.9485015869144,11.191710472107047],[123.9488906860355,11.192079544067383],[123.94917297363281,11.192500114440918],[123.94944763183639,11.192500114440918],[123.94972229003929,11.192779541015625],[123.9499969482423,11.192779541015625],[123.95211791992233,11.194899559021053],[123.95249938964889,11.19528007507347],[123.95249938964889,11.195560455322266],[123.95275115966831,11.195810317993278],[123.95305633544945,11.196109771728516],[123.95305633544945,11.19666957855236],[123.95500183105469,11.19861030578636],[123.95500183105469,11.19888973236084],[123.95555877685581,11.199440002441406],[123.95555877685581,11.199720382690543],[123.9558334350586,11.199999809265194],[123.95612335205124,11.200499534607047],[123.95638275146518,11.200940132141113],[123.95661926269531,11.2013196945191],[123.95673370361328,11.201720237731934],[123.9569473266605,11.202039718627873],[123.9572219848634,11.202360153198299],[123.95752716064487,11.202719688415584],[123.95791625976585,11.203089714050407],[123.95831298828125,11.203519821167106],[123.95873260498092,11.204000473022461],[123.9593124389653,11.204429626464844],[123.95993804931686,11.204779624938965],[123.96048736572277,11.20514011383068],[123.96096038818393,11.205519676208496],[123.96135711669945,11.205780029296875],[123.96150970458984,11.205659866333065],[123.96160888671886,11.20557022094738],[123.9652099609375,11.2018404006958],[123.96543121337902,11.201620101928825],[123.96791839599621,11.199020385742301],[123.97519683837936,11.192070007324276],[123.98689270019565,11.181229591369856],[123.99046325683628,11.178179740905762],[123.99851989746105,11.170579910278548],[124.00209808349643,11.169989585876579],[124.00981903076172,11.154609680175781],[124.0161590576173,11.142689704894963]]]]}},{"type":"Feature","properties":{"ID_0":177,"ISO":"PHL","NAME_0":"Philippines","ID_1":25,"NAME_1":"Cebu","ID_2":472,"NAME_2":"Minglanilla","NL_NAME_2":null,"VARNAME_2":null,"TYPE_2":"Bayan|Munisipyo","ENGTYPE_2":"Municipality","PROVINCE":"Cebu","REGION":"Central Visayas (Region VII)"},"geometry":{"type":"Polygon","coordinates":[[[123.78536987304699,10.287799835205021],[123.79354858398438,10.280690193176326],[123.79778289794933,10.281599998474121],[123.80547332763672,10.269550323486328],[123.80602264404331,10.268739700317383],[123.80715942382858,10.26801967620861],[123.80821228027344,10.267379760742244],[123.80959320068371,10.266440391540584],[123.81063842773438,10.26587963104248],[123.81214904785156,10.26546955108654],[123.8127593994144,10.264200210571516],[123.81358337402389,10.262089729309082],[123.8133773803711,10.260919570922852],[123.81263732910202,10.25994014740013],[123.81188201904308,10.259079933166618],[123.811561584473,10.257559776306152],[123.81179809570347,10.256600379943961],[123.81237792968784,10.25547027587885],[123.81236267089855,10.25426959991455],[123.81198883056675,10.25327014923107],[123.81211090087936,10.25236988067627],[123.81257629394554,10.25129032135004],[123.81227874755871,10.250049591064453],[123.81237792968784,10.248720169067383],[123.81298065185547,10.247579574585075],[123.81360626220714,10.246970176697005],[123.81429290771507,10.246649742126579],[123.81491851806686,10.24625015258789],[123.8155670166019,10.245490074157829],[123.81581878662132,10.24464035034191],[123.81593322753952,10.244489669799862],[123.81629943847679,10.2430801391601],[123.81617736816418,10.241720199584961],[123.81572723388695,10.240630149841309],[123.81516265869186,10.239890098571834],[123.814697265625,10.239480018615666],[123.81403350830112,10.23882007598877],[123.81395721435547,10.238380432128963],[123.81398010253918,10.23797988891613],[123.81458282470726,10.237739562988224],[123.8133773803711,10.237649917602539],[123.81220245361351,10.23750972747797],[123.81086730957054,10.23727035522461],[123.81063079833984,10.237219810485897],[123.81020355224655,10.237250328064022],[123.8097763061528,10.23733043670677],[123.80937194824219,10.237429618835392],[123.8091812133789,10.237460136413574],[123.80892181396484,10.237500190734863],[123.80848693847702,10.237529754638729],[123.80782318115234,10.237830162048397],[123.80725860595703,10.237899780273551],[123.80677032470749,10.237899780273551],[123.8064193725586,10.237830162048397],[123.80536651611328,10.237830162048397],[123.8047332763673,10.23787975311285],[123.80439758300781,10.237899780273551],[123.80384063720703,10.237970352172795],[123.80342102050804,10.237970352172795],[123.8021011352539,10.237899780273551],[123.80120849609386,10.237719535827864],[123.80069732666016,10.237620353698674],[123.80063629150402,10.237620353698674],[123.80034637451183,10.23754978179943],[123.79992675781284,10.23748970031744],[123.7998733520509,10.23748970031744],[123.79924011230469,10.237420082092285],[123.79895782470749,10.237420082092285],[123.7986068725586,10.23735046386713],[123.79821014404331,10.237210273742733],[123.79770660400413,10.236860275268612],[123.79724121093795,10.2369003295899],[123.79701232910168,10.236920356750488],[123.79576110839844,10.236920356750488],[123.7946472167971,10.236920356750488],[123.79380798339889,10.236860275268612],[123.79283142089855,10.236439704895076],[123.79255676269554,10.235759735107422],[123.79241180419967,10.235400199890194],[123.79226684570335,10.234709739685059],[123.7920608520509,10.23402023315424],[123.79184722900436,10.233679771423454],[123.79136657714844,10.233200073242188],[123.79112243652366,10.233099937439079],[123.79080963134777,10.233039855957088],[123.79046630859375,10.232950210571346],[123.79010772705078,10.232769966125488],[123.78968048095737,10.232549667358398],[123.78912353515648,10.232419967651424],[123.78867340087925,10.232099533081168],[123.7883071899414,10.231670379638786],[123.78793334960938,10.231349945068303],[123.78743743896484,10.231269836425781],[123.78704833984375,10.231089591980094],[123.78669738769577,10.230850219726676],[123.78633880615246,10.230680465698242],[123.78620910644531,10.230609893798828],[123.78616333007835,10.230580329895133],[123.78597259521507,10.23050975799572],[123.78575897216808,10.230360031127987],[123.78562927246094,10.230290412902832],[123.78530120849632,10.230050086975154],[123.78494262695312,10.22992038726818],[123.78462219238293,10.22976016998291],[123.78446960449253,10.231399536132926],[123.78385162353527,10.232760429382552],[123.7835464477539,10.233739852905273],[123.7825927734375,10.2354097366333],[123.78092956542969,10.236539840698185],[123.77951812744175,10.237719535827864],[123.7791900634769,10.23882007598877],[123.77880859375034,10.239290237426871],[123.77822875976597,10.240449905395451],[123.7777099609375,10.241279602050838],[123.776893615723,10.242440223694075],[123.77619934082077,10.2438001632691],[123.77583312988293,10.245400428771973],[123.77583312988293,10.246270179748592],[123.77590942382812,10.246809959411735],[123.77599334716797,10.247500419616813],[123.77543640136764,10.248880386352539],[123.7745285034182,10.249349594116211],[123.7733612060548,10.250220298767147],[123.77259826660168,10.251130104064941],[123.77261352539074,10.252169609069824],[123.77306365966797,10.252969741821346],[123.77237701416016,10.253669738769759],[123.7716064453125,10.253780364990291],[123.77143859863327,10.25543022155756],[123.77229309082031,10.256179809570426],[123.77258300781295,10.256950378418082],[123.7720184326173,10.25790023803711],[123.7714767456057,10.258009910583553],[123.77081298828148,10.258810043335075],[123.76972961425793,10.259140014648438],[123.76873779296875,10.258950233459473],[123.76640319824253,10.259329795837402],[123.76486206054688,10.260060310363826],[123.76342010498092,10.26123046875],[123.76312255859375,10.262299537658748],[123.76183319091831,10.262280464172363],[123.76061248779342,10.263079643249739],[123.76097106933605,10.264169692993164],[123.76152038574264,10.265130043030013],[123.76119995117222,10.265910148620605],[123.7598114013673,10.266739845275822],[123.75868988037121,10.267709732055778],[123.75823974609375,10.268340110778865],[123.75798034667969,10.269519805908203],[123.75803375244163,10.269780158996639],[123.75830078125011,10.270629882812557],[123.75837707519531,10.271730422973576],[123.75804901123047,10.273659706115723],[123.75752258300793,10.274550437927246],[123.75662231445347,10.276049613952864],[123.75567626953159,10.27733039855957],[123.75498199462913,10.278289794921932],[123.75422668457031,10.27931022644043],[123.75389862060558,10.280590057373047],[123.75414276123081,10.281949996948242],[123.75435638427734,10.283249855041731],[123.75466918945324,10.284589767456168],[123.75447845458996,10.285630226135197],[123.75389099121139,10.286609649658317],[123.75361633300793,10.286990165710563],[123.75311279296875,10.287179946899357],[123.75190734863315,10.287500381469783],[123.75057220459018,10.287440299987793],[123.7489471435548,10.287549972534237],[123.7480697631836,10.288290023803711],[123.74756622314453,10.289460182189941],[123.74727630615268,10.28997993469244],[123.74227142333996,10.299220085143986],[123.74185180664062,10.299860000610408],[123.74185943603516,10.300319671630916],[123.74198150634777,10.300840377807617],[123.74236297607433,10.301690101623535],[123.74289703369175,10.302439689636344],[123.74382781982467,10.30317020416254],[123.7545318603519,10.309690475464095],[123.755126953125,10.310319900512695],[123.75540161132812,10.3107204437257],[123.75546264648483,10.31128978729248],[123.75530242919922,10.312129974365462],[123.7456207275394,10.334589958190975],[123.75109100341831,10.343379974365291],[123.75618743896496,10.352230072021598],[123.7615966796875,10.360340118408203],[123.76761627197311,10.36824989318842],[123.770263671875,10.37106990814209],[123.77169036865268,10.372529983520565],[123.77169799804722,10.369230270385799],[123.7717437744144,10.364370346069336],[123.77216339111328,10.361180305481014],[123.7724075317384,10.356080055236816],[123.7729263305664,10.34920978546154],[123.77226257324253,10.340029716491642],[123.77142333984375,10.333219528198356],[123.77056884765625,10.326729774475154],[123.7812118530278,10.325770378112793],[123.78267669677734,10.325550079345817],[123.78340148925804,10.317270278930778],[123.78536987304699,10.287799835205021]]]}},{"type":"Feature","properties":{"ID_0":177,"ISO":"PHL","NAME_0":"Philippines","ID_1":25,"NAME_1":"Cebu","ID_2":473,"NAME_2":"Moalboal","NL_NAME_2":null,"VARNAME_2":null,"TYPE_2":"Bayan|Munisipyo","ENGTYPE_2":"Municipality","PROVINCE":"Cebu","REGION":"Central Visayas (Region VII)"},"geometry":{"type":"MultiPolygon","coordinates":[[[[123.3800735473634,9.997819900512809],[123.380126953125,9.997810363769531],[123.38088989257812,9.997810363769531],[123.38115692138672,9.99785041809082],[123.38162231445358,9.997909545898494],[123.38224029541016,9.997940063476676],[123.38249206542969,9.99777984619135],[123.3826904296875,9.997639656066951],[123.3829727172855,9.99717044830328],[123.38318634033203,9.996669769287166],[123.38334655761764,9.996139526367188],[123.38352203369163,9.995599746704102],[123.38343048095726,9.99501037597662],[123.3835678100586,9.99442005157482],[123.38361358642601,9.993809700012434],[123.38366699218795,9.993200302124023],[123.38382720947266,9.992609977722225],[123.3839263916019,9.991999626159668],[123.38408660888683,9.991419792175293],[123.38408660888683,9.991299629211426],[123.38408660888683,9.99085998535162],[123.38445281982433,9.990559577941951],[123.38445281982433,9.990280151367244],[123.3852767944336,9.989439964294434],[123.3852767944336,9.98917007446289],[123.38593292236328,9.988519668579102],[123.38638305664085,9.988059997558537],[123.38667297363304,9.98777961730957],[123.38667297363304,9.987689971924055],[123.38667297363304,9.98750019073492],[123.38694763183605,9.987219810485954],[123.38694763183605,9.987159729003906],[123.38694763183605,9.986940383911246],[123.3872222900394,9.986669540405217],[123.3872222900394,9.986390113830566],[123.3874969482423,9.9861097335816],[123.3874969482423,9.985830307007063],[123.38834381103516,9.984999656677246],[123.38861083984375,9.984999656677246],[123.38889312744175,9.984720230102539],[123.38916778564453,9.984720230102539],[123.38944244384811,9.984439849853743],[123.38971710205101,9.984439849853743],[123.38977813720749,9.984390258789176],[123.39026641845714,9.983889579773063],[123.39055633544933,9.983889579773063],[123.39111328125045,9.983329772949219],[123.39111328125045,9.983059883117676],[123.39124298095726,9.982919692993278],[123.39167022705078,9.982500076294002],[123.39167022705078,9.981940269470158],[123.39111328125045,9.981389999389648],[123.39083099365234,9.981389999389648],[123.38999938964855,9.980560302734432],[123.38971710205101,9.980560302734432],[123.38916778564453,9.979999542236328],[123.38909912109375,9.979729652404785],[123.3890762329105,9.979419708251953],[123.38912200927746,9.97914981842041],[123.38913726806675,9.979040145873967],[123.3891830444336,9.978850364685172],[123.38929748535156,9.978610038757324],[123.38947296142578,9.978380203247013],[123.38977050781295,9.978119850158805],[123.39006042480469,9.977820396423397],[123.3901824951173,9.977490425109806],[123.39019012451183,9.97716999053955],[123.39024353027344,9.976889610290755],[123.39028930664085,9.976790428161564],[123.39044189453125,9.97655963897705],[123.39074707031261,9.976180076599235],[123.39092254638717,9.975799560546989],[123.39084625244175,9.97550010681158],[123.39071655273438,9.97521018981945],[123.3905029296875,9.974949836731014],[123.39024353027344,9.97474002838129],[123.39013671875,9.974499702453613],[123.39021301269577,9.97420978546154],[123.39024353027344,9.973919868469238],[123.39021301269577,9.973600387573299],[123.38997650146496,9.973270416259709],[123.38971710205101,9.972900390625227],[123.38948822021484,9.972510337829647],[123.38939666748092,9.972069740295353],[123.38939666748092,9.971599578857422],[123.38934326171898,9.97113037109375],[123.3891830444336,9.970669746398926],[123.38916015625,9.970190048218],[123.38916015625,9.969759941101131],[123.38912200927746,9.969440460205192],[123.3888778686528,9.969240188598633],[123.38816833496105,9.969129562377873],[123.38803100585938,9.969220161438045],[123.38778686523449,9.969360351562443],[123.38790130615246,9.96967983245861],[123.38806915283214,9.970100402832145],[123.3882064819336,9.970589637756348],[123.38810729980514,9.97085952758789],[123.38784790039062,9.97099971771246],[123.3875732421875,9.971179962158146],[123.38725280761719,9.97128963470459],[123.38699340820312,9.971260070800895],[123.38674163818371,9.971139907836857],[123.38651275634766,9.971039772033748],[123.38630676269531,9.970849990844954],[123.38609313964866,9.97058010101324],[123.38584136962925,9.97025012969965],[123.38565063476597,9.96984004974371],[123.38562011718773,9.969380378723201],[123.38574981689453,9.968970298767033],[123.38587188720703,9.968609809875545],[123.38594055175781,9.968219757080135],[123.38580322265636,9.967599868774471],[123.3857116699221,9.9668998718264],[123.38597106933605,9.966170310974121],[123.38591766357422,9.965589523315487],[123.38600921630905,9.965120315551815],[123.3862533569336,9.964710235595703],[123.38636016845714,9.9641504287722],[123.38639068603561,9.963540077209473],[123.38639068603561,9.962920188903809],[123.38639068603561,9.962309837341309],[123.38643646240234,9.961730003356934],[123.38665771484409,9.961279869079704],[123.38687133789062,9.960869789123535],[123.38700103759766,9.960450172424316],[123.38719940185547,9.960080146789608],[123.3873672485355,9.959770202636776],[123.38741302490268,9.95967960357666],[123.38758850097656,9.959259986877555],[123.38741302490268,9.95868015289318],[123.38696289062545,9.958169937133732],[123.3865432739259,9.957850456237793],[123.38622283935581,9.957570075988997],[123.38601684570358,9.95724964141857],[123.38600158691429,9.956850051879883],[123.38613891601562,9.95646953582758],[123.38636016845714,9.956170082092342],[123.38661193847656,9.955949783325252],[123.38697052001999,9.955900192260799],[123.38735961914097,9.955889701843205],[123.38762664794945,9.955809593200627],[123.38771057128918,9.955599784851131],[123.3875732421875,9.955289840698299],[123.38735198974655,9.954890251159782],[123.38728332519531,9.954460144043082],[123.38733673095726,9.954000473022518],[123.38752746582054,9.953539848327694],[123.38787841796886,9.95314979553234],[123.38828277587902,9.952899932861328],[123.38861846923828,9.952730178833235],[123.38894653320347,9.952469825744629],[123.38921356201183,9.952219963073844],[123.38925170898483,9.95197963714594],[123.38913726806675,9.951740264892578],[123.38899230957031,9.951479911804313],[123.38890838623047,9.951129913330192],[123.38894653320347,9.950710296630916],[123.3891525268557,9.95038986206049],[123.38947296142578,9.950149536132812],[123.38973999023438,9.949910163879395],[123.38992309570312,9.949649810791016],[123.39005279541016,9.949379920959473],[123.39013671875,9.94906997680664],[123.39021301269577,9.948710441589355],[123.39029693603538,9.948309898376579],[123.39051818847656,9.947919845581168],[123.39086914062523,9.94764041900629],[123.39134216308616,9.947469711303768],[123.39148712158249,9.947440147399902],[123.39169311523449,9.94738960266136],[123.39185333251953,9.947349548340071],[123.39230346679733,9.947259902954215],[123.39269256591842,9.94719028472906],[123.39304351806652,9.947110176086483],[123.39333343505893,9.946920394897688],[123.3935775756836,9.946629524230957],[123.39376068115234,9.946310043334961],[123.39398193359386,9.945980072021598],[123.39424896240234,9.945639610290641],[123.39449310302757,9.945269584655762],[123.39456176757824,9.945110321044922],[123.39467620849632,9.944879531860352],[123.3948974609375,9.944689750671387],[123.39514923095714,9.944689750671387],[123.39518737793003,9.94470024108898],[123.39543151855503,9.944780349731559],[123.39571380615246,9.94495964050293],[123.3959732055664,9.945199966430607],[123.39615631103516,9.945469856262207],[123.39634704589844,9.945699691772461],[123.39647674560558,9.945969581604004],[123.39663696289108,9.946310043334961],[123.39674377441406,9.946760177612418],[123.39684295654308,9.947259902954215],[123.39675140380871,9.9477796554566],[123.39663696289108,9.94826984405529],[123.396522521973,9.94867992401123],[123.39639282226585,9.949000358581657],[123.39627075195324,9.94929027557373],[123.39618682861362,9.949589729309139],[123.39610290527355,9.949959754943848],[123.3959732055664,9.950420379638672],[123.39575195312534,9.950909614563045],[123.39556884765659,9.95137023925787],[123.39550018310592,9.951749801635856],[123.39533996582043,9.952099800109977],[123.39504241943393,9.952420234680403],[123.39462280273438,9.952699661254883],[123.39415740966842,9.952930450439453],[123.39383697509811,9.953160285949764],[123.39386749267578,9.953419685363883],[123.3940124511721,9.95376014709484],[123.39407348632812,9.954159736633358],[123.39399719238293,9.954620361328182],[123.39389801025425,9.955120086670036],[123.39378356933639,9.955630302429256],[123.3936233520509,9.95613002777111],[123.39349365234375,9.956629753112907],[123.39354705810547,9.957180023193416],[123.39364624023483,9.9576997756958],[123.39366149902378,9.958109855651912],[123.39360809326183,9.958410263061637],[123.39349365234375,9.958629608154297],[123.39334106445335,9.958809852600325],[123.39322662353527,9.959039688110408],[123.39327239990268,9.959369659423828],[123.39335632324219,9.959790229797363],[123.39335632324219,9.960309982299918],[123.39343261718761,9.960869789123535],[123.39353942871116,9.96142959594738],[123.3936004638673,9.961999893188477],[123.39364624023483,9.962420463562012],[123.4012832641605,9.959440231323242],[123.40351104736374,9.958600044250602],[123.40582275390636,9.958729743957576],[123.40878295898472,9.958849906921444],[123.41722106933594,9.957619667053223],[123.42273712158203,9.957099914550838],[123.42803955078159,9.956939697265739],[123.43489074707031,9.956809997558594],[123.44119262695324,9.956350326538029],[123.44257354736328,9.956110000610352],[123.44763946533237,9.955380439758244],[123.45275115966808,9.954710006713924],[123.45584106445347,9.954139709472656],[123.46141815185581,9.953129768371582],[123.46613311767612,9.952520370483512],[123.4713134765625,9.951410293579158],[123.47561645507824,9.95001029968273],[123.477577209473,9.949500083923283],[123.4786834716798,9.94933032989502],[123.48137664794967,9.948699951171932],[123.48359680175781,9.948260307311955],[123.4873275756836,9.94744968414301],[123.49120330810547,9.946619987487793],[123.49301910400436,9.94678020477295],[123.4937667846682,9.947119712829647],[123.49108123779308,9.939849853515625],[123.49031829833996,9.934479713439885],[123.4891815185548,9.929550170898438],[123.48892211914062,9.928560256958121],[123.48490905761719,9.914560317993221],[123.48412322998081,9.912619590759334],[123.48181915283214,9.903539657592773],[123.48103332519531,9.900569915771598],[123.47633361816406,9.887339591980208],[123.4742889404298,9.880419731140137],[123.46688842773483,9.883890151977596],[123.45877838134766,9.887809753418026],[123.45149993896518,9.891309738159123],[123.44621276855469,9.893650054931868],[123.4418869018557,9.89525032043457],[123.43763732910156,9.896599769592285],[123.43237304687534,9.897649765014648],[123.42961120605469,9.89795970916748],[123.42675018310547,9.89828968048107],[123.42395782470726,9.898590087890739],[123.42371368408203,9.898610115051326],[123.41818237304688,9.899209976196403],[123.40033721923862,9.901180267333928],[123.40026855468795,9.901160240173567],[123.40000152587947,9.901180267333928],[123.40000152587947,9.90139007568365],[123.39975738525425,9.901619911193904],[123.39971923828136,9.901670455932617],[123.39971923828136,9.902219772338867],[123.40058135986385,9.902660369873331],[123.40106964111351,9.903420448303393],[123.4013900756836,9.904170036316032],[123.4013900756836,9.904439926147575],[123.40132141113281,9.904520034790323],[123.40110778808594,9.904720306396712],[123.40125274658214,9.90491962432867],[123.40132141113281,9.90501976013195],[123.4013900756836,9.905360221862736],[123.40074920654297,9.905969619750977],[123.40013885498081,9.906539916992244],[123.40022277832031,9.906900405883789],[123.40033721923862,9.907440185546875],[123.40042114257812,9.908129692077864],[123.40000152587947,9.908889770507926],[123.39943695068416,9.909440040588436],[123.39916992187568,9.909440040588436],[123.39916992187568,9.90954971313488],[123.39916992187568,9.90972042083763],[123.39903259277344,9.909859657287711],[123.39888763427734,9.90999984741211],[123.39888763427734,9.910090446472282],[123.39888763427734,9.910280227661076],[123.39881896972656,9.91049003601097],[123.39861297607456,9.911109924316634],[123.39861297607456,9.911669731140307],[123.39888763427734,9.91193962097168],[123.39888763427734,9.912220001220817],[123.39907836914062,9.912409782409611],[123.39916992187568,9.912500381469783],[123.39916992187568,9.913330078125],[123.3989028930664,9.91376018524187],[123.39885711669979,9.91382026672386],[123.3986663818365,9.91417026519781],[123.39885711669979,9.915209770202694],[123.39888763427734,9.915329933166731],[123.39881134033237,9.916359901428166],[123.39888000488304,9.917260169982967],[123.39842987060581,9.91835021972679],[123.39839172363293,9.918439865112305],[123.39810943603538,9.918869972229004],[123.39827728271496,9.919420242309684],[123.39837646484386,9.919969558715934],[123.39855957031261,9.920530319213867],[123.3985366821289,9.920999526977539],[123.39839935302757,9.921400070190543],[123.39837646484386,9.921730041503906],[123.39810180664097,9.922019958496207],[123.3980331420903,9.922149658203182],[123.3979187011721,9.922369956970329],[123.39779663085949,9.922769546508846],[123.39778137207077,9.923199653625488],[123.39777374267578,9.923520088195744],[123.39775848388672,9.923600196838493],[123.39763641357445,9.92393970489502],[123.39742279052746,9.924180030822697],[123.39734649658226,9.924260139465446],[123.39703369140636,9.924690246582145],[123.39682769775436,9.925310134887809],[123.39684295654308,9.926099777221737],[123.39714050293003,9.926609992980957],[123.39733886718784,9.927020072937069],[123.39732360839855,9.927140235900936],[123.39729309082031,9.927459716796875],[123.39730072021484,9.92788028717041],[123.39723968505871,9.92825031280529],[123.39707946777389,9.928589820861816],[123.39700317382812,9.928720474243221],[123.39685058593761,9.928990364074764],[123.39665985107433,9.929400444030762],[123.39662170410156,9.92947006225586],[123.3963623046875,9.930009841919002],[123.39604187011719,9.930560111999512],[123.39572906494163,9.9309597015382],[123.39560699462902,9.931099891662598],[123.39536285400436,9.93169975280773],[123.395263671875,9.932069778442383],[123.39520263671875,9.932229995727482],[123.39499664306675,9.932660102844352],[123.39479827880893,9.932979583740348],[123.39469909667969,9.933219909668026],[123.39467620849632,9.933270454406738],[123.39446258544933,9.933480262756461],[123.3943481445317,9.933549880981388],[123.39417266845714,9.933659553527832],[123.39388275146484,9.933919906616268],[123.3936004638673,9.934260368347395],[123.39334869384788,9.934700012207031],[123.39321136474655,9.934989929199332],[123.39311218261719,9.935190200805891],[123.3927230834961,9.935480117797852],[123.39218139648472,9.935640335083121],[123.39211273193405,9.935649871826286],[123.39160156250011,9.935729980468807],[123.39138793945312,9.935930252075252],[123.39111328125045,9.936169624328613],[123.39082336425781,9.93642997741722],[123.3905029296875,9.936470031738509],[123.38963317871139,9.936579704284782],[123.38922119140636,9.936900138855037],[123.38874816894565,9.937089920044173],[123.3883285522461,9.937319755554256],[123.38794708251953,9.937569618225098],[123.3875732421875,9.9376802444458],[123.38720703125,9.937669754028548],[123.38688659667969,9.937540054321403],[123.38680267333984,9.937470436096248],[123.38658142089889,9.937299728393555],[123.38630676269531,9.936900138855037],[123.38606262207031,9.936900138855037],[123.38580322265636,9.936929702758846],[123.38552856445335,9.936949729919434],[123.38522338867199,9.936949729919434],[123.3848571777346,9.93694019317627],[123.38450622558628,9.93684005737299],[123.38420104980469,9.936619758606014],[123.3839035034182,9.936340332031364],[123.3835678100586,9.93607044219982],[123.38316345214878,9.93583965301525],[123.3827362060548,9.935640335083121],[123.38227844238304,9.93548965454113],[123.3818588256836,9.935259819030875],[123.3813934326173,9.935009956359863],[123.38086700439499,9.93480014801031],[123.38041687011719,9.934579849243164],[123.38009643554733,9.934359550476074],[123.37998199462925,9.934200286865234],[123.379920959473,9.934109687805403],[123.3797225952153,9.933890342712402],[123.37944793701172,9.933609962463436],[123.37830352783203,9.933609962463436],[123.3756790161134,9.933609962463436],[123.3752670288086,9.933609962463436],[123.375,9.933890342712402],[123.37473297119152,9.933890342712402],[123.37361145019577,9.935000419616756],[123.37361145019577,9.935830116271916],[123.3727798461914,9.936670303344727],[123.37268829345703,9.93677997589134],[123.37246704101608,9.937379837036076],[123.37243652343761,9.937459945678654],[123.37216186523472,9.938010215759391],[123.37175750732422,9.938599586487044],[123.37132263183639,9.939160346984806],[123.37098693847656,9.939570426940975],[123.37088775634811,9.939689636230526],[123.37053680419933,9.940259933471737],[123.37023162841797,9.940779685974121],[123.36991882324219,9.941200256347656],[123.36968231201206,9.941590309143066],[123.36943817138706,9.941909790039006],[123.36917114257858,9.942179679870605],[123.36888885498047,9.942449569702148],[123.36860656738327,9.942720413207951],[123.36834716796909,9.942999839782829],[123.36810302734409,9.94330978393566],[123.3679428100586,9.943630218506087],[123.36781311035156,9.943949699401855],[123.36775207519531,9.94408988952648],[123.36769104003929,9.94425010681175],[123.36753845214844,9.944560050964583],[123.36728668212902,9.944879531860352],[123.36694335937545,9.94517040252697],[123.36666107177734,9.945560455322322],[123.3665466308596,9.945690155029297],[123.36647033691406,9.945790290832633],[123.36633300781261,9.945949554443473],[123.3661117553711,9.946499824523983],[123.3659286499028,9.947050094604492],[123.36579895019577,9.947580337524641],[123.36562347412143,9.948049545288143],[123.36551666259766,9.948519706726074],[123.36535644531295,9.948909759521484],[123.36531066894554,9.94929027557373],[123.36528778076206,9.949689865112305],[123.36521911621139,9.950160026550407],[123.36524963378906,9.95071983337408],[123.3654174804692,9.95133018493658],[123.36560058593795,9.95193958282465],[123.36583709716797,9.95250034332281],[123.36607360839866,9.953040122986067],[123.36624145507847,9.95359992980957],[123.36638641357456,9.95415019989025],[123.36657714843784,9.954689979553336],[123.36682128906284,9.955209732055891],[123.36701965332054,9.955750465393123],[123.36728668212902,9.956239700317496],[123.36753845214844,9.956709861755485],[123.36775207519531,9.95718955993658],[123.3678665161134,9.957690238952694],[123.367958068848,9.957960128784237],[123.3680191040039,9.958149909973372],[123.36811065673828,9.958609580993766],[123.3683319091798,9.959030151367301],[123.36855316162132,9.959469795227108],[123.36860656738327,9.959959983825797],[123.3686676025394,9.960510253906477],[123.3688201904298,9.961099624633846],[123.36888122558594,9.961750030517805],[123.368896484375,9.96238994598383],[123.3689117431644,9.962940216064567],[123.36892700195335,9.963319778442326],[123.36894226074219,9.963549613952637],[123.36873626709007,9.964019775390568],[123.36872863769565,9.964449882507438],[123.36892700195335,9.964710235595703],[123.3691635131836,9.964969635009822],[123.36933898925781,9.965299606323356],[123.36947631835949,9.965669631958008],[123.3696517944336,9.965959548950309],[123.36971282958984,9.966300010681096],[123.36975097656295,9.966629981994856],[123.36991119384766,9.966939926147688],[123.37010192871094,9.967289924621639],[123.37029266357422,9.96770000457775],[123.37046813964844,9.968179702759016],[123.37055969238327,9.968759536743391],[123.37066650390625,9.969329833984489],[123.37075805664108,9.96979999542242],[123.37078857421875,9.970270156860408],[123.37072753906261,9.970800399780387],[123.37085723876953,9.971170425415039],[123.37122344970726,9.971369743347168],[123.37110900878918,9.9718399047851],[123.3712387084961,9.972209930419979],[123.3713607788086,9.97251987457281],[123.37139129638706,9.972869873046875],[123.37139129638706,9.973290443420467],[123.37139129638706,9.973750114440975],[123.37139129638706,9.97422981262207],[123.37139129638706,9.974690437316895],[123.37139129638706,9.975119590759277],[123.37136840820312,9.975520133972282],[123.3712768554692,9.975899696350098],[123.37111663818371,9.976320266723633],[123.3708724975586,9.976810455322493],[123.37065124511741,9.977390289306868],[123.37053680419933,9.978019714355469],[123.3703231811528,9.978569984436035],[123.37008666992188,9.979029655456543],[123.36979675293014,9.979430198669547],[123.36994934082043,9.979840278625488],[123.36992645263672,9.98019027709961],[123.36978149414074,9.98048019409191],[123.3697280883789,9.980750083923454],[123.36966705322277,9.981010437011662],[123.3694992065432,9.981169700622502],[123.36932373046875,9.981490135192928],[123.36920166015636,9.98208999633789],[123.3690567016605,9.982609748840446],[123.368896484375,9.983019828796387],[123.36873626709007,9.983400344848633],[123.36862182617199,9.983849525451774],[123.36852264404308,9.984339714050293],[123.36859130859375,9.984800338745117],[123.36869049072266,9.985280036926383],[123.36888885498047,9.985730171203613],[123.36907196044922,9.98620986938488],[123.36920166015636,9.986749649047965],[123.36929321289097,9.987360000610352],[123.3691635131836,9.98814964294445],[123.36927032470703,9.988550186157227],[123.36955261230514,9.98882007598877],[123.36979675293014,9.989159584045467],[123.37006378173862,9.9895601272583],[123.37024688720737,9.990010261535701],[123.37036132812523,9.990500450134391],[123.37050628662155,9.990969657898063],[123.37059783935547,9.991479873657283],[123.37081146240246,9.99199008941656],[123.37101745605503,9.99254035949707],[123.37124633789062,9.993109703064022],[123.37149047851574,9.99368000030529],[123.37185668945324,9.994110107421989],[123.3722763061528,9.99440956115717],[123.37267303466831,9.994600296020451],[123.37296295166016,9.994709968566895],[123.37315368652344,9.994850158691463],[123.37336730957077,9.995059967041016],[123.37362670898472,9.995340347290153],[123.37387084960972,9.995690345764274],[123.374061584473,9.99606990814209],[123.37420654296909,9.996500015258732],[123.37448120117188,9.996899604797477],[123.37486267089844,9.997300148010254],[123.37547302246139,9.9975204467774],[123.37610626220737,9.997679710388411],[123.37673187255893,9.997559547424373],[123.37731170654331,9.997599601745662],[123.37777709960949,9.99785041809082],[123.37818145751976,9.998149871826229],[123.37859344482456,9.998220443725813],[123.37935638427768,9.997920036315918],[123.3800735473634,9.997819900512809]]]]}},{"type":"Feature","properties":{"ID_0":177,"ISO":"PHL","NAME_0":"Philippines","ID_1":25,"NAME_1":"Cebu","ID_2":474,"NAME_2":"Naga City","NL_NAME_2":null,"VARNAME_2":null,"TYPE_2":"Lungsod|Siyudad","ENGTYPE_2":"City","PROVINCE":"Cebu","REGION":"Central Visayas (Region VII)"},"geometry":{"type":"Polygon","coordinates":[[[123.7489471435548,10.287549972534237],[123.75057220459018,10.287440299987793],[123.75190734863315,10.287500381469783],[123.75311279296875,10.287179946899357],[123.75361633300793,10.286990165710563],[123.75389099121139,10.286609649658317],[123.75447845458996,10.285630226135197],[123.75466918945324,10.284589767456168],[123.75435638427734,10.283249855041731],[123.75414276123081,10.281949996948242],[123.75389862060558,10.280590057373047],[123.75422668457031,10.27931022644043],[123.75498199462913,10.278289794921932],[123.75567626953159,10.27733039855957],[123.75662231445347,10.276049613952864],[123.75752258300793,10.274550437927246],[123.75804901123047,10.273659706115723],[123.75837707519531,10.271730422973576],[123.75830078125011,10.270629882812557],[123.75803375244163,10.269780158996639],[123.75798034667969,10.269519805908203],[123.75823974609375,10.268340110778865],[123.75868988037121,10.267709732055778],[123.7598114013673,10.266739845275822],[123.76119995117222,10.265910148620605],[123.76152038574264,10.265130043030013],[123.76097106933605,10.264169692993164],[123.76061248779342,10.263079643249739],[123.76183319091831,10.262280464172363],[123.76312255859375,10.262299537658748],[123.76342010498092,10.26123046875],[123.76486206054688,10.260060310363826],[123.76640319824253,10.259329795837402],[123.76873779296875,10.258950233459473],[123.76972961425793,10.259140014648438],[123.77081298828148,10.258810043335075],[123.7714767456057,10.258009910583553],[123.7720184326173,10.25790023803711],[123.77258300781295,10.256950378418082],[123.77229309082031,10.256179809570426],[123.77143859863327,10.25543022155756],[123.7716064453125,10.253780364990291],[123.77237701416016,10.253669738769759],[123.77306365966797,10.252969741821346],[123.77261352539074,10.252169609069824],[123.77259826660168,10.251130104064941],[123.7733612060548,10.250220298767147],[123.7745285034182,10.249349594116211],[123.77543640136764,10.248880386352539],[123.77599334716797,10.247500419616813],[123.77590942382812,10.246809959411735],[123.77583312988293,10.246270179748592],[123.77583312988293,10.245400428771973],[123.77619934082077,10.2438001632691],[123.776893615723,10.242440223694075],[123.7777099609375,10.241279602050838],[123.77822875976597,10.240449905395451],[123.77880859375034,10.239290237426871],[123.7791900634769,10.23882007598877],[123.77951812744175,10.237719535827864],[123.78092956542969,10.236539840698185],[123.7825927734375,10.2354097366333],[123.7835464477539,10.233739852905273],[123.78385162353527,10.232760429382552],[123.78446960449253,10.231399536132926],[123.78462219238293,10.22976016998291],[123.7845382690432,10.229720115661621],[123.78436279296875,10.229630470275936],[123.78410339355469,10.22949028015131],[123.78388977050827,10.229499816894645],[123.78379821777344,10.229539871215934],[123.78372192382812,10.229579925537223],[123.78365325927746,10.229610443115348],[123.78333282470737,10.229789733886719],[123.78308105468761,10.23003959655773],[123.78246307373047,10.230179786682129],[123.78189086914062,10.230179786682129],[123.78058624267624,10.229849815368766],[123.78009033203159,10.229749679565487],[123.77957916259788,10.229660034179744],[123.77918243408237,10.22949028015131],[123.77912902832065,10.229479789733887],[123.77871704101574,10.229280471801815],[123.77835845947311,10.229129791259822],[123.77808380126953,10.228960037231559],[123.77617645263672,10.22842979431158],[123.77445220947266,10.22807979583763],[123.77430725097668,10.228070259094352],[123.77391052246139,10.22803974151634],[123.77336883544933,10.227919578552303],[123.76976776123092,10.227279663085938],[123.76802062988293,10.22694015502941],[123.76706695556652,10.226380348205566],[123.76648712158214,10.22603988647461],[123.7653732299807,10.22535037994379],[123.76481628418014,10.224519729614315],[123.76412200927768,10.223830223083496],[123.76341247558594,10.22284030914318],[123.76328277587936,10.222649574279899],[123.76316833496128,10.221489906311149],[123.76306915283214,10.221159934997559],[123.76304626464889,10.22084045410162],[123.76306152343761,10.220529556274641],[123.76313018798828,10.220230102539062],[123.76331329345703,10.219949722290266],[123.76344299316418,10.219619750976506],[123.76358032226562,10.219280242920036],[123.76358032226562,10.218859672546444],[123.76328277587936,10.217760086059513],[123.76328277587936,10.217069625854606],[123.76335144043003,10.216239929199219],[123.76290893554733,10.215760231018123],[123.76260375976585,10.21553039550787],[123.76241302490257,10.215250015258903],[123.7623214721682,10.21498012542736],[123.76228332519577,10.214719772338924],[123.76210021972668,10.21455001831049],[123.76196289062534,10.214420318603516],[123.76152038574264,10.214280128479118],[123.76116943359386,10.214380264282227],[123.7608795166019,10.214509963989201],[123.76061248779342,10.214630126953239],[123.7603530883789,10.214659690856934],[123.76007843017578,10.214579582214355],[123.75985717773483,10.214400291442985],[123.75990295410156,10.214119911193848],[123.7602767944336,10.213749885559139],[123.76093292236328,10.213279724121207],[123.76116180419933,10.212869644165096],[123.76101684570347,10.212619781494254],[123.76096343994152,10.212249755859432],[123.76088714599632,10.2121000289917],[123.76075744628952,10.211819648742903],[123.7605590820317,10.211669921875],[123.75982666015636,10.211480140686035],[123.75955963134788,10.210379600525016],[123.75962829589855,10.209199905395508],[123.7596817016605,10.208399772644157],[123.75969696044922,10.208100318908919],[123.76011657714878,10.20740985870367],[123.76017761230514,10.207240104675407],[123.7602767944336,10.206939697265852],[123.75990295410156,10.20668983459467],[123.75962066650402,10.206359863281477],[123.75942993164074,10.205989837646484],[123.75924682617199,10.205610275268668],[123.75916290283237,10.205200195312557],[123.75898742675804,10.204790115356388],[123.75871276855514,10.204420089721737],[123.75847625732433,10.20403957366949],[123.75837707519531,10.203579902648926],[123.7584228515625,10.203049659728947],[123.75855255126953,10.202480316162166],[123.75856018066406,10.201970100402946],[123.7584228515625,10.201530456542969],[123.75818634033203,10.201160430908317],[123.75820922851597,10.200799942016602],[123.75829315185558,10.200469970703182],[123.75820922851597,10.200169563293514],[123.75791931152355,10.199919700622672],[123.7577362060548,10.19966983795166],[123.7575836181644,10.19941043853754],[123.7574234008789,10.199090003967285],[123.75729370117188,10.19882965087885],[123.75721740722656,10.198699951171875],[123.75700378418003,10.198249816894474],[123.75686645507847,10.197739601135254],[123.75670623779297,10.197250366211051],[123.75657653808605,10.196780204773063],[123.75640869140648,10.196379661560059],[123.7562408447269,10.196040153503361],[123.75598144531295,10.195830345153865],[123.75573730468773,10.19567012786871],[123.75547027587936,10.19556999206543],[123.75482940673828,10.195240020752067],[123.7540969848634,10.19486045837408],[123.7538223266605,10.194580078125114],[123.7529907226567,10.194580078125114],[123.75235748291061,10.194720268249512],[123.75215148925781,10.19478988647461],[123.75186920166016,10.195190429687443],[123.75173950195335,10.195369720459041],[123.75153350830112,10.195280075073299],[123.75128173828159,10.195159912109489],[123.75100708007812,10.195010185241756],[123.75071716308628,10.194879531860352],[123.75042724609375,10.1947603225708],[123.75012207031295,10.19468975067133],[123.74865722656261,10.194580078125114],[123.74817657470714,10.194580078125114],[123.74783325195358,10.194439888000545],[123.74761962890636,10.194160461426009],[123.74726867675827,10.193889617919979],[123.74726867675827,10.19347000122076],[123.74727630615268,10.193409919738713],[123.74733734130893,10.192990303039664],[123.74738311767578,10.192500114440975],[123.74701690673874,10.192290306091422],[123.74659729003906,10.19207954406744],[123.74639892578148,10.191869735717887],[123.74604797363281,10.191599845886344],[123.74597930908203,10.191320419311637],[123.74591064453136,10.19048976898199],[123.74651336669956,10.190070152282715],[123.74684906005871,10.189660072326774],[123.74656677246128,10.188759803771973],[123.74588012695358,10.188070297241325],[123.74447631835972,10.18764972686779],[123.74416351318405,10.18667030334467],[123.74388885498058,10.18667030334467],[123.74360656738293,10.186389923095703],[123.74333190918003,10.186389923095703],[123.74305725097679,10.186109542846737],[123.7427673339846,10.186109542846737],[123.74223327636719,10.185560226440543],[123.74166870117188,10.185560226440543],[123.74141693115268,10.185420036315918],[123.7412109375,10.185310363769531],[123.74091339111374,10.18511962890625],[123.74070739746094,10.184860229492301],[123.74051666259766,10.184599876404036],[123.74031829833984,10.184359550476188],[123.740028381348,10.184129714965934],[123.73979949951183,10.183870315551758],[123.73964691162143,10.18367004394554],[123.7394790649414,10.183429718017692],[123.7391967773442,10.183250427246094],[123.73882293701217,10.18317985534668],[123.7384262084961,10.183090209961165],[123.73815155029297,10.182840347289982],[123.7381362915039,10.182539939880485],[123.738319396973,10.182229995727653],[123.7384872436528,10.181909561157227],[123.7384490966798,10.181579589843807],[123.73821258544922,10.181280136108398],[123.73793792724643,10.181059837341252],[123.73766326904297,10.181059837341252],[123.73739624023438,10.181280136108398],[123.73710632324264,10.18152999877941],[123.73676300048851,10.181699752807674],[123.73632049560547,10.181639671325627],[123.73592376708984,10.181329727172795],[123.73560333251964,10.18097972869873],[123.73536682128906,10.18068981170677],[123.73497009277344,10.18047046661377],[123.73473358154308,10.180379867553938],[123.7343978881836,10.180279731750488],[123.73401641845703,10.18013954162609],[123.733642578125,10.179860115051213],[123.73326110839844,10.179490089416731],[123.73280334472656,10.1791801452639],[123.73229217529297,10.178890228271428],[123.73179626464855,10.17862987518322],[123.73105621337936,10.178339958190918],[123.72429656982422,10.184840202331543],[123.71465301513717,10.195249557495345],[123.70655059814453,10.20382022857666],[123.681396484375,10.223819732666243],[123.66348266601608,10.237750053405875],[123.67561340332065,10.255339622497615],[123.67845916748047,10.259229660034123],[123.68064117431686,10.260880470275879],[123.68348693847656,10.264080047607479],[123.68580627441418,10.267620086669922],[123.68721771240234,10.269729614257926],[123.69207000732422,10.274359703063965],[123.70110321044967,10.283519744873274],[123.71589660644531,10.297369956970329],[123.72409057617188,10.305749893188477],[123.72930908203136,10.304969787597884],[123.73523712158226,10.303569793701229],[123.74236297607433,10.301690101623535],[123.74198150634777,10.300840377807617],[123.74185943603516,10.300319671630916],[123.74185180664062,10.299860000610408],[123.74227142333996,10.299220085143986],[123.74727630615268,10.28997993469244],[123.74756622314453,10.289460182189941],[123.7480697631836,10.288290023803711],[123.7489471435548,10.287549972534237]]]}},{"type":"Feature","properties":{"ID_0":177,"ISO":"PHL","NAME_0":"Philippines","ID_1":25,"NAME_1":"Cebu","ID_2":475,"NAME_2":"Oslob","NL_NAME_2":null,"VARNAME_2":null,"TYPE_2":"Bayan|Munisipyo","ENGTYPE_2":"Municipality","PROVINCE":"Cebu","REGION":"Central Visayas (Region VII)"},"geometry":{"type":"MultiPolygon","coordinates":[[[[123.43446350097702,9.519189834594954],[123.43399810791016,9.518759727478084],[123.43335723876953,9.51863002777094],[123.4328384399414,9.518650054931697],[123.43269348144577,9.518659591674805],[123.43206787109398,9.518810272216797],[123.4315185546875,9.518859863281193],[123.43106842041016,9.518810272216797],[123.4307632446289,9.51863002777094],[123.43048095703125,9.518489837646541],[123.4301986694336,9.518260002136458],[123.42989349365268,9.518050193786735],[123.42958831787132,9.517829895019588],[123.42919158935581,9.517640113830794],[123.42881011962925,9.517399787902946],[123.42845153808594,9.517100334167537],[123.4279937744144,9.516839981079102],[123.4275817871096,9.51646995544445],[123.42717742919933,9.516130447387752],[123.42682647705124,9.515810012817496],[123.42656707763672,9.515449523925781],[123.42635345458984,9.515069961547965],[123.42604064941418,9.514679908752385],[123.42561340332031,9.514340400695914],[123.42516326904297,9.51393985748291],[123.42460632324253,9.513620376586914],[123.42402648925793,9.513299942016658],[123.42347717285179,9.512909889221305],[123.42302703857456,9.512499809265137],[123.42260742187511,9.512189865112305],[123.42111206054733,9.510829925537166],[123.42111206054733,9.510560035705623],[123.4205474853519,9.51000022888195],[123.42028045654297,9.51000022888195],[123.41999816894531,9.509719848632812],[123.41999816894531,9.509440422058105],[123.41944122314453,9.508890151977766],[123.41916656494152,9.508890151977766],[123.41889190673862,9.50860977172863],[123.41860961914074,9.50860977172863],[123.41816711425781,9.50817966461193],[123.4180526733403,9.50806045532238],[123.41777801513672,9.50806045532238],[123.41750335693393,9.507780075073242],[123.41750335693393,9.507639884948844],[123.41719818115234,9.507439613342228],[123.41692352294956,9.507220268249569],[123.41655731201172,9.506930351257324],[123.41618347167969,9.506560325622615],[123.41580963134766,9.506110191345215],[123.41539001464889,9.505680084228572],[123.41488647460972,9.50529956817627],[123.41429901123058,9.505049705505485],[123.4136428833009,9.504940032959212],[123.41310119628952,9.504719734191895],[123.41268157958996,9.50448989868164],[123.41239166259777,9.504309654235954],[123.41221618652378,9.504170417785701],[123.41194152832054,9.504170417785701],[123.41113281250045,9.503350257873592],[123.41084289550781,9.50333023071289],[123.4102783203125,9.502779960632324],[123.41000366210949,9.502779960632324],[123.40972137451183,9.502499580383358],[123.40915679931675,9.502499580383358],[123.4080581665039,9.50139045715332],[123.40778350830078,9.50139045715332],[123.40766906738281,9.501130104064885],[123.4074630737307,9.500889778137207],[123.40720367431675,9.50059032440197],[123.40691375732422,9.500289916992244],[123.40669250488304,9.499990463256836],[123.40666961669933,9.499719619751033],[123.40638732910168,9.499719619751033],[123.4058303833009,9.499170303344954],[123.40556335449219,9.499170303344954],[123.40528106689499,9.498889923095817],[123.40499877929688,9.498889923095817],[123.40471649169956,9.49860954284668],[123.4044418334961,9.49860954284668],[123.40416717529297,9.498330116271973],[123.4038925170903,9.498330116271973],[123.4027328491211,9.49717998504633],[123.40249633789085,9.496939659118652],[123.40249633789085,9.49666976928711],[123.40222167968795,9.496390342712402],[123.40209197998058,9.496390342712402],[123.40194702148438,9.496390342712402],[123.40165710449264,9.496109962463436],[123.4013900756836,9.496109962463436],[123.40110778808594,9.49582958221447],[123.40083312988327,9.49582958221447],[123.40055847167969,9.495559692382926],[123.40028381347668,9.495559692382926],[123.39987182617188,9.495149612426815],[123.39861297607456,9.493889808654728],[123.39842224121128,9.493889808654728],[123.39833068847656,9.493889808654728],[123.39778137207077,9.493330001831112],[123.39778137207077,9.493160247802848],[123.39778137207077,9.493060111999569],[123.3974761962894,9.492699623108024],[123.3961105346682,9.491109848022575],[123.39595794677734,9.490949630737248],[123.39581298828159,9.490619659423885],[123.39555358886764,9.489999771118221],[123.39555358886764,9.489740371704102],[123.39555358886764,9.489439964294547],[123.395263671875,9.489179611206112],[123.39527893066406,9.488889694213867],[123.39504241943393,9.488659858703613],[123.39499664306675,9.48861026763916],[123.39499664306675,9.488539695739746],[123.39499664306675,9.488470077514592],[123.39499664306675,9.488329887390194],[123.39472198486328,9.488059997558821],[123.39472198486328,9.487779617309684],[123.39415740966842,9.48721981048584],[123.39415740966842,9.4866695404055],[123.39389038085949,9.486390113830623],[123.39389038085949,9.486109733581486],[123.39382171630882,9.485759735107365],[123.39360809326183,9.485560417175293],[123.39360809326183,9.484439849853516],[123.39277648925804,9.483610153198299],[123.39277648925804,9.483329772949332],[123.39221954345703,9.482780456543082],[123.39221954345703,9.482500076293945],[123.39193725585972,9.482219696044979],[123.39193725585972,9.481940269470272],[123.39167022705078,9.4816703796389],[123.39167022705078,9.481109619140625],[123.38999938964855,9.479439735412598],[123.38999938964855,9.479169845581055],[123.38963317871139,9.478790283203068],[123.38861083984375,9.477780342101994],[123.38712310791027,9.476280212402457],[123.3852767944336,9.474439620971737],[123.3852767944336,9.474169731140137],[123.38445281982433,9.473329544067383],[123.38445281982433,9.472780227661133],[123.38416290283214,9.472499847412166],[123.38416290283214,9.47222042083746],[123.38388824462902,9.471940040588493],[123.38361358642601,9.471110343933105],[123.38361358642601,9.470560073852766],[123.38333129882835,9.47027969360363],[123.38333129882835,9.469719886779785],[123.383056640625,9.469440460205135],[123.383056640625,9.469169616699446],[123.38276672363327,9.468890190124569],[123.38276672363327,9.468609809875431],[123.3822174072269,9.468059539794922],[123.3822174072269,9.467780113220215],[123.38194274902344,9.467499732971248],[123.38194274902344,9.467220306396598],[123.38166809082031,9.466939926147461],[123.38166809082031,9.46527957916254],[123.3813934326173,9.46500015258789],[123.3813934326173,9.464440345764217],[123.37993621826172,9.462989807128906],[123.37991333007858,9.462960243225211],[123.37966156005905,9.4627103805542],[123.37944793701172,9.462499618530387],[123.37944793701172,9.46222019195551],[123.3791732788086,9.461939811706543],[123.3791732788086,9.461669921875],[123.37889099121094,9.461389541626033],[123.37889099121094,9.460559844970817],[123.37860870361328,9.46028041839594],[123.37860870361328,9.459879875183162],[123.37860870361328,9.459440231323356],[123.37832641601608,9.459170341491813],[123.37832641601608,9.458889961242619],[123.3780517578125,9.458609580993652],[123.37812042236328,9.458569526672363],[123.3780670166019,9.458149909973145],[123.37803649902344,9.45769023895258],[123.37795257568405,9.45728015899681],[123.3778228759769,9.456939697265682],[123.37777709960949,9.456669807434082],[123.37750244140659,9.456390380859602],[123.37750244140659,9.455829620361328],[123.37722015380871,9.455559730529728],[123.37722015380871,9.455280303955078],[123.376953125,9.454999923706112],[123.376953125,9.454719543457145],[123.37666320800827,9.454449653625602],[123.37666320800827,9.454170227050895],[123.37610626220737,9.45361042022705],[123.37610626220737,9.453330039978084],[123.3752670288086,9.452500343322697],[123.3752670288086,9.45221996307373],[123.37391662597656,9.4508695602417],[123.37361145019577,9.450559616088867],[123.37361145019577,9.450119972229231],[123.373611450196,9.449999809265194],[123.37335968017578,9.449749946594409],[123.37333679199219,9.449720382690543],[123.37333679199219,9.449440002441577],[123.37304687500068,9.449170112609806],[123.37304687500068,9.44888973236084],[123.37252044677734,9.448360443115348],[123.37249755859375,9.448329925537394],[123.37249755859375,9.44806003570585],[123.37227630615303,9.447839736938704],[123.37222290039108,9.447779655456486],[123.37222290039108,9.44771003723173],[123.37222290039108,9.44721984863304],[123.3719482421875,9.446940422058162],[123.3719482421875,9.446390151977653],[123.37167358398449,9.446100234985352],[123.37167358398449,9.445830345153809],[123.37139129638729,9.445830345153809],[123.37082672119197,9.44528007507347],[123.37055206298851,9.44528007507347],[123.37014770507824,9.444869995117358],[123.37000274658237,9.444720268249455],[123.37000274658237,9.444439888000488],[123.36943054199253,9.443900108337402],[123.36943054199253,9.443840026855753],[123.36945343017578,9.443610191345272],[123.36853790283237,9.442709922790641],[123.3683319091798,9.442500114440918],[123.3683319091798,9.442219734191951],[123.36694335937545,9.440830230712947],[123.36672973632824,9.440830230712947],[123.36666870117188,9.440830230712947],[123.36554718017624,9.439720153808594],[123.36554718017624,9.439439773559627],[123.36499786376964,9.438890457153548],[123.36499786376964,9.43861007690441],[123.36444091796886,9.438059806823674],[123.36444091796886,9.437780380249023],[123.36416625976585,9.4375],[123.36416625976585,9.43721961975109],[123.36389160156295,9.436940193176383],[123.36389160156295,9.436849594116211],[123.36389160156295,9.436389923095703],[123.36360931396484,9.436109542846737],[123.36360931396484,9.43583011627203],[123.36305236816406,9.43527984619152],[123.36305236816406,9.435000419616642],[123.36250305175827,9.43443965911888],[123.36138916015636,9.433329582214355],[123.36123657226597,9.433329582214355],[123.36110687255882,9.433329582214355],[123.36028289794956,9.432499885559139],[123.36028289794956,9.4321804046632],[123.36028289794956,9.43194961547863],[123.3597564697269,9.431429862976074],[123.35944366455124,9.431110382080135],[123.35930633544967,9.431110382080135],[123.35916900634766,9.431110382080135],[123.35887908935592,9.430820465087834],[123.35778045654342,9.429719924926815],[123.35778045654342,9.429439544677848],[123.3566665649414,9.428330421447754],[123.3566665649414,9.428059577941895],[123.35556793212925,9.426959991455192],[123.35527801513683,9.42667007446289],[123.35527801513683,9.426589965820312],[123.35527801513683,9.426389694213924],[123.35360717773472,9.424719810485897],[123.35340118408249,9.424510002136174],[123.35285186767578,9.423959732055664],[123.35270690918003,9.423819541931266],[123.35243225097679,9.423540115356388],[123.35236358642578,9.423509597778434],[123.35167694091842,9.43389034271246],[123.35205841064499,9.446680068969727],[123.35164642333996,9.456469535827864],[123.35070037841808,9.485079765320052],[123.35050201416027,9.488719940185774],[123.35257720947311,9.497969627380428],[123.3537216186528,9.503319740295467],[123.35472106933616,9.508819580078182],[123.35533905029297,9.510939598083553],[123.35854339599655,9.518679618835563],[123.360107421875,9.523110389709473],[123.36549377441429,9.537929534912337],[123.36885070800827,9.547280311584586],[123.36921691894554,9.5486097335816],[123.37065124511741,9.551779747009391],[123.3712387084961,9.553449630737362],[123.37349700927768,9.559080123901367],[123.37403869628906,9.560629844665527],[123.37452697753918,9.564909934997615],[123.37473297119152,9.567850112915096],[123.37713623046898,9.575510025024528],[123.3823699951173,9.592240333557186],[123.38298034668003,9.59430980682373],[123.39048767089866,9.61569976806652],[123.39304351806652,9.622440338134822],[123.40773010253918,9.615220069885254],[123.42373657226574,9.607210159301701],[123.433387756348,9.60214996337902],[123.47041320800781,9.583180427551326],[123.47044372558594,9.583049774169922],[123.47045135498092,9.583009719848633],[123.47032165527389,9.582530021667537],[123.47016906738281,9.581970214843864],[123.47029113769543,9.581259727478027],[123.47003936767578,9.580670356750545],[123.46980285644543,9.580050468444881],[123.46968078613281,9.579400062561035],[123.469482421875,9.57880020141613],[123.46939086914062,9.578300476074276],[123.46936798095749,9.578180313110465],[123.46930694580124,9.578029632568473],[123.46914672851574,9.577599525451774],[123.46887207031273,9.577079772949219],[123.46861267089878,9.576580047607422],[123.46836853027355,9.576109886169434],[123.46817016601608,9.575650215148926],[123.46806335449219,9.575180053710938],[123.46795654296875,9.574749946594295],[123.46784973144565,9.574370384216309],[123.46775817871094,9.574020385742188],[123.46762084960949,9.573719978332463],[123.4675064086914,9.57343006134056],[123.46740722656295,9.573129653930664],[123.46724700927746,9.572870254516545],[123.46714782714878,9.572569847107047],[123.46701049804688,9.572259902954215],[123.46698760986328,9.57184028625511],[123.46701049804688,9.57133007049572],[123.46675109863293,9.57089996337902],[123.46658325195335,9.570750236511344],[123.46637725830112,9.570579528808594],[123.46597290039062,9.570340156555176],[123.46576690673828,9.56995964050293],[123.46555328369186,9.569580078124943],[123.46527862548828,9.569210052490462],[123.46499633789097,9.568849563598746],[123.4647674560548,9.568490028381348],[123.46460723876987,9.568110466003532],[123.46440124511764,9.567810058593807],[123.46418762207043,9.567540168762264],[123.46405029296875,9.56725025177002],[123.46391296386741,9.566980361938477],[123.46378326416061,9.566690444946516],[123.46360015869152,9.56641006469738],[123.46341705322277,9.566209793090763],[123.46336364746094,9.566129684448242],[123.4630737304692,9.565839767456112],[123.4627914428711,9.565520286560172],[123.46250915527378,9.565170288086051],[123.46222686767578,9.56482028961193],[123.46219635009788,9.564769744873047],[123.4619827270509,9.564459800720215],[123.46163940429688,9.564160346984977],[123.46119689941406,9.56394004821783],[123.460693359375,9.563830375671444],[123.46028137207065,9.563610076904297],[123.45995330810547,9.563349723816032],[123.45964813232456,9.563070297241211],[123.45935821533203,9.562789916992188],[123.45906066894577,9.562509536743221],[123.45873260498047,9.562239646911678],[123.45867156982445,9.562190055847282],[123.45836639404331,9.561969757080305],[123.45803833007812,9.561690330505485],[123.45778656005871,9.561470031738338],[123.45773315429733,9.56140995025629],[123.45747375488281,9.561149597168082],[123.45722961425815,9.56089973449707],[123.45702362060558,9.560620307922363],[123.45686340332054,9.560299873352108],[123.45665740966831,9.559969902038574],[123.4564437866211,9.559650421142635],[123.45625305175781,9.559300422668514],[123.45614624023483,9.559000015258789],[123.45613098144531,9.558950424194393],[123.45604705810547,9.558589935302848],[123.45584869384766,9.558340072631836],[123.45561981201195,9.558070182800293],[123.45527648925781,9.55778026580822],[123.4550476074221,9.557550430297908],[123.45471954345703,9.557220458984375],[123.45471954345703,9.557040214538688],[123.45471954345703,9.556949615478516],[123.45464324951183,9.556859970093],[123.4546127319336,9.556839942932072],[123.45443725585983,9.556670188903865],[123.45443725585983,9.556389808654842],[123.45417022705112,9.556110382080192],[123.45417022705112,9.555830001831055],[123.45388793945324,9.555560111999512],[123.45388793945324,9.555279731750488],[123.45361328125023,9.555000305176009],[123.45361328125023,9.554439544677734],[123.45333099365257,9.554169654846135],[123.45333099365257,9.55333042144781],[123.45276641845749,9.552780151367301],[123.45276641845749,9.549220085144157],[123.45275878906273,9.549169540405273],[123.45249938964844,9.548890113830566],[123.45249938964844,9.5486097335816],[123.45221710205112,9.54833030700695],[123.45221710205112,9.548060417175407],[123.45207214355503,9.547909736633414],[123.45194244384766,9.547780036926213],[123.45172882080078,9.54734992980957],[123.45134735107422,9.546990394592342],[123.45088958740234,9.546669960022086],[123.4504165649414,9.546369552612532],[123.449951171875,9.546050071716422],[123.44949340820324,9.54572963714594],[123.44905853271484,9.54539012908947],[123.44869232177734,9.545029640197754],[123.44834136962902,9.544719696044922],[123.44830322265625,9.544679641723633],[123.44803619384766,9.544429779052791],[123.44777679443371,9.54411983489996],[123.44750213623081,9.543749809265137],[123.44719696044933,9.54331016540533],[123.44687652587925,9.542770385742244],[123.4465484619144,9.542169570922795],[123.44621276855469,9.541540145874023],[123.44584655761764,9.541090011596793],[123.4457931518557,9.541029930114803],[123.44538116455078,9.540559768676985],[123.44502258300815,9.540140151977539],[123.44474792480491,9.539730072021428],[123.44458770751987,9.539319992065657],[123.44445037841831,9.538960456848258],[123.44435119628918,9.538629531860408],[123.44420623779331,9.538330078125],[123.44405364990246,9.538009643554744],[123.44391632080078,9.537639617919865],[123.44384002685547,9.537170410156193],[123.44364166259766,9.53666973114008],[123.44348144531261,9.536089897155705],[123.4433364868164,9.535490036010799],[123.44316864013672,9.534810066223088],[123.44297790527344,9.534339904785156],[123.44293975830101,9.534259796142578],[123.44275665283203,9.533769607543888],[123.44255065917991,9.533359527588118],[123.4424667358403,9.533089637756575],[123.4424285888673,9.532979965209961],[123.44223785400402,9.532679557800293],[123.44203948974655,9.532360076904297],[123.44181823730469,9.531990051269645],[123.44148254394543,9.531660079956112],[123.44111633300793,9.531339645385856],[123.44075012207077,9.531040191650447],[123.44033813476574,9.530779838562012],[123.43993377685592,9.530489921569881],[123.43946838378906,9.530229568481502],[123.4390869140625,9.529959678649902],[123.43905639648472,9.529939651489371],[123.43876647949219,9.529520034790096],[123.43852996826206,9.529100418090877],[123.43830108642578,9.528719902038574],[123.43810272216831,9.528389930725211],[123.4380111694336,9.52803993225109],[123.43786621093761,9.527759552001953],[123.43771362304722,9.527469635009822],[123.43762969970703,9.527299880981388],[123.43755340576172,9.527139663696289],[123.43740081787132,9.526740074157772],[123.4372329711914,9.526309967041072],[123.43710327148449,9.525850296020565],[123.43697357177734,9.525420188904036],[123.43685913085938,9.52503967285162],[123.43670654296886,9.524689674377498],[123.43663024902378,9.52429008483898],[123.43646240234375,9.523880004882812],[123.4364013671875,9.523380279541016],[123.4363632202153,9.522870063781795],[123.43620300292969,9.522439956665266],[123.43614196777355,9.522049903869686],[123.4361190795903,9.521679878234863],[123.43608856201172,9.521400451660156],[123.43607330322288,9.521289825439453],[123.4358901977539,9.520870208740234],[123.43567657470737,9.520429611206282],[123.43551635742188,9.520259857177848],[123.43547821044956,9.520219802856559],[123.43530273437523,9.520059585571289],[123.4349594116211,9.519749641418457],[123.43486022949253,9.519680023193473],[123.43446350097702,9.519189834594954]]]]}},{"type":"Feature","properties":{"ID_0":177,"ISO":"PHL","NAME_0":"Philippines","ID_1":25,"NAME_1":"Cebu","ID_2":477,"NAME_2":"Pinamungahan","NL_NAME_2":null,"VARNAME_2":null,"TYPE_2":"Bayan|Munisipyo","ENGTYPE_2":"Municipality","PROVINCE":"Cebu","REGION":"Central Visayas (Region VII)"},"geometry":{"type":"Polygon","coordinates":[[[123.68348693847656,10.264080047607479],[123.68064117431686,10.260880470275879],[123.67845916748047,10.259229660034123],[123.67561340332065,10.255339622497615],[123.66348266601608,10.237750053405875],[123.65699768066452,10.23260974884056],[123.65544128417969,10.230939865112362],[123.65381622314487,10.2289400100708],[123.65184783935592,10.2269802093507],[123.65061950683605,10.225460052490234],[123.64968109130893,10.223469734191951],[123.64849090576172,10.22196006774925],[123.6466217041019,10.220270156860352],[123.64465332031295,10.217670440673828],[123.64447784423862,10.217459678650016],[123.64219665527344,10.214300155639705],[123.6368637084961,10.206219673156738],[123.63213348388706,10.199620246887434],[123.63102722167969,10.198209762573185],[123.618202209473,10.204640388488883],[123.61643218994175,10.205539703369254],[123.61570739746094,10.205929756164608],[123.61370849609386,10.206999778747502],[123.61113739013683,10.208930015563965],[123.6070175170903,10.211350440979231],[123.60469818115234,10.212599754333496],[123.60196685791016,10.214189529418945],[123.6001663208009,10.215180397033748],[123.59828186035168,10.216050148010254],[123.59571075439476,10.217269897461051],[123.59127044677734,10.218970298767204],[123.58924102783203,10.219809532165527],[123.58442687988281,10.222290039062443],[123.582763671875,10.22321987152094],[123.58148193359386,10.223990440368652],[123.57985687255871,10.225079536437931],[123.57845306396507,10.225859642028922],[123.57791900634766,10.226619720458984],[123.5775299072269,10.227689743042049],[123.57660675048828,10.228540420532454],[123.57594299316418,10.230330467224121],[123.5754623413086,10.231369972229231],[123.57512664794922,10.232999801635799],[123.57438659667969,10.233909606933537],[123.57346343994152,10.234040260315169],[123.57296752929688,10.23400020599388],[123.57243347168003,10.234720230102482],[123.57240295410156,10.235329627990723],[123.57234954834007,10.235969543457145],[123.57235717773483,10.236689567565918],[123.57240295410156,10.237079620361328],[123.57244873046898,10.237540245056152],[123.57270812988293,10.238699913024902],[123.57283020019554,10.239230155944881],[123.5729370117192,10.23972034454357],[123.5727767944336,10.240349769592342],[123.57253265380871,10.240750312805176],[123.57232666015636,10.241200447082747],[123.57205200195347,10.241789817810115],[123.57219696044922,10.243040084838867],[123.57247924804688,10.243969917297363],[123.57259368896484,10.244239807128906],[123.57272338867199,10.244560241699332],[123.57340240478538,10.245169639587402],[123.57401275634766,10.245719909668082],[123.57431030273438,10.245949745178166],[123.57454681396507,10.245940208435059],[123.57476043701172,10.246359825134277],[123.57476043701172,10.247050285339412],[123.5747222900394,10.247759819030762],[123.57467651367188,10.248120307922477],[123.57450103759766,10.248519897461165],[123.57440948486374,10.249010086059684],[123.57421875000045,10.249460220336914],[123.57409667968784,10.24993991851818],[123.57409667968784,10.250470161437988],[123.57393646240234,10.250960350036678],[123.57389831543003,10.251500129699934],[123.57395172119175,10.25203990936285],[123.57415771484398,10.25242996215843],[123.57444763183616,10.252779960632552],[123.57444763183616,10.253060340881348],[123.5749969482423,10.253609657287598],[123.5749969482423,10.253890037536735],[123.57527923583996,10.254170417785872],[123.57527923583996,10.254440307617244],[123.57554626464889,10.254719734191951],[123.57631683349655,10.25590038299572],[123.57666778564453,10.256660461425781],[123.57673645019554,10.256779670715332],[123.5770187377932,10.257209777832031],[123.57716369628906,10.257630348205566],[123.57716369628906,10.258009910583553],[123.57716369628906,10.258179664611816],[123.57729339599621,10.259380340576115],[123.57729339599621,10.260829925537166],[123.57731628418014,10.260919570922852],[123.57750701904342,10.261799812317122],[123.57778167724632,10.26200008392334],[123.57833862304722,10.262350082397461],[123.57848358154331,10.262419700622786],[123.57882690429699,10.262559890747184],[123.57917785644577,10.26276016235363],[123.57924652099643,10.262969970703125],[123.5793914794923,10.263190269470272],[123.57952880859375,10.263380050659293],[123.57967376709018,10.263799667358512],[123.57994842529308,10.264010429382381],[123.58001708984375,10.264080047607479],[123.58009338378906,10.264080047607479],[123.5802230834961,10.263799667358512],[123.58036041259788,10.263589859008789],[123.58051300048874,10.263440132141113],[123.5805816650394,10.26344966888422],[123.58099365234375,10.26344966888422],[123.5811004638673,10.26352977752697],[123.58119964599643,10.263589859008789],[123.58155059814453,10.263730049133358],[123.58197021484409,10.263870239257756],[123.58231353759766,10.264149665832633],[123.58238220214844,10.264280319213924],[123.58238220214844,10.265089988708723],[123.58238220214844,10.265390396118278],[123.58223724365246,10.265729904174748],[123.58223724365246,10.26642990112299],[123.58223724365246,10.266630172729606],[123.58217620849632,10.267259597778548],[123.58223724365246,10.267669677734318],[123.58245849609398,10.2681503295899],[123.58265686035202,10.268360137939453],[123.58273315429722,10.26856994628912],[123.58287048339878,10.268850326538143],[123.58287048339878,10.270299911498967],[123.58307647705078,10.270779609680233],[123.5831527709961,10.271200180053825],[123.5831527709961,10.271369934082031],[123.5831527709961,10.271889686584416],[123.58307647705078,10.272009849548454],[123.582763671875,10.272560119628963],[123.58255767822288,10.272919654846191],[123.58242034912155,10.273269653320312],[123.58225250244152,10.273539543151855],[123.58222198486374,10.273619651794434],[123.58212280273438,10.27383995056175],[123.58190917968784,10.274089813232422],[123.58159637451195,10.27433013916027],[123.58139801025425,10.274519920349064],[123.58126831054733,10.274640083313102],[123.58114624023472,10.275159835815487],[123.58114624023472,10.275679588317871],[123.58116912841797,10.276229858398551],[123.58142852783203,10.276960372924918],[123.58154296875,10.277569770812988],[123.58157348632824,10.277709960937557],[123.58155059814453,10.278499603271484],[123.58167266845714,10.279170036316032],[123.58178710937523,10.279809951782227],[123.5820083618164,10.280340194702205],[123.58216094970737,10.280750274658146],[123.58217620849632,10.280810356140194],[123.58217620849632,10.28125],[123.58197784423851,10.281620025634822],[123.58174133300781,10.28195953369152],[123.5816421508789,10.282360076904354],[123.58173370361328,10.28283977508545],[123.58188629150413,10.283379554748535],[123.58197021484409,10.283949851989803],[123.5819320678711,10.28450965881342],[123.5818481445317,10.285079956054688],[123.58183288574219,10.285630226135197],[123.58186340332043,10.285750389099235],[123.58194732666016,10.286109924316463],[123.58180236816406,10.28715038299572],[123.58173370361328,10.28732967376709],[123.5814208984375,10.288009643554744],[123.58101654052768,10.288920402526799],[123.58075714111374,10.289500236511174],[123.58013153076217,10.291359901428166],[123.57922363281295,10.292889595031966],[123.57874298095726,10.293370246887207],[123.57858276367188,10.293580055236873],[123.57833099365246,10.2939195632934],[123.57833099365246,10.294719696044922],[123.57861328125011,10.295000076293888],[123.5790405273442,10.296039581298828],[123.57959747314476,10.297360420226994],[123.58071136474621,10.299079895019588],[123.58196258544956,10.300120353698844],[123.5832214355471,10.30136966705345],[123.58434295654308,10.302129745483512],[123.58489227294967,10.303299903869686],[123.58528137207077,10.30558013916027],[123.58528137207077,10.305839538574219],[123.58528137207077,10.306110382080021],[123.58556365966797,10.306460380554142],[123.5858383178711,10.307359695434684],[123.58598327636741,10.307490348815918],[123.58603668212936,10.307840347290039],[123.58603668212936,10.308529853821028],[123.58598327636741,10.30887985229515],[123.58535003662143,10.309639930725211],[123.58506774902344,10.3098402023316],[123.58471679687511,10.310119628906477],[123.58444213867222,10.310529708862418],[123.58415985107433,10.311019897460938],[123.58402252197266,10.311499595642204],[123.583740234375,10.311849594116325],[123.58339691162121,10.31233024597168],[123.58297729492188,10.312609672546387],[123.58268737792969,10.312890052795524],[123.58242034912155,10.313300132751465],[123.58235168457065,10.313710212707633],[123.58235168457065,10.314129829406852],[123.58204650878918,10.314499855041504],[123.58178710937523,10.314889907836914],[123.58178710937523,10.315580368042049],[123.58200073242188,10.316069602966422],[123.58220672607422,10.316410064697209],[123.58228302001999,10.31676006317133],[123.58228302001999,10.317649841308537],[123.58213806152344,10.318070411682129],[123.58186340332043,10.318690299987793],[123.58164978027389,10.319310188293457],[123.5814437866211,10.319589614868278],[123.58087921142578,10.320280075073185],[123.57997894287132,10.321390151977539],[123.57984924316406,10.321450233459586],[123.57972717285156,10.322059631347656],[123.57964324951172,10.322739601135481],[123.57952880859375,10.323450088500977],[123.57967376709018,10.32411003112793],[123.57977294921886,10.324740409851188],[123.57997131347668,10.32526969909668],[123.58001708984375,10.325400352478141],[123.5801467895509,10.325750350952262],[123.58017730712936,10.325860023498649],[123.58032226562545,10.3262300491333],[123.58035278320324,10.326299667358455],[123.5804214477539,10.326470375061035],[123.58051300048874,10.326680183410758],[123.58059692382812,10.326999664306868],[123.58064270019554,10.327159881591797],[123.58068084716797,10.327280044555664],[123.58070373535202,10.327340126037654],[123.58080291748047,10.327630043029785],[123.58087158203125,10.328120231628645],[123.58103942871094,10.328579902648983],[123.58114624023472,10.329099655151367],[123.58139801025425,10.329589843750057],[123.58171844482456,10.330069541931152],[123.5820922851567,10.330479621887264],[123.5824432373048,10.330880165100098],[123.582763671875,10.331310272216797],[123.58306884765625,10.331789970398063],[123.58338928222668,10.332300186157454],[123.58367156982433,10.332880020141658],[123.58396148681652,10.333479881286621],[123.5841903686528,10.334099769592285],[123.58444976806675,10.3346204757691],[123.58470153808639,10.334989547729492],[123.58489227294967,10.33528995513916],[123.58544158935547,10.335519790649471],[123.58599853515625,10.336830139160384],[123.58656311035179,10.338279724121094],[123.5868377685548,10.338970184326172],[123.58738708496105,10.339870452880803],[123.58788299560581,10.340559959411621],[123.58815765380871,10.340840339660588],[123.58834075927746,10.340959548950138],[123.59929656982422,10.332150459289608],[123.61280059814499,10.321940422058105],[123.61622619628952,10.319780349731559],[123.62394714355491,10.314999580383358],[123.63110351562545,10.310689926147575],[123.63744354248047,10.306260108947754],[123.63822937011753,10.305660247802791],[123.64234161376964,10.302680015564022],[123.64974975585983,10.297060012817496],[123.65139770507847,10.295579910278263],[123.65886688232422,10.28985977172863],[123.66632843017578,10.283619880676213],[123.67475891113293,10.276289939880371],[123.68580627441418,10.267620086669922],[123.68348693847656,10.264080047607479]]]}},{"type":"Feature","properties":{"ID_0":177,"ISO":"PHL","NAME_0":"Philippines","ID_1":25,"NAME_1":"Cebu","ID_2":479,"NAME_2":"Ronda","NL_NAME_2":null,"VARNAME_2":null,"TYPE_2":"Bayan|Munisipyo","ENGTYPE_2":"Municipality","PROVINCE":"Cebu","REGION":"Central Visayas (Region VII)"},"geometry":{"type":"Polygon","coordinates":[[[123.46278381347656,9.976360321044922],[123.45931243896496,9.9760103225708],[123.45498657226562,9.976409912109489],[123.44978332519565,9.976710319519043],[123.44680786132858,9.977069854736442],[123.44529724121105,9.977219581603947],[123.441162109375,9.977849960327262],[123.43586730957065,9.978590011596737],[123.43182373046875,9.979129791259822],[123.42838287353516,9.979260444641113],[123.42362976074219,9.979630470275936],[123.4188385009769,9.980199813842717],[123.41660308837925,9.980890274047852],[123.41565704345726,9.981280326843262],[123.41259765625034,9.982080459594783],[123.41162109375,9.9824800491333],[123.4101028442384,9.983110427856559],[123.40838623046886,9.984250068664608],[123.4073867797855,9.984900474548567],[123.40554046630893,9.98620986938488],[123.40519714355469,9.986359596252385],[123.40381622314487,9.986590385437125],[123.40283966064453,9.986630439758414],[123.40222167968795,9.986669540405217],[123.40222167968795,9.98750019073492],[123.40194702148438,9.98777961730957],[123.40194702148438,9.988059997558537],[123.40165710449264,9.98832988739008],[123.40155029296898,9.988940238952637],[123.40132141113281,9.989649772643986],[123.4012832641605,9.990340232849121],[123.4015274047855,9.99071979522705],[123.40173339843773,9.990799903869629],[123.40196228027344,9.990900039672908],[123.4022369384769,9.991220474243164],[123.40249633789085,9.991570472717285],[123.40277099609386,9.991939544677848],[123.40297698974632,9.992300033569393],[123.40303039550781,9.992369651794547],[123.4032211303711,9.992890357971191],[123.40339660644531,9.993459701538313],[123.40348052978516,9.993599891662711],[123.40371704101574,9.994000434875716],[123.40409088134777,9.994469642639217],[123.40505218505871,9.995539665222282],[123.40519714355469,9.996040344238395],[123.40554046630893,9.99713039398199],[123.40602874755882,9.997890472412053],[123.40625762939453,9.998330116272086],[123.40632629394531,9.99845981597906],[123.40659332275402,9.99907016754156],[123.40750122070312,10],[123.40772247314464,10.000280380249023],[123.40778350830078,10.000280380249023],[123.40778350830078,10.000829696655273],[123.40860748291038,10.001669883728084],[123.40882110595703,10.002909660339412],[123.4088821411134,10.0035400390625],[123.40888977050804,10.003609657287654],[123.40888977050804,10.003890037536621],[123.40860748291038,10.004170417785758],[123.40944671630871,10.005000114440975],[123.40944671630871,10.005559921264592],[123.40915679931675,10.005829811096135],[123.40915679931675,10.006110191345329],[123.40833282470749,10.006939888000488],[123.40825653076172,10.008270263671818],[123.4086532592778,10.008709907531795],[123.40875244140625,10.00918960571289],[123.40882110595703,10.009480476379451],[123.40888977050804,10.009849548339844],[123.40888977050804,10.010160446166992],[123.40888977050804,10.011300086975211],[123.40886688232433,10.011529922485465],[123.408729553223,10.012889862060604],[123.4086532592778,10.013580322265739],[123.40863037109375,10.013830184936523],[123.40873718261719,10.01414966583252],[123.4088363647461,10.014430046081657],[123.4088592529298,10.014749526977596],[123.40875244140625,10.015210151672477],[123.40870666503952,10.015339851379451],[123.4085464477539,10.015769958496094],[123.40830993652355,10.016320228576603],[123.40804290771484,10.016719818115348],[123.40801239013706,10.016759872436637],[123.40766906738281,10.017100334167594],[123.40730285644531,10.017459869384822],[123.40696716308605,10.017880439758414],[123.40666961669933,10.01834964752203],[123.40638732910168,10.01881027221691],[123.4061508178711,10.019269943237418],[123.40595245361328,10.019740104675407],[123.40573883056663,10.020239830017204],[123.405517578125,10.020790100097713],[123.40532684326172,10.02136039733898],[123.40534210205112,10.02196979522705],[123.40556335449219,10.022529602050895],[123.4058303833009,10.023059844970646],[123.40605926513706,10.0235595703125],[123.40624237060581,10.0240097045899],[123.40637969970714,10.02439975738531],[123.40646362304688,10.024780273437727],[123.4066314697269,10.025119781494254],[123.40672302246094,10.025480270385799],[123.40689849853516,10.025810241699332],[123.40691375732422,10.025870323181152],[123.40693664550827,10.026180267333984],[123.40695190429699,10.026590347290153],[123.40695953369152,10.027070045471248],[123.40701293945347,10.027569770813216],[123.40715789794933,10.028019905090446],[123.40724945068393,10.02844047546381],[123.40737915039108,10.028779983520508],[123.4074935913086,10.029100418090934],[123.40756225585983,10.029470443725586],[123.40778350830078,10.029809951782283],[123.40802764892601,10.030229568481559],[123.40825653076172,10.030759811401367],[123.40853118896518,10.031299591064453],[123.40886688232433,10.031760215759277],[123.40915679931675,10.032259941101074],[123.40944671630871,10.032790184021053],[123.40959930419922,10.03308963775629],[123.41007995605469,10.033639907837028],[123.41062164306686,10.03477954864502],[123.41081237793014,10.035320281982422],[123.42485809326172,10.028710365295353],[123.4307632446289,10.02595043182373],[123.43740081787132,10.023079872131404],[123.44843292236328,10.01807022094738],[123.45745086669922,10.013919830322266],[123.4684219360355,10.008830070495833],[123.48916625976574,9.999119758605957],[123.49114990234375,9.998189926147461],[123.50813293457031,9.991200447082633],[123.50443267822277,9.981920242309798],[123.49963378906295,9.981439590454045],[123.49472808837936,9.980779647827148],[123.49009704589889,9.979969978332463],[123.4847412109375,9.97926998138422],[123.47968292236362,9.978380203247013],[123.47807312011719,9.97821044921875],[123.4746322631836,9.97772026062006],[123.46916198730491,9.97710990905773],[123.46278381347656,9.976360321044922]]]}},{"type":"Feature","properties":{"ID_0":177,"ISO":"PHL","NAME_0":"Philippines","ID_1":25,"NAME_1":"Cebu","ID_2":480,"NAME_2":"Samboan","NL_NAME_2":null,"VARNAME_2":null,"TYPE_2":"Bayan|Munisipyo","ENGTYPE_2":"Municipality","PROVINCE":"Cebu","REGION":"Central Visayas (Region VII)"},"geometry":{"type":"Polygon","coordinates":[[[123.30120086669956,9.46039962768549],[123.30058288574253,9.46033954620367],[123.30046844482422,9.46088981628418],[123.30020141601597,9.461449623108024],[123.29981231689487,9.461890220642147],[123.29955291748092,9.462349891662654],[123.29949951171898,9.46282958984375],[123.29940032958996,9.463270187378043],[123.29924011230503,9.46370983123802],[123.29914855957031,9.46420001983654],[123.29900360107433,9.46465015411377],[123.29884338378952,9.465060234069881],[123.29866790771518,9.465450286865462],[123.29842376708996,9.465800285339412],[123.29837036132812,9.466270446777344],[123.29834747314487,9.466580390930176],[123.29833221435558,9.466739654541016],[123.29826354980491,9.46716022491455],[123.29814910888706,9.467519760131836],[123.29807281494163,9.467860221862793],[123.2980422973634,9.468230247497672],[123.29795074462902,9.468580245971737],[123.29779815673828,9.468939781189022],[123.2977523803711,9.46914005279541],[123.29769897460983,9.469349861145133],[123.29753112793003,9.469739913940543],[123.29750061035179,9.470149993896484],[123.29750061035179,9.470569610595703],[123.29747009277355,9.470959663391113],[123.29731750488327,9.471309661865234],[123.29720306396518,9.471679687500057],[123.29701995849632,9.472040176391602],[123.29695129394565,9.4724702835083],[123.29695129394565,9.472979545593262],[123.29694366455124,9.47301959991455],[123.29689788818371,9.473549842834473],[123.29670715332043,9.474140167236328],[123.29669952392624,9.47476959228527],[123.29667663574219,9.475379943847656],[123.29667663574219,9.475429534912223],[123.29666900634766,9.475939750671444],[123.29666900634766,9.476440429687557],[123.29666900634766,9.476909637451229],[123.29666900634766,9.477359771728459],[123.29666900634766,9.477829933166618],[123.29666900634766,9.478320121765137],[123.2966537475586,9.478819847106934],[123.29653167724621,9.4792995452882],[123.2964096069336,9.47974967956543],[123.29638671875034,9.480170249938965],[123.29638671875034,9.480560302734375],[123.29638671875034,9.480930328369197],[123.29638671875034,9.481329917907772],[123.29638671875034,9.481769561767578],[123.29638671875034,9.48223972320568],[123.29643249511753,9.4827299118042],[123.29663848876976,9.483200073242188],[123.29675292968795,9.483719825744686],[123.29667663574219,9.48423957824707],[123.29666900634766,9.48478984832758],[123.29666900634766,9.485369682312012],[123.29666900634766,9.485969543457088],[123.29667663574219,9.486559867858887],[123.29676055908237,9.487130165100325],[123.29691314697277,9.48760986328125],[123.29695129394565,9.488030433654785],[123.29699707031261,9.488349914550781],[123.29715728759766,9.488579750061035],[123.2972412109375,9.488880157470703],[123.29737854003918,9.489190101623535],[123.29749298095714,9.48954963684082],[123.29759216308616,9.489950180053825],[123.2977523803711,9.490340232849178],[123.29781341552734,9.490790367126408],[123.29798126220726,9.491220474243278],[123.29808807373092,9.49170970916748],[123.29823303222668,9.492090225219783],[123.29826354980491,9.492179870605469],[123.29830169677734,9.492509841919002],[123.29834747314487,9.49269008636469],[123.29833984375034,9.493220329284668],[123.29839324951172,9.493729591369629],[123.29856872558594,9.494190216064453],[123.29863739013683,9.494720458984432],[123.29882049560558,9.495240211486816],[123.29888153076172,9.49578952789301],[123.29888916015625,9.496370315551871],[123.29888153076172,9.49645042419445],[123.298866271973,9.496580123901424],[123.298866271973,9.496640205383414],[123.29885101318405,9.49695968627941],[123.29869842529297,9.49740982055664],[123.2986831665039,9.497540473938045],[123.29863739013683,9.497710227966309],[123.29860687255905,9.498089790344466],[123.29857635498047,9.498579978942985],[123.29843902587902,9.498909950256348],[123.29843139648449,9.498979568481673],[123.29828643798862,9.499409675598201],[123.29810333251987,9.499810218810978],[123.29810333251987,9.500300407409668],[123.29827117919967,9.500800132751522],[123.29840087890625,9.501279830932617],[123.29860687255905,9.501640319824332],[123.2987899780278,9.501959800720442],[123.2989501953125,9.502269744873274],[123.29905700683628,9.502420425415096],[123.29915618896484,9.50255012512207],[123.29927825927734,9.50288009643566],[123.29942321777389,9.50319957733177],[123.29945373535156,9.503569602966252],[123.29947662353527,9.503950119018555],[123.29965209960938,9.504289627075252],[123.2997436523442,9.504699707031364],[123.29985046386719,9.505129814148006],[123.29994201660202,9.505590438842887],[123.30000305175815,9.50607967376709],[123.30000305175815,9.50658988952631],[123.30000305175815,9.507120132446289],[123.30005645751987,9.507619857788086],[123.3002395629884,9.508069992065543],[123.30032348632858,9.508549690246582],[123.30048370361328,9.508979797363281],[123.30055236816429,9.509499549865836],[123.30062866210972,9.510049819946346],[123.30079650878906,9.51056957244873],[123.30079650878906,9.511079788207951],[123.30068969726562,9.51154994964611],[123.30058288574253,9.512029647827205],[123.30050659179733,9.512459754943848],[123.30032348632858,9.512780189514103],[123.30027770996094,9.513139724731559],[123.30027770996094,9.513569831848201],[123.30027770996094,9.514080047607479],[123.30027770996094,9.514659881592024],[123.30033111572277,9.515319824218807],[123.30050659179733,9.515879631042424],[123.30061340332031,9.51648998260498],[123.300819396973,9.517009735107536],[123.30098724365234,9.51753044128418],[123.3010864257817,9.518090248108024],[123.30116271972656,9.518690109252987],[123.30139160156284,9.519229888916072],[123.30166625976574,9.519720077514762],[123.30194091796875,9.520159721374569],[123.30217742919945,9.520540237426815],[123.30232238769531,9.520910263061467],[123.30238342285156,9.521039962768668],[123.30246734619186,9.521229743957633],[123.30254364013706,9.521479606628475],[123.30256652832031,9.521559715270996],[123.30272674560581,9.521820068359602],[123.30278015136719,9.52206039428711],[123.30280303955124,9.522120475769157],[123.30291748046909,9.522370338439941],[123.30303192138695,9.522649765014648],[123.30309295654297,9.522970199585075],[123.30326843261719,9.523280143737907],[123.30326080322266,9.523340225219727],[123.30332183837913,9.523690223693848],[123.30333709716797,9.524120330810547],[123.30332946777344,9.524570465087947],[123.30333709716797,9.524979591369572],[123.30338287353527,9.525360107421875],[123.30355072021484,9.525719642639274],[123.30359649658214,9.526169776916504],[123.30361175537155,9.526729583740348],[123.30364990234375,9.527339935302678],[123.30386352539074,9.527939796447981],[123.30393981933639,9.528329849243221],[123.30399322509811,9.528539657592717],[123.30417633056663,9.529029846191406],[123.30438995361362,9.529419898986816],[123.30449676513672,9.529840469360352],[123.30467224121094,9.530209541320914],[123.30471801757824,9.530639648437614],[123.30476379394577,9.531100273132438],[123.30494689941452,9.531519889831486],[123.30500030517578,9.53197956085205],[123.30500030517578,9.532440185546875],[123.30500030517578,9.532480239868164],[123.30499267578125,9.532730102539176],[123.30499267578125,9.53285980224615],[123.30494689941452,9.533229827880973],[123.30487060546875,9.533519744873104],[123.30476379394577,9.533780097961483],[123.30470275878952,9.53405952453619],[123.30457305908249,9.534370422363281],[123.3044204711914,9.534749984741268],[123.30428314208984,9.535200119018498],[123.30433654785168,9.535690307617188],[123.30442810058594,9.536190032959041],[123.30444335937534,9.53668022155773],[123.30448913574219,9.537170410156193],[123.30467987060547,9.537670135498047],[123.30471801757824,9.53810024261469],[123.3047332763673,9.538209915161133],[123.3047332763673,9.538769721984977],[123.3047332763673,9.539290428161621],[123.3047332763673,9.539779663086051],[123.3047332763673,9.540269851684513],[123.30471801757824,9.540760040283203],[123.3047332763673,9.541259765625057],[123.30476379394577,9.541749954223746],[123.30490875244152,9.542149543762434],[123.30499267578125,9.542539596557674],[123.30506134033203,9.542909622192496],[123.30522155761741,9.543219566345329],[123.30529022216808,9.543600082397404],[123.30538177490234,9.543970108032283],[123.30552673339889,9.544340133667106],[123.30555725097656,9.544779777527083],[123.30555725097656,9.545289993286133],[123.30560302734398,9.5458402633667],[123.30579376220726,9.546380043029785],[123.30586242675793,9.546979904174918],[123.3060073852539,9.547539710998535],[123.3061294555664,9.54811954498291],[123.30629730224643,9.54868030548107],[123.30641937255905,9.549260139465446],[123.30663299560558,9.549810409546126],[123.306678771973,9.550370216369629],[123.30674743652366,9.550900459289608],[123.306922912598,9.551349639892692],[123.30700683593761,9.551790237426815],[123.3071899414067,9.552129745483512],[123.30731964111351,9.552439689636344],[123.30747985839844,9.552700042724553],[123.30758666992199,9.552989959716854],[123.3077392578125,9.55325031280529],[123.30777740478527,9.55358982086176],[123.30779266357433,9.553640365600643],[123.30793762207031,9.553739547729492],[123.31945800781284,9.55313968658453],[123.32095336914074,9.553070068359432],[123.33645629882812,9.552700042724553],[123.37065124511741,9.551779747009391],[123.36921691894554,9.5486097335816],[123.36885070800827,9.547280311584586],[123.36549377441429,9.537929534912337],[123.360107421875,9.523110389709473],[123.35854339599655,9.518679618835563],[123.35533905029297,9.510939598083553],[123.35472106933616,9.508819580078182],[123.3537216186528,9.503319740295467],[123.35257720947311,9.497969627380428],[123.35050201416027,9.488719940185774],[123.34899139404308,9.485489845275822],[123.34754180908214,9.48307991027832],[123.34626007080078,9.480420112609977],[123.34523010253906,9.478910446167106],[123.34419250488327,9.477230072021484],[123.34374237060581,9.476619720458984],[123.34335327148472,9.476079940795842],[123.34229278564464,9.475069999694824],[123.34015655517578,9.472700119018555],[123.33802032470737,9.470660209655705],[123.33576202392578,9.469099998474121],[123.33299255371139,9.46753025054943],[123.331092834473,9.466739654541016],[123.32569885253918,9.465020179748592],[123.32512664794933,9.464839935302734],[123.3186492919923,9.462779998779524],[123.31778717041027,9.462490081787053],[123.31726837158203,9.462320327758789],[123.31659698486362,9.462200164794979],[123.31568908691418,9.462030410766715],[123.31376647949219,9.461930274963436],[123.31118774414108,9.46160984039318],[123.30120086669956,9.46039962768549]]]}},{"type":"Feature","properties":{"ID_0":177,"ISO":"PHL","NAME_0":"Philippines","ID_1":25,"NAME_1":"Cebu","ID_2":481,"NAME_2":"San Fernando","NL_NAME_2":null,"VARNAME_2":null,"TYPE_2":"Bayan|Munisipyo","ENGTYPE_2":"Municipality","PROVINCE":"Cebu","REGION":"Central Visayas (Region VII)"},"geometry":{"type":"Polygon","coordinates":[[[123.71996307373058,10.168410301208553],[123.7195968627932,10.168270111083984],[123.71952819824219,10.168279647827148],[123.7191772460942,10.168319702148438],[123.71875762939453,10.16829967498785],[123.71833801269565,10.168149948120174],[123.71827697753952,10.168120384216309],[123.7179107666019,10.167889595031738],[123.71750640869186,10.167550086975211],[123.71707916259811,10.167309761047363],[123.71669769287155,10.167289733886776],[123.71645355224632,10.166979789733944],[123.71610260009766,10.166700363159293],[123.7158203125,10.166560173034725],[123.71571350097656,10.166500091552678],[123.71543121337925,10.166339874267578],[123.71527099609375,10.16613960266119],[123.71523284912143,10.166090011596737],[123.7149429321289,10.165860176086653],[123.71456146240234,10.16569042205822],[123.71417999267578,10.165579795837516],[123.71383666992233,10.165519714355526],[123.71378326416038,10.165499687194938],[123.71357727050815,10.165399551391829],[123.71333312988315,10.165229797363395],[123.7130737304692,10.164979934692383],[123.71286010742188,10.164779663086165],[123.7128067016605,10.164730072021598],[123.71276092529331,10.164679527282715],[123.71243286132847,10.164369583129883],[123.71209716796875,10.164070129394645],[123.71177673339866,10.16380977630638],[123.71157073974621,10.163479804992676],[123.71145629882812,10.16310024261486],[123.71147155761753,10.162969589233398],[123.71151733398438,10.16265010833746],[123.71159362793014,10.162170410156364],[123.71153259277344,10.16170978546154],[123.71143341064453,10.161310195922852],[123.71141052246139,10.160929679870549],[123.71145629882812,10.160590171814022],[123.71150970458984,10.160470008850211],[123.71159362793014,10.16028022766119],[123.71160125732467,10.160010337829647],[123.71156311035168,10.159919738769474],[123.71145629882812,10.159760475158691],[123.7113265991211,10.159460067749137],[123.71109008789097,10.159150123596305],[123.71080017089855,10.158829689025879],[123.71048736572266,10.158550262451172],[123.71019744873047,10.158260345459098],[123.70993804931652,10.157959938049373],[123.70977020263695,10.157620429992676],[123.709716796875,10.157270431518612],[123.7096633911134,10.156940460205192],[123.70945739746105,10.156709671020451],[123.70894622802768,10.156519889831657],[123.70874023437545,10.156450271606502],[123.70852661132824,10.156310081481934],[123.70852661132824,10.156029701233138],[123.70860290527355,10.15569019317627],[123.70887756347702,10.155480384826717],[123.70897674560547,10.155369758606184],[123.70909118652355,10.155269622802734],[123.70942687988281,10.154999732971191],[123.70942687988281,10.15464973449707],[123.70937347412143,10.15429973602295],[123.70915985107422,10.153960227966422],[123.70894622802768,10.153679847717285],[123.70867156982422,10.153340339660758],[123.70867156982422,10.153129577636776],[123.70860290527355,10.152919769287223],[123.70845794677734,10.152850151062069],[123.7083206176759,10.152850151062069],[123.70803833007847,10.152919769287223],[123.70790100097656,10.15320014953636],[123.70768737792969,10.153409957885742],[123.70768737792969,10.154029846191406],[123.7076568603519,10.154210090637264],[123.70760345459018,10.154669761657772],[123.7074127197269,10.154979705810604],[123.70722198486362,10.155249595642147],[123.70700073242199,10.155449867248592],[123.70674133300781,10.155489921569881],[123.70646667480503,10.155360221862907],[123.70616149902344,10.155170440673885],[123.7058563232423,10.154879570007324],[123.70556640625034,10.154509544372672],[123.7052230834961,10.15419960021984],[123.7049026489259,10.153920173644963],[123.70462799072288,10.153679847717285],[123.70435333251999,10.153510093689192],[123.70401763916016,10.153349876403922],[123.703651428223,10.15320014953636],[123.70333099365234,10.152950286865178],[123.70300292968773,10.152640342712346],[123.70259857177746,10.15231990814209],[123.7021713256836,10.151980400085392],[123.70173645019543,10.151619911193904],[123.70142364501953,10.151189804077376],[123.70118713378929,10.150719642639217],[123.7010269165039,10.150239944457951],[123.70079040527378,10.149809837341309],[123.70066833496139,10.149680137634334],[123.70046997070312,10.14945030212408],[123.70012664794933,10.149109840393066],[123.69988250732422,10.148750305175838],[123.69967651367188,10.148360252380598],[123.6994400024414,10.148019790649471],[123.69917297363293,10.147640228271484],[123.69891357421875,10.147210121154785],[123.6986465454105,10.146759986877555],[123.69830322265636,10.146409988403263],[123.69795227050804,10.14612007141119],[123.69764709472668,10.145839691162223],[123.6973876953125,10.145540237426815],[123.69716644287143,10.1451997756958],[123.69699859619163,10.144840240478572],[123.69695281982422,10.144439697265739],[123.69695281982422,10.144049644470158],[123.69692993164097,10.143670082092399],[123.69687652587902,10.143289566040096],[123.6967163085942,10.142930030822868],[123.69657897949219,10.14253044128418],[123.69640350341831,10.142109870910588],[123.69624328613281,10.14171028137207],[123.69605255126953,10.14136028289795],[123.69583129882847,10.141110420227164],[123.69560241699219,10.140899658203125],[123.69554138183605,10.1408500671389],[123.69538879394577,10.140729904174862],[123.6951828002932,10.140620231628475],[123.69496917724621,10.140520095825195],[123.69474029541016,10.140310287475643],[123.6944580078125,10.139989852905387],[123.69416809082031,10.13955020904541],[123.69389343261719,10.139049530029297],[123.69361114501999,10.138569831848201],[123.6933364868164,10.13815975189209],[123.69307708740246,10.137820243835563],[123.69284820556686,10.137519836425838],[123.69270324707054,10.13718032836914],[123.69255065917969,10.136859893798885],[123.6924667358403,10.136509895324764],[123.69235229492222,10.136170387268123],[123.69219207763672,10.135840415954704],[123.69200134277344,10.13551044464117],[123.6913528442384,10.13494968414301],[123.69113922119186,10.134739875793514],[123.69113922119186,10.134539604187069],[123.69120788574253,10.134189605712947],[123.69120788574253,10.133640289306754],[123.69107055664097,10.133219718933162],[123.69046783447266,10.13185024261469],[123.69011688232456,10.131440162658748],[123.68977355957031,10.131070137023926],[123.68945312500011,10.130729675292912],[123.68920135498047,10.130410194396973],[123.68900299072266,10.130129814148006],[123.68887329101574,10.129989624023438],[123.68879699707054,10.129910469055176],[123.68860626220726,10.129719734191895],[123.68843841552734,10.129520416259766],[123.68834686279331,10.129269599914664],[123.68829345703136,10.128979682922363],[123.68818664550781,10.128950119018668],[123.68784332275413,10.128470420837402],[123.68734741210949,10.127980232238713],[123.68666076660156,10.127840042114315],[123.68637847900402,10.127639770507926],[123.6858901977539,10.127360343933049],[123.68554687500023,10.127079963684082],[123.68562316894543,10.126810073852539],[123.68617248535202,10.126950263977278],[123.68694305419967,10.127149581909237],[123.6876373291019,10.12722015380865],[123.68766021728516,10.12683010101324],[123.68760681152344,10.126680374145735],[123.6872329711914,10.126390457153263],[123.68675231933639,10.126529693603572],[123.68618774414074,10.126210212707576],[123.68604278564499,10.126179695129622],[123.68551635742188,10.126409530639705],[123.68521118164062,10.126689910888672],[123.68504333496105,10.12670993804943],[123.68460083007835,10.12660980224615],[123.68359375,10.126449584961165],[123.68316650390648,10.126500129699707],[123.68292999267624,10.126540184020996],[123.68253326416016,10.12674999237072],[123.68203735351608,10.127180099487362],[123.68215942382812,10.127949714660758],[123.68221282959007,10.128569602966422],[123.68199157714855,10.129480361938477],[123.68180084228527,10.129920005798454],[123.68138885498047,10.130339622497559],[123.68126678466842,10.130579948425407],[123.68063354492188,10.130929946899528],[123.67980957031284,10.13129997253418],[123.67870330810547,10.131569862365723],[123.67726898193405,10.131560325622615],[123.67590332031261,10.131819725036735],[123.67516326904342,10.132089614868278],[123.67414093017578,10.132439613342399],[123.6735076904298,10.133119583129883],[123.6735610961914,10.134519577026367],[123.67357635498047,10.135290145874023],[123.67328643798828,10.135860443115291],[123.6723022460942,10.136469841003532],[123.6713485717778,10.137089729309196],[123.67092132568405,10.137590408325309],[123.67076110839855,10.137999534606934],[123.67082977294922,10.138369560241756],[123.67096710205124,10.1387300491333],[123.67077636718795,10.139229774475154],[123.67027282714878,10.139949798584098],[123.66956329345703,10.140660285949764],[123.66928100585938,10.140959739685172],[123.66869354248081,10.141389846801815],[123.66757202148438,10.142379760742188],[123.66763305664062,10.142829895019588],[123.66768646240246,10.143250465393294],[123.66761779785179,10.143739700317326],[123.66010284423874,10.149290084839095],[123.6520462036134,10.154910087585506],[123.64270019531261,10.161069869995117],[123.64093780517578,10.162240028381348],[123.63675689697266,10.164930343628157],[123.61799621582031,10.175720214843864],[123.63102722167969,10.198209762573185],[123.63213348388706,10.199620246887434],[123.6368637084961,10.206219673156738],[123.64219665527344,10.214300155639705],[123.64447784423862,10.217459678650016],[123.64465332031295,10.217670440673828],[123.6466217041019,10.220270156860352],[123.64849090576172,10.22196006774925],[123.64968109130893,10.223469734191951],[123.65061950683605,10.225460052490234],[123.65184783935592,10.2269802093507],[123.65381622314487,10.2289400100708],[123.65544128417969,10.230939865112362],[123.65699768066452,10.23260974884056],[123.66348266601608,10.237750053405875],[123.681396484375,10.223819732666243],[123.70655059814453,10.20382022857666],[123.71465301513717,10.195249557495345],[123.72429656982422,10.184840202331543],[123.73105621337936,10.178339958190918],[123.73050689697266,10.178119659423771],[123.72926330566406,10.178050041198844],[123.72680664062545,10.176739692688045],[123.72653198242199,10.176460266113395],[123.72648620605503,10.176420211792106],[123.7255630493164,10.175559997558537],[123.72471618652355,10.174730300903377],[123.7241668701173,10.174320220947209],[123.72387695312534,10.174039840698242],[123.7232284545903,10.173150062561035],[123.72309875488293,10.17290019989025],[123.72293853759788,10.172599792480696],[123.72268676757812,10.172349929809513],[123.72238159179688,10.172169685363826],[123.72212982177734,10.171970367431754],[123.72190856933628,10.171770095825309],[123.72167205810558,10.171549797058162],[123.72139739990268,10.171270370483512],[123.72123718261719,10.171070098876896],[123.72112274169945,10.170920372009391],[123.72083282470726,10.170519828796387],[123.72057342529331,10.17008018493675],[123.72036743164108,10.16963005065918],[123.72035980224632,10.169580459594783],[123.72028350830078,10.169159889221191],[123.72019195556675,10.168729782104549],[123.71996307373058,10.168410301208553]]]}},{"type":"Feature","properties":{"ID_0":177,"ISO":"PHL","NAME_0":"Philippines","ID_1":25,"NAME_1":"Cebu","ID_2":483,"NAME_2":"San Remigio","NL_NAME_2":null,"VARNAME_2":null,"TYPE_2":"Bayan|Munisipyo","ENGTYPE_2":"Municipality","PROVINCE":"Cebu","REGION":"Central Visayas (Region VII)"},"geometry":{"type":"Polygon","coordinates":[[[123.94666290283226,11.091670036316032],[123.94695281982445,11.091389656066838],[123.94721984863315,11.091389656066838],[123.94750213623058,11.091110229492188],[123.94764709472656,11.091110229492188],[123.9477767944336,11.091110229492188],[123.94833374023438,11.090559959411678],[123.9486083984375,11.090559959411678],[123.95027923584018,11.088890075683821],[123.95027923584018,11.088609695434684],[123.95053863525436,11.088319778442383],[123.95146179199219,11.087439537048283],[123.95184326171875,11.086739540100098],[123.95301818847702,11.082799911499137],[123.95459747314499,11.072879791259766],[123.95565795898438,11.066309928894157],[123.95659637451172,11.05403041839611],[123.95847320556675,11.043459892272892],[123.95935058593773,11.036600112915039],[123.95997619628906,11.033220291137752],[123.96045684814499,11.03030967712408],[123.96096801757835,11.02262020111084],[123.96063232421875,11.017660140991211],[123.96045684814499,11.01420974731451],[123.96008300781261,11.008819580078239],[123.95890808105469,11.000249862670842],[123.95742797851574,10.99483966827404],[123.95545959472656,10.986989974975813],[123.95271301269531,10.97772026062023],[123.95346832275425,10.973970413208121],[123.95334625244163,10.970890045166016],[123.95372009277366,10.967069625854492],[123.95394134521484,10.962114334106502],[123.9539566040039,10.96162033081066],[123.9542694091798,10.9576997756958],[123.9548492431644,10.953450202942008],[123.95545959472656,10.949850082397575],[123.95588684082043,10.948679924011174],[123.95720672607467,10.943110466003532],[123.95825958251953,10.937629699707088],[123.95903778076183,10.93280029296875],[123.95889282226562,10.929140090942496],[123.95889282226562,10.925869941711426],[123.95883178710938,10.924039840698299],[123.9584884643557,10.923430442810059],[123.95855712890636,10.921640396118221],[123.95887756347679,10.918809890747298],[123.95939636230469,10.91582012176525],[123.96067047119152,10.912090301513672],[123.96188354492188,10.91007995605463],[123.9628829956057,10.908200263977278],[123.96308135986328,10.906200408935547],[123.96322631835938,10.904720306396541],[123.96283721923828,10.902700424194393],[123.96244049072266,10.899889945983887],[123.96190643310581,10.897459983825627],[123.96111297607422,10.895299911499137],[123.96015167236328,10.892600059509505],[123.95491027832031,10.892950057983455],[123.95124816894554,10.893110275268555],[123.94624328613281,10.893520355224723],[123.94026947021496,10.89395999908453],[123.93672943115268,10.894359588623047],[123.93071746826183,10.895070075988883],[123.92784118652389,10.895339965820426],[123.92494201660156,10.89612007141119],[123.92128753662143,10.897130012512434],[123.91706848144531,10.898679733276595],[123.91181182861374,10.900529861450309],[123.9110107421875,10.900469779968262],[123.9102783203125,10.90009975433361],[123.90972900390636,10.90011978149414],[123.907958984375,10.900239944458008],[123.90702819824219,10.900360107421875],[123.90644836425781,10.900520324707145],[123.90540313720737,10.901519775390625],[123.90498352050793,10.902279853821028],[123.90438842773449,10.902870178222656],[123.90325927734386,10.903019905090389],[123.90226745605469,10.903690338134709],[123.90223693847656,10.904330253601302],[123.90194702148483,10.904700279235783],[123.90144348144565,10.905099868774471],[123.90083312988281,10.906100273132438],[123.89990234375,10.907420158386344],[123.89940643310547,10.907500267028865],[123.89878082275425,10.90717983245844],[123.89803314209007,10.90672969818121],[123.89707183837913,10.906780242919922],[123.8962631225586,10.907730102539176],[123.89508819580124,10.90896034240734],[123.89502716064499,10.909250259399471],[123.89507293701195,10.909259796142578],[123.8949966430664,10.90939044952404],[123.89495086669933,10.909500122070256],[123.89488220214866,10.909810066223088],[123.89494323730469,10.910169601440543],[123.89482116699219,10.910650253295898],[123.89478302001976,10.911239624023438],[123.8949127197269,10.911879539489803],[123.89505004882824,10.912529945373649],[123.89530181884766,10.913029670715446],[123.89556884765625,10.913459777832145],[123.89585113525436,10.913860321044922],[123.89611053466831,10.914250373840332],[123.89633178710938,10.914629936218489],[123.89646911621094,10.91504001617443],[123.89656829833996,10.915439605712947],[123.89674377441452,10.915780067443961],[123.89694976806652,10.916090011596793],[123.89714813232433,10.916319847107047],[123.89718627929733,10.916350364685002],[123.89742279052734,10.91662979125988],[123.89762878418003,10.916959762573242],[123.89781188964855,10.917340278625545],[123.89800262451183,10.917690277099666],[123.89808654785202,10.918029785156364],[123.89824676513672,10.918279647827148],[123.89833068847702,10.918499946594466],[123.89835357666016,10.918549537658691],[123.89837646484375,10.918729782104549],[123.8984832763673,10.91895961761486],[123.8984832763673,10.919309616088924],[123.89837646484375,10.919489860534611],[123.89833831787143,10.919750213623047],[123.89833068847702,10.920009613037166],[123.89833068847702,10.920069694518986],[123.89833068847702,10.920419692993107],[123.89833068847702,10.920769691467228],[123.89833068847702,10.921139717102108],[123.89833831787143,10.921580314636174],[123.89895629882824,10.922010421753043],[123.89965820312545,10.92284011840826],[123.90007781982422,10.92339038848877],[123.90022277832054,10.924150466919173],[123.90026092529297,10.924539566040096],[123.90028381347656,10.924699783325252],[123.90068054199253,10.926320075988997],[123.90107727050804,10.926609992980957],[123.9014892578125,10.926799774169922],[123.90183258056675,10.926969528198356],[123.90225982666016,10.926989555358887],[123.90274047851562,10.926989555358887],[123.90318298339866,10.927129745483455],[123.9035568237307,10.92737007141119],[123.90387725830112,10.927650451660156],[123.90409851074219,10.9279203414917],[123.90408325195312,10.92798042297369],[123.90411376953159,10.928150177001953],[123.90403747558616,10.928279876708928],[123.9039916992192,10.928359985351676],[123.90374755859398,10.928560256958065],[123.90341949462936,10.928730010986328],[123.90309143066452,10.928930282592773],[123.90281677246094,10.929140090942496],[123.90260314941429,10.92936992645275],[123.90238189697266,10.929619789123535],[123.90215301513706,10.92992019653343],[123.90189361572311,10.930299758911246],[123.90162658691418,10.930749893188477],[123.90151214599655,10.931180000305119],[123.90151214599655,10.931639671325684],[123.90162658691418,10.932120323181266],[123.90181732177746,10.932640075683594],[123.90212249755871,10.933159828186149],[123.9025268554692,10.933589935302848],[123.90294647216797,10.93393993377697],[123.90328979492233,10.93428993225109],[123.90351867675781,10.934650421142578],[123.90367126464889,10.935009956359863],[123.90386962890659,10.935290336609],[123.90403747558616,10.935560226440543],[123.90421295166027,10.935850143432674],[123.90444183349643,10.936109542846793],[123.90471649169922,10.936380386352596],[123.90503692626953,10.936650276184196],[123.90547943115234,10.936889648437557],[123.90603637695335,10.937060356140137],[123.90666961669967,10.937219619750977],[123.90693664550781,10.937219619750977],[123.90698242187534,10.937170028686523],[123.90724182128952,10.93677997589117],[123.90750122070347,10.93638992309576],[123.90778350830078,10.936109542846793],[123.90825653076206,10.934789657592887],[123.90868377685558,10.934240341186467],[123.90902709960972,10.9339599609375],[123.90927886962913,10.933739662170353],[123.90969848632812,10.933670043945426],[123.90997314453159,10.933670043945426],[123.91039276123047,10.933879852294922],[123.91046142578125,10.933879852294922],[123.91053009033249,10.934160232543888],[123.91059875488315,10.934499740600586],[123.91066741943405,10.934989929199276],[123.91055297851597,10.935370445251579],[123.91081237792991,10.93677997589117],[123.910926818848,10.93694019317627],[123.91098785400425,10.937020301818848],[123.9110336303711,10.937040328979549],[123.91120910644531,10.937100410461426],[123.91165161132824,10.937199592590389],[123.912353515625,10.937199592590389],[123.91269683837925,10.93727016448986],[123.9127426147461,10.937310218811092],[123.91304016113281,10.93760967254633],[123.91319274902366,10.93782043457037],[123.91332244873047,10.938030242919922],[123.91332244873047,10.938579559326115],[123.91325378417969,10.938859939575252],[123.91282653808639,10.939339637756348],[123.91269683837925,10.93982028961193],[123.91269683837925,10.940649986267147],[123.91282653808639,10.941280364990234],[123.91287231445312,10.941559791564885],[123.91290283203148,10.9417600631715],[123.91304016113281,10.94231033325218],[123.91319274902366,10.942870140075684],[123.91320037841842,10.942999839782829],[123.91325378417969,10.943490028381348],[123.91332244873047,10.943969726562614],[123.91401672363281,10.945289611816463],[123.91409301757812,10.945489883422908],[123.9145736694336,10.946370124816951],[123.9147720336914,10.946310043334961],[123.91497802734386,10.946260452270565],[123.915321350098,10.946189880371094],[123.91574096679699,10.946189880371094],[123.91602325439464,10.94633007049572],[123.91622924804699,10.946680068969783],[123.91651153564487,10.94701957702631],[123.91678619384777,10.947429656982422],[123.91726684570324,10.947710037231445],[123.91755676269543,10.947919845581112],[123.91776275634777,10.947970390319824],[123.91783142089844,10.947990417480582],[123.91831970214855,10.948129653930664],[123.91902160644531,10.948399543762207],[123.91929626464866,10.948539733886776],[123.91944122314499,10.948539733886776],[123.91972351074219,10.948679924011174],[123.92034149169945,10.948820114135799],[123.92054748535156,10.948889732360897],[123.92096710205124,10.94950962066656],[123.92118072509777,10.950059890747127],[123.92124938964844,10.950409889221191],[123.92124938964844,10.951009750366325],[123.92124938964844,10.951789855957145],[123.92130279541038,10.952099800109977],[123.92131805419922,10.952269554138184],[123.92131805419922,10.953100204467887],[123.9211120605471,10.953590393066406],[123.92089843750034,10.954000473022688],[123.92077636718795,10.95446968078636],[123.92076110839844,10.954560279846191],[123.92054748535156,10.955109596252385],[123.92044067382835,10.955300331115666],[123.92037963867188,10.95541000366211],[123.9202880859375,10.955599784851074],[123.92008972168003,10.955889701843375],[123.91985321044933,10.956279754638786],[123.91977691650413,10.956839561462402],[123.91977691650413,10.957180023193416],[123.91977691650413,10.958080291748047],[123.91985321044933,10.958559989929313],[123.91985321044933,10.958880424499739],[123.9197692871096,10.959099769592399],[123.91959381103516,10.959269523620833],[123.91929626464866,10.959420204162654],[123.91900634765648,10.959630012512207],[123.91902923583984,10.960249900817871],[123.91902923583984,10.962114334106502],[123.91902923583984,10.962260246276855],[123.91924285888672,10.963159561157227],[123.91951751709018,10.96378040313715],[123.9197998046875,10.964130401611442],[123.92021942138683,10.964469909667969],[123.92054748535156,10.96471977233898],[123.92054748535156,10.965000152587947],[123.92028045654331,10.965279579162598],[123.92028045654331,10.965829849243164],[123.92054748535156,10.966110229492301],[123.92054748535156,10.966389656066951],[123.92138671875011,10.967220306396484],[123.921669006348,10.967220306396484],[123.9219436645509,10.967499732971135],[123.92223358154331,10.967499732971135],[123.92230987548874,10.96730995178234],[123.92314910888672,10.967439651489485],[123.92414855957065,10.968050003051871],[123.9244003295903,10.968199729919547],[123.9246826171875,10.968480110168514],[123.92530822753929,10.969380378723145],[123.9255828857423,10.970069885254134],[123.92565917968761,10.970479965209904],[123.92594146728527,10.97173976898199],[123.92600250244175,10.972009658813533],[123.92607879638672,10.97327041625988],[123.92632293701183,10.973690032958928],[123.92658233642578,10.974080085754338],[123.92688751220749,10.974399566650504],[123.92716979980469,10.974659919738713],[123.9274520874028,10.974920272827148],[123.92780303955078,10.975239753723088],[123.92820739746094,10.975580215454102],[123.92862701416027,10.975850105285645],[123.92906951904297,10.97603988647461],[123.929481506348,10.976209640502873],[123.92961120605514,10.976289749145621],[123.92978668212913,10.976409912109489],[123.92989349365234,10.976659774780273],[123.92978668212913,10.976949691772575],[123.92949676513695,10.977279663085938],[123.92903137207077,10.977560043334961],[123.92893218994163,10.977609634399528],[123.92891693115268,10.977669715881348],[123.92862701416027,10.978750228881836],[123.92857360839844,10.979649543762207],[123.92835998535179,10.98027038574213],[123.92820739746094,10.980819702148551],[123.92813873291027,10.981019973754996],[123.92807769775436,10.981169700622672],[123.92723846435547,10.982139587402457],[123.92723083496094,10.982729911804427],[123.92739868164085,10.983369827270451],[123.92759704589866,10.983690261840934],[123.92764282226608,10.983750343322754],[123.92774200439453,10.983889579773006],[123.92820739746094,10.98425006866455],[123.92861938476574,10.984560012817383],[123.92893981933594,10.984900474548397],[123.92917633056686,10.985280036926326],[123.9293899536134,10.985659599304313],[123.92960357666061,10.985980033874569],[123.9297485351567,10.98622989654541],[123.92980957031284,10.986450195312557],[123.92974090576217,10.986689567565918],[123.92977142333996,10.986960411071777],[123.92989349365234,10.987930297851562],[123.92978668212913,10.988409996032829],[123.92978668212913,10.989239692688045],[123.92993927001999,10.99020957946783],[123.93007659912132,10.990349769592399],[123.93049621582031,10.990489959716797],[123.9310531616211,10.99075984954834],[123.9315414428711,10.991040229797477],[123.93189239501999,10.991319656372184],[123.93244934082043,10.991869926452694],[123.93248748779331,10.991909980773983],[123.93271636962902,10.99221038818365],[123.93356323242233,10.992489814758358],[123.93370056152366,10.993459701538143],[123.933631896973,10.993670463562125],[123.93286895751987,10.993670463562125],[123.93258666992188,10.99374008178711],[123.93242645263683,10.99376010894781],[123.93202972412155,10.9938001632691],[123.93179321289085,10.993960380554256],[123.93161010742188,10.994079589843807],[123.93139648437534,10.99429035186779],[123.9311218261721,10.99429035186779],[123.93070220947311,10.994500160217513],[123.93015289306652,10.994770050049055],[123.93000793457065,10.995050430297852],[123.93000793457065,10.99538993835472],[123.93020629882812,10.995880126953239],[123.93035125732433,10.996150016784782],[123.93035125732433,10.996500015258903],[123.93015289306652,10.996979713440169],[123.93007659912132,10.99719047546381],[123.93007659912132,10.997540473937931],[123.93028259277344,10.997879981994629],[123.93042755126964,10.998160362243596],[123.93042755126964,10.998539924621582],[123.93015289306652,10.998990058899153],[123.92987060546909,10.999259948730526],[123.92968750000023,10.999409675598258],[123.9295425415039,10.99962043762207],[123.929443359375,11],[123.929443359375,11.000559806823674],[123.92916870117233,11.000829696655273],[123.92916870117233,11.001669883728027],[123.92888641357422,11.001939773559627],[123.92888641357422,11.002960205078068],[123.92888641357422,11.003060340881404],[123.92861175537121,11.003330230712947],[123.92861175537121,11.003890037536564],[123.92833709716831,11.004170417785758],[123.92833709716831,11.006389617919979],[123.92861175537121,11.006669998168945],[123.92861175537121,11.006939888000488],[123.92888641357422,11.007220268249455],[123.92916870117233,11.006939888000488],[123.92973327636719,11.006939888000488],[123.93055725097702,11.00778007507347],[123.93103790283203,11.00778007507347],[123.93110656738293,11.00778007507347],[123.93138885498081,11.008060455322266],[123.93222045898483,11.008060455322266],[123.93305206298862,11.008890151977653],[123.93305206298862,11.00971984863287],[123.9333267211914,11.010000228881836],[123.93305206298862,11.010279655456486],[123.93305206298862,11.01056003570568],[123.93302154541027,11.010589599609318],[123.93250274658203,11.01111030578619],[123.93222045898483,11.01111030578619],[123.9319534301759,11.010829925537223],[123.93166351318371,11.010829925537223],[123.93055725097702,11.00971984863287],[123.9302673339846,11.00971984863287],[123.93012237548874,11.009570121765137],[123.93000030517612,11.009440422058162],[123.93000030517612,11.009169578552303],[123.92973327636719,11.009169578552303],[123.9290008544923,11.008790016174373],[123.92894744873047,11.008760452270508],[123.92825317382824,11.008279800415096],[123.92783355712936,11.008489608764648],[123.9273681640625,11.00907039642334],[123.92666625976562,11.008890151977653],[123.92666625976562,11.00778007507347],[123.92610931396484,11.007220268249455],[123.92610931396484,11.007180213928166],[123.92610931396484,11.006669998168945],[123.92582702636719,11.006389617919979],[123.92582702636719,11.005559921264762],[123.92555236816452,11.005279541015625],[123.92545318603516,11.004870414733944],[123.92523956298862,11.004420280456543],[123.92487335205078,11.003999710083008],[123.92449188232422,11.00352954864502],[123.92415618896507,11.003029823303223],[123.92382049560547,11.002570152282715],[123.92343139648438,11.00220966339117],[123.92294311523472,11.001910209655762],[123.92231750488293,11.00195026397705],[123.92178344726608,11.002189636230412],[123.92170715332031,11.002229690551871],[123.9212417602539,11.002590179443587],[123.9208374023442,11.002969741821403],[123.92041778564464,11.003319740295524],[123.92008972168003,11.003740310669059],[123.92003631591808,11.003800392150879],[123.91964721679699,11.004220008850154],[123.91927337646496,11.00454044342041],[123.91898345947277,11.0047998428347],[123.91871643066418,11.005049705505371],[123.91848754882858,11.005299568176326],[123.91819763183594,11.005559921264762],[123.91780853271484,11.005840301513729],[123.91737365722668,11.006139755249137],[123.91731262207031,11.00619029998802],[123.91697692871105,11.006489753723258],[123.91665649414097,11.00685977935791],[123.91631317138683,11.007209777832031],[123.91593170166027,11.007550239563045],[123.91558074951195,11.007949829101562],[123.91526794433605,11.008419990539494],[123.91496276855469,11.008850097656364],[123.91468048095749,11.009209632873592],[123.91443634033226,11.009519577026424],[123.91423034668003,11.00977993011486],[123.91404724121116,11.010020256042537],[123.91396331787155,11.010210037231559],[123.91393280029308,11.01029014587408],[123.91384887695347,11.010660171508789],[123.91367340087913,11.011019706726188],[123.91338348388695,11.011380195617903],[123.91307830810581,11.011859893798828],[123.9127883911134,11.012379646301383],[123.9125137329105,11.012860298156738],[123.91221618652355,11.01327037811285],[123.91192626953136,11.013629913330135],[123.91162109375045,11.013970375061092],[123.91158294677734,11.014039993286246],[123.91153717041016,11.014100074768066],[123.91133880615234,11.014389991760368],[123.9110031127932,11.014840126037598],[123.91059875488315,11.015319824218864],[123.91024780273438,11.01587963104248],[123.90992736816418,11.016460418701172],[123.90968322753906,11.017049789428711],[123.9093475341798,11.017589569091797],[123.9089813232423,11.018079757690657],[123.90860748291027,11.018589973449707],[123.90815734863281,11.019069671630803],[123.9076766967778,11.019550323486385],[123.90721893310547,11.020000457763786],[123.90721893310547,11.020090103149641],[123.90721893310547,11.020279884338436],[123.90416717529297,11.02332973480236],[123.90416717529297,11.023889541626033],[123.90334320068371,11.02472019195551],[123.90334320068371,11.024999618530387],[123.90249633789074,11.025830268859863],[123.90248870849621,11.026423454284725],[123.90222167968773,11.026670455932845],[123.90222167968773,11.027219772338924],[123.90194702148483,11.02750015258789],[123.90194702148483,11.029159545898438],[123.90139007568393,11.031669616699446],[123.90110778808594,11.031940460205135],[123.90110778808594,11.032810211181584],[123.90110778808594,11.033889770507812],[123.90139007568393,11.03417015075695],[123.90139007568393,11.034440040588493],[123.90165710449241,11.03472042083746],[123.90165710449241,11.034999847412166],[123.90277862548862,11.03610992431652],[123.90305328369152,11.03610992431652],[123.90361022949264,11.036669731140137],[123.90389251708984,11.036669731140137],[123.90471649169922,11.03750038146984],[123.90499877929733,11.03750038146984],[123.90556335449241,11.038060188293514],[123.90583038330112,11.038060188293514],[123.90611267089855,11.038330078125057],[123.90638732910156,11.038330078125057],[123.90833282470726,11.040280342101994],[123.90833282470726,11.040559768676871],[123.90888977050815,11.041110038757381],[123.90888977050815,11.041669845581055],[123.90915679931652,11.041939735412598],[123.90915679931652,11.042220115661564],[123.90972137451217,11.042779922485579],[123.90972137451217,11.043060302734375],[123.91000366210938,11.043330192565918],[123.91000366210938,11.043609619140625],[123.91278076171886,11.04638957977295],[123.91278076171886,11.046669960021916],[123.91416931152378,11.048060417175293],[123.91443634033226,11.048060417175293],[123.91500091552757,11.048609733581486],[123.91583251953136,11.048609733581486],[123.91610717773438,11.048890113830623],[123.91638946533249,11.048890113830623],[123.91665649414097,11.0491695404055],[123.91693878173828,11.0491695404055],[123.9188919067384,11.05111026763916],[123.9188919067384,11.051389694213867],[123.91944122314499,11.051939964294547],[123.91944122314499,11.052499771118221],[123.91972351074219,11.052780151367188],[123.92028045654331,11.052780151367188],[123.92028045654331,11.053330421447697],[123.92082977294967,11.053890228271712],[123.9211120605471,11.053890228271712],[123.92223358154331,11.055000305175895],[123.92223358154331,11.055279731750545],[123.92333221435581,11.056389808654728],[123.9238891601567,11.055830001831112],[123.92415618896507,11.055830001831112],[123.92445373535202,11.056110382080078],[123.9247207641605,11.056110382080078],[123.92500305175793,11.056389808654728],[123.92500305175793,11.056670188903922],[123.92527770996105,11.056949615478743],[123.92527770996105,11.057220458984432],[123.92555236816452,11.057499885559082],[123.92555236816452,11.057780265808049],[123.92666625976562,11.058890342712402],[123.92749786376976,11.058890342712402],[123.92861175537121,11.060000419616756],[123.92861175537121,11.060279846191634],[123.92890930175815,11.060569763183537],[123.92916107177734,11.060830116271973],[123.929443359375,11.06110954284668],[123.92974090576217,11.061429977417106],[123.93003845214844,11.061820030212516],[123.9301681518557,11.06194972991949],[123.9303970336914,11.062179565429744],[123.93079376220703,11.062490463256836],[123.93112945556686,11.062809944152832],[123.93150329589866,11.063079833984375],[123.93179321289085,11.063389778137207],[123.9320068359375,11.063739776611328],[123.93229675293003,11.06398963928234],[123.9325180053711,11.064279556274414],[123.93270874023438,11.064530372619686],[123.93283081054699,11.064800262451286],[123.93303680419967,11.065019607543945],[123.93315887451172,11.065329551696777],[123.9333267211914,11.06558036804222],[123.93343353271518,11.065899848937988],[123.93359375000011,11.06618976593029],[123.9337387084961,11.066519737243652],[123.93386840820347,11.066869735717773],[123.93396759033214,11.067270278930778],[123.9341735839846,11.067779541015739],[123.9341735839846,11.068059921264876],[123.93444824218784,11.068329811096248],[123.93444824218784,11.068889617919922],[123.93499755859375,11.069439888000602],[123.93499755859375,11.069720268249569],[123.93527984619186,11.069999694824276],[123.93527984619186,11.07056045532238],[123.935546875,11.070830345153752],[123.935546875,11.071390151977766],[123.93583679199219,11.071669578552246],[123.93583679199219,11.072219848632812],[123.93611145019565,11.07250022888195],[123.93611145019565,11.07444000244152],[123.935546875,11.074999809265137],[123.935546875,11.07610988616949],[123.93527984619186,11.076390266418457],[123.935546875,11.076669692993164],[123.935546875,11.077219963073674],[123.93472290039074,11.078060150146484],[123.93472290039074,11.078610420226994],[123.93444824218784,11.078889846801871],[123.93444824218784,11.079449653625545],[123.9341735839846,11.079719543457088],[123.9341735839846,11.079999923706055],[123.93389129638695,11.080280303955192],[123.93389129638695,11.080559730529899],[123.93444824218784,11.081110000610408],[123.93444824218784,11.081939697265625],[123.9347534179692,11.08222961425787],[123.93472290039074,11.082309722900618],[123.93472290039074,11.082779884338379],[123.93448638916016,11.08300971984869],[123.93444824218784,11.083060264587402],[123.93444824218784,11.083160400390682],[123.93444824218784,11.083330154418945],[123.93438720703159,11.08362007141119],[123.93435668945324,11.083680152893066],[123.93421936035156,11.083999633789176],[123.93411254882812,11.08440017700201],[123.93390655517578,11.084779739379996],[123.93374633789108,11.085140228271484],[123.93361663818405,11.085519790649471],[123.93360900878952,11.085829734802303],[123.9333267211914,11.08611011505127],[123.9333267211914,11.086409568786678],[123.9333267211914,11.087220191955623],[123.93315124511719,11.08740043640131],[123.93305206298862,11.08749961853033],[123.93305206298862,11.087789535522404],[123.93305206298862,11.088330268859806],[123.93277740478516,11.08860015869135],[123.93250274658203,11.088890075683821],[123.93250274658203,11.089119911193904],[123.93250274658203,11.090000152588004],[123.93199920654297,11.09049987792963],[123.9319534301759,11.090559959411678],[123.9319534301759,11.090829849243221],[123.93166351318371,11.091110229492188],[123.93166351318371,11.092220306396541],[123.9319534301759,11.092499732971191],[123.9319534301759,11.092780113220158],[123.93212127685547,11.092949867248592],[123.93222045898483,11.093059539795036],[123.93222045898483,11.093609809875545],[123.93218231201172,11.093649864196834],[123.9319534301759,11.093890190124512],[123.9319534301759,11.094719886779728],[123.9319763183596,11.094759941101188],[123.93215942382847,11.094940185546875],[123.93222045898483,11.095000267028865],[123.93222045898483,11.095149993896598],[123.93222045898483,11.095279693603743],[123.93250274658203,11.095560073852539],[123.93222045898483,11.095829963684082],[123.93222045898483,11.096110343933049],[123.93250274658203,11.096389770507926],[123.93222045898483,11.096670150757063],[123.93222045898483,11.098329544067496],[123.93250274658203,11.098609924316463],[123.93250274658203,11.09889030456543],[123.93222045898483,11.09916973114008],[123.93222045898483,11.099720001220817],[123.93213653564453,11.099800109863395],[123.9319534301759,11.100000381469954],[123.93215179443393,11.100210189819336],[123.93250274658203,11.100560188293457],[123.93222045898483,11.100830078125],[123.93222045898483,11.101389884948787],[123.93277740478516,11.101940155029354],[123.93277740478516,11.10389041900629],[123.93261718750011,11.104040145874023],[123.93250274658203,11.104169845581168],[123.93266296386764,11.104319572448674],[123.93277740478516,11.104439735412711],[123.93277740478516,11.104999542236385],[123.93305206298862,11.105279922485352],[123.93305206298862,11.105560302734489],[123.93360900878952,11.106109619140739],[123.93360900878952,11.106670379638672],[123.93377685546886,11.106829643249512],[123.93389129638695,11.106940269470215],[123.9342269897461,11.107290267944336],[123.93472290039074,11.107780456543196],[123.93694305419945,11.107780456543196],[123.93750000000034,11.107219696044922],[123.93750000000034,11.10696983337425],[123.93753051757812,11.106920242309684],[123.93833160400436,11.106109619140739],[123.93833160400436,11.105560302734489],[123.93860626220703,11.105279922485352],[123.93860626220703,11.104439735412711],[123.93916320800815,11.10389041900629],[123.93916320800815,11.103610038757324],[123.94055175781284,11.102219581604004],[123.94055175781284,11.101940155029354],[123.94082641601574,11.10167026519781],[123.94082641601574,11.101110458374137],[123.9411087036134,11.100830078125],[123.9411087036134,11.100560188293457],[123.94139099121105,11.100279808044434],[123.94139099121105,11.100000381469954],[123.94194793701217,11.09943962097168],[123.94194793701217,11.09916973114008],[123.94222259521484,11.09889030456543],[123.94222259521484,11.098059654235954],[123.94277954101597,11.09749984741211],[123.94249725341797,11.097220420837402],[123.94373321533237,11.095990180969238],[123.94583129882847,11.093890190124512],[123.94583129882847,11.093609809875545],[123.94611358642578,11.093330383300895],[123.94611358642578,11.093059539795036],[123.94638824462936,11.092780113220158],[123.94638824462936,11.09253978729248],[123.94638824462936,11.092499732971191],[123.94666290283226,11.092220306396541],[123.94666290283226,11.091670036316032]]]}},{"type":"Feature","properties":{"ID_0":177,"ISO":"PHL","NAME_0":"Philippines","ID_1":25,"NAME_1":"Cebu","ID_2":485,"NAME_2":"Santander","NL_NAME_2":null,"VARNAME_2":null,"TYPE_2":"Bayan|Munisipyo","ENGTYPE_2":"Municipality","PROVINCE":"Cebu","REGION":"Central Visayas (Region VII)"},"geometry":{"type":"Polygon","coordinates":[[[123.34272003173874,9.417030334472656],[123.34224700927734,9.416769981384391],[123.34208679199264,9.416660308838004],[123.34184265136741,9.416489601135254],[123.34142303466797,9.416299819946289],[123.34105682373058,9.416060447692871],[123.34068298339878,9.4158296585083],[123.34058380126964,9.41576957702648],[123.34024047851608,9.415610313415641],[123.33968353271518,9.415510177612362],[123.33908843994186,9.415329933166504],[123.33844757080078,9.415229797363395],[123.33791351318371,9.414999961853084],[123.33740234375,9.414750099182129],[123.33690643310547,9.414549827575684],[123.3364486694336,9.414460182190169],[123.3360290527346,9.414440155029297],[123.33567047119175,9.41442012786871],[123.33538055419922,9.414250373840275],[123.33508300781295,9.414019584655705],[123.33458709716831,9.41388988494873],[123.33405303955078,9.413760185241756],[123.33352661132824,9.413599967956657],[123.33307647705101,9.41339969635004],[123.3326797485355,9.413169860839957],[123.33228302001964,9.4129896163941],[123.33187866210938,9.412719726562727],[123.33141326904342,9.412329673767147],[123.33084106445358,9.412289619445858],[123.3302230834961,9.412429809570256],[123.32959747314453,9.412440299987907],[123.32906341552757,9.412249565124625],[123.3285598754884,9.412130355835075],[123.32800292968761,9.41232013702404],[123.32742309570324,9.412449836731184],[123.32684326171886,9.412420272827148],[123.32626342773483,9.412529945373592],[123.32565307617188,9.412690162658691],[123.32502746582031,9.412810325622559],[123.32443237304688,9.412790298461971],[123.32385253906284,9.412779808044377],[123.32327270507847,9.412810325622559],[123.3226928710942,9.41294956207281],[123.32215118408203,9.41316032409668],[123.32158660888672,9.41331958770752],[123.32103729248081,9.413390159606934],[123.32055664062511,9.413570404052962],[123.32012939453125,9.413649559021223],[123.31976318359375,9.413820266723633],[123.31935119628906,9.41392993927002],[123.31893920898472,9.414110183715877],[123.31846618652355,9.414290428161735],[123.31793212890659,9.414469718933105],[123.3173828125,9.414679527282658],[123.31675720214855,9.414779663085938],[123.31617736816418,9.414999961853084],[123.31604766845703,9.415040016174373],[123.31562805175827,9.415180206298771],[123.31510925292969,9.415340423584098],[123.31458282470703,9.415390014648665],[123.31394958496094,9.41537952423107],[123.3134002685548,9.415610313415641],[123.31288146972656,9.4158296585083],[123.31234741210949,9.415989875793457],[123.31183624267612,9.416130065918026],[123.311317443848,9.416279792785701],[123.31079864501953,9.41637992858881],[123.31025695800793,9.4164199829101],[123.30972290039108,9.416430473327694],[123.30922698974632,9.416560173034668],[123.30879211425781,9.416769981384391],[123.30832672119186,9.416919708251953],[123.30783081054722,9.416950225830078],[123.30732727050804,9.416950225830078],[123.30682373046886,9.416939735412825],[123.30629730224643,9.416950225830078],[123.3057632446289,9.416950225830078],[123.30520629882847,9.416939735412825],[123.30464935302757,9.416890144348258],[123.30415344238293,9.4167098999024],[123.30361175537155,9.416669845581282],[123.30307006835938,9.416629791259993],[123.30255126953148,9.416469573974723],[123.3020477294923,9.416440010070858],[123.30158233642612,9.416649818420353],[123.30110931396496,9.416979789734114],[123.3007278442384,9.417480468750227],[123.30069732666061,9.417510032653922],[123.30030059814453,9.41814041137701],[123.30005645751987,9.418840408325252],[123.30008697509766,9.419549942016602],[123.30008697509766,9.420220375061149],[123.30001831054688,9.42088985443138],[123.30000305175815,9.42162990570074],[123.30000305175815,9.422389984130973],[123.30000305175815,9.423150062561035],[123.30000305175815,9.42389011383051],[123.30004119873047,9.424599647522086],[123.3002395629884,9.425230026245174],[123.3003387451173,9.425860404968262],[123.30053710937511,9.426389694213924],[123.30059051513672,9.426639556884709],[123.30063629150425,9.426910400390568],[123.30069732666061,9.427370071411133],[123.30063629150425,9.427760124206486],[123.30046844482422,9.428070068359318],[123.30032348632858,9.428370475769043],[123.30030822753906,9.428440093994197],[123.30029296875,9.428720474243164],[123.30030822753906,9.429129600525016],[123.30024719238315,9.429599761963118],[123.30014038085949,9.430089950561637],[123.30019378662143,9.430669784546012],[123.30027008056663,9.431269645690975],[123.3003387451173,9.431870460510368],[123.30045318603538,9.43245983123785],[123.30053710937511,9.433050155639705],[123.30059814453125,9.43362998962408],[123.3006515502932,9.43379020690918],[123.30077362060581,9.4341402053833],[123.30085754394531,9.43472957611084],[123.30100250244152,9.435319900512809],[123.30113220214889,9.435950279235897],[123.30133819580112,9.436579704284668],[123.30142974853516,9.437239646911621],[123.30162811279297,9.437820434570312],[123.30168914794933,9.438400268554688],[123.30182647705078,9.438890457153548],[123.30194854736328,9.439350128173885],[123.30209350585983,9.439789772033691],[123.30220031738281,9.44025993347168],[123.30222320556686,9.440799713134766],[123.30226135253918,9.441349983215275],[123.30245208740246,9.44186973571783],[123.30249786376953,9.442399978637809],[123.30249786376953,9.442950248718319],[123.30249786376953,9.443429946899414],[123.30249786376953,9.443499565124739],[123.3025131225586,9.444049835205078],[123.30254364013706,9.444609642028922],[123.30267333984409,9.445150375366325],[123.30271911621105,9.445710182189998],[123.30254364013706,9.446249961853084],[123.30249786376953,9.44682979583763],[123.30249786376953,9.447400093078727],[123.3025131225586,9.447910308838118],[123.30256652832031,9.448390007019043],[123.30256652832031,9.448900222778263],[123.3025131225586,9.449480056762638],[123.30249786376953,9.450139999389592],[123.30246734619186,9.450830459594727],[123.30230712890625,9.451539993286246],[123.30201721191406,9.452239990234489],[123.30190277099655,9.452939987182674],[123.30172729492222,9.453519821167106],[123.30162811279297,9.453989982605208],[123.30171966552768,9.454509735107422],[123.30164337158203,9.455069541931266],[123.30143737792969,9.455699920654354],[123.30140686035179,9.456310272216854],[123.30140686035179,9.45674991607666],[123.30126953125045,9.45707988739025],[123.30111694335949,9.457400321960506],[123.30094146728561,9.457679748535156],[123.30082702636753,9.457989692687988],[123.30092620849621,9.458450317382812],[123.30095672607456,9.458869934082259],[123.30084991455078,9.45923995971674],[123.30077362060581,9.459719657898006],[123.30059051513672,9.460249900817985],[123.30058288574253,9.46033954620367],[123.30120086669956,9.46039962768549],[123.31118774414108,9.46160984039318],[123.31376647949219,9.461930274963436],[123.31568908691418,9.462030410766715],[123.31659698486362,9.462200164794979],[123.31726837158203,9.462320327758789],[123.31778717041027,9.462490081787053],[123.3186492919923,9.462779998779524],[123.32512664794933,9.464839935302734],[123.32569885253918,9.465020179748592],[123.331092834473,9.466739654541016],[123.33299255371139,9.46753025054943],[123.33576202392578,9.469099998474121],[123.33802032470737,9.470660209655705],[123.34015655517578,9.472700119018555],[123.34229278564464,9.475069999694824],[123.34335327148472,9.476079940795842],[123.34374237060581,9.476619720458984],[123.34419250488327,9.477230072021484],[123.34523010253906,9.478910446167106],[123.34626007080078,9.480420112609977],[123.34754180908214,9.48307991027832],[123.34899139404308,9.485489845275822],[123.35050201416027,9.488719940185774],[123.35070037841808,9.485079765320052],[123.35164642333996,9.456469535827864],[123.35205841064499,9.446680068969727],[123.35167694091842,9.43389034271246],[123.35236358642578,9.423509597778434],[123.35196685791016,9.423350334167594],[123.35157775878929,9.423130035400447],[123.35119628906273,9.422860145568904],[123.3508529663086,9.422579765319938],[123.35051727294933,9.422309875488395],[123.35016632080112,9.42212009429943],[123.34985351562523,9.421910285949707],[123.34953308105514,9.421660423279036],[123.34913635253906,9.421389579773006],[123.34867858886719,9.421110153198356],[123.3481674194336,9.420800209045524],[123.34767913818405,9.420450210571403],[123.34721374511719,9.420100212097282],[123.34671783447311,9.41979026794445],[123.34620666503918,9.419520378112907],[123.34584808349632,9.419119834899902],[123.34552764892624,9.418720245361555],[123.34519195556686,9.418390274047795],[123.34478759765636,9.418120384216252],[123.34430694580112,9.41784954071045],[123.34375000000023,9.417619705200138],[123.34365844726585,9.41757965087885],[123.34336090087925,9.417420387268066],[123.34320831298828,9.417349815368596],[123.34272003173874,9.417030334472656]]]}},{"type":"Feature","properties":{"ID_0":177,"ISO":"PHL","NAME_0":"Philippines","ID_1":25,"NAME_1":"Cebu","ID_2":486,"NAME_2":"Sibonga","NL_NAME_2":null,"VARNAME_2":null,"TYPE_2":"Bayan|Munisipyo","ENGTYPE_2":"Municipality","PROVINCE":"Cebu","REGION":"Central Visayas (Region VII)"},"geometry":{"type":"Polygon","coordinates":[[[123.62006378173862,10.075070381164778],[123.63546752929699,10.06110954284668],[123.6355209350586,10.061289787292708],[123.63562774658249,10.060429573059196],[123.63549041748092,10.059740066528548],[123.63520812988281,10.058770179748592],[123.63430023193405,10.057740211486816],[123.6338119506836,10.057040214538574],[123.63346862793003,10.056699752807617],[123.63269805908237,10.056349754333496],[123.63214111328148,10.056220054626522],[123.63194274902378,10.056079864501953],[123.63157653808616,10.05601024627697],[123.63115692138672,10.05601024627697],[123.63088226318371,10.056280136108512],[123.63088226318371,10.05655956268322],[123.63102722167969,10.057040214538574],[123.63172149658203,10.057530403137264],[123.63249206542969,10.057869911193961],[123.63276672363327,10.05801010131836],[123.63324737548828,10.058289527893066],[123.6338119506836,10.058770179748592],[123.63408660888672,10.059880256652946],[123.6341476440432,10.060420036315861],[123.63423156738315,10.061260223388672],[123.63388061523438,10.061120033264274],[123.63355255126964,10.060870170593262],[123.63353729248092,10.060429573059196],[123.63343048095703,10.060199737548942],[123.63333892822311,10.060040473938102],[123.63320159912155,10.059789657592773],[123.63295745849655,10.059479713439941],[123.63272857666016,10.059269905090446],[123.6324615478519,10.05910968780529],[123.63215637207031,10.058919906616325],[123.63178253173828,10.058739662170467],[123.63139343261719,10.058549880981445],[123.63104248046875,10.058320045471191],[123.63073730468784,10.058239936828613],[123.6304702758789,10.05830001831066],[123.6303176879884,10.058320045471191],[123.63020324707031,10.058309555053938],[123.62991333007858,10.058219909668082],[123.62959289550815,10.05801010131836],[123.62924194335938,10.057689666748274],[123.62890625000023,10.057290077209586],[123.62863159179733,10.056819915771428],[123.62860107421886,10.056309700012207],[123.62882995605503,10.055850028991642],[123.62901306152389,10.055439949035701],[123.62908935546898,10.055000305175724],[123.62908172607456,10.05442047119152],[123.62947845459007,10.053950309753418],[123.63009643554733,10.05348014831543],[123.63021850585972,10.053079605102596],[123.62999725341797,10.052680015564079],[123.62978363037143,10.05222034454357],[123.62934112548874,10.05177021026617],[123.6291275024414,10.051300048828352],[123.62895202636764,10.050939559936637],[123.62875366210938,10.050680160522688],[123.6285629272461,10.050430297851506],[123.62831878662143,10.050200462341422],[123.62803649902355,10.049920082092285],[123.62774658203159,10.049570083618164],[123.62741088867188,10.049220085144043],[123.62706756591808,10.048919677734375],[123.62673187255893,10.048660278320426],[123.62648010253952,10.048419952392521],[123.6262435913086,10.048159599304313],[123.62616729736362,10.04794979095459],[123.6262435913086,10.04784965515148],[123.62629699707043,10.047760009765568],[123.62674713134766,10.047570228576774],[123.62696838378918,10.047269821167049],[123.62715148925781,10.046979904174805],[123.6272201538086,10.046669960021973],[123.62722778320312,10.04636001586914],[123.627197265625,10.046039581298885],[123.6271133422855,10.045740127563477],[123.62696838378918,10.045499801635799],[123.62686157226608,10.045220375061263],[123.62670898437523,10.044980049133414],[123.6266708374028,10.044670104980582],[123.62666320800827,10.044340133666992],[123.62663269042969,10.043999671936035],[123.62645721435547,10.043700218200797],[123.6262435913086,10.04341983795166],[123.62612915039074,10.043100357055664],[123.62605285644531,10.042779922485408],[123.62590026855514,10.04251956939703],[123.6258468627932,10.042240142822493],[123.62583923339878,10.041959762573356],[123.62590026855514,10.041680335998478],[123.62605285644531,10.041390419006404],[123.62609863281295,10.041069984436149],[123.62605285644531,10.040719985962028],[123.62581634521484,10.040360450744629],[123.6255569458009,10.039939880371037],[123.6253280639653,10.039460182189941],[123.62518310546898,10.038940429687614],[123.62497711181652,10.038450241088924],[123.62480926513717,10.03804969787609],[123.62474060058594,10.037579536437931],[123.6247329711914,10.037179946899414],[123.6247329711914,10.036840438842717],[123.6247329711914,10.036520004272461],[123.6247329711914,10.036190032959098],[123.62470245361351,10.035840034484977],[123.62461853027389,10.035479545593262],[123.62448120117188,10.035120010376033],[123.62439727783214,10.03477954864502],[123.62423706054733,10.03450012207037],[123.62404632568405,10.034259796142692],[123.62378692626953,10.034049987792969],[123.6235504150394,10.033800125122298],[123.6233062744144,10.033470153808594],[123.62333679199219,10.033329963684196],[123.62304687500045,10.033060073852596],[123.62304687500045,10.032779693603459],[123.62286376953136,10.03258037567133],[123.62277984619175,10.032500267028809],[123.62277984619175,10.032290458679427],[123.62277984619175,10.032219886779842],[123.62229919433605,10.031740188598746],[123.62167358398438,10.031109809875488],[123.62167358398438,10.030830383300781],[123.62139129638706,10.030559539794922],[123.62124633789074,10.029999732971305],[123.62139129638706,10.029439926147461],[123.62139129638706,10.028610229492244],[123.62167358398438,10.028329849243278],[123.62167358398438,10.028059959411735],[123.62194824218795,10.027779579162598],[123.62167358398438,10.02750015258789],[123.62167358398438,10.027339935302791],[123.62167358398438,10.026940345764274],[123.62139129638706,10.026670455932674],[123.62139129638706,10.026390075683537],[123.62123107910156,10.026229858398438],[123.62110900878906,10.02610969543457],[123.62110900878906,10.02556037902832],[123.62107086181675,10.025400161743391],[123.62095642089855,10.02511024475092],[123.62088012695347,10.024709701538143],[123.62090301513672,10.024230003357047],[123.62103271484375,10.023750305175781],[123.6212387084961,10.023360252380371],[123.62139129638706,10.023059844970646],[123.62169647216797,10.022749900817814],[123.62194824218795,10.02250003814703],[123.62194824218795,10.021940231323356],[123.62191009521496,10.021610260009822],[123.62178802490234,10.02118968963623],[123.62169647216797,10.020640373230037],[123.6216812133789,10.02003002166748],[123.62172698974621,10.019430160522575],[123.62188720703125,10.01891040802002],[123.62187957763672,10.018440246582031],[123.62172698974621,10.01803016662609],[123.62167358398438,10.01764011383051],[123.62167358398438,10.017279624938965],[123.62165832519554,10.016909599304313],[123.62158966064487,10.016530036926326],[123.62143707275402,10.016139984130973],[123.62135314941418,10.015720367431868],[123.62122344970703,10.015359878540153],[123.62114715576183,10.015009880066032],[123.6211624145509,10.014619827270451],[123.62113189697311,10.014240264892692],[123.62110900878906,10.01389026641857],[123.62113952636764,10.01360034942627],[123.62110137939453,10.013349533081168],[123.62100219726608,10.01307010650629],[123.62090301513672,10.012740135193098],[123.62082672119175,10.012780189514217],[123.62082672119175,10.01249980926525],[123.62062835693393,10.01171970367443],[123.62059020996105,10.011340141296444],[123.62055969238327,10.011030197143612],[123.62027740478516,10.01056003570568],[123.62027740478516,10.00971984863304],[123.62027740478516,10.009099960327376],[123.62035369873047,10.008749961853084],[123.62027740478516,10.008330345153865],[123.62027740478516,10.007780075073299],[123.62055206298828,10.007499694824332],[123.62055206298828,10.006950378417912],[123.62082672119175,10.006669998168945],[123.62082672119175,10.005829811096135],[123.62035369873047,10.005350112915096],[123.62000274658214,10.005000114440975],[123.62000274658214,10.004199981689453],[123.62000274658214,10.003890037536621],[123.61972045898449,10.003609657287654],[123.61972045898449,10.002779960632438],[123.6188888549807,10.001939773559798],[123.61878967285179,10.001669883728084],[123.61859893798851,10.001409530639648],[123.61840057373081,10.00121021270752],[123.61815643310581,10.001070022582951],[123.61794281005905,10.000929832458553],[123.61770629882858,10.000860214233398],[123.6174468994144,10.000809669494743],[123.61717987060592,10.000709533691406],[123.61686706543003,10.000579833984432],[123.61653137207031,10.000450134277287],[123.61614990234375,10.000349998474348],[123.61614227294922,10.0002698898316],[123.61611175537143,10],[123.61621856689476,9.999179840088004],[123.61605072021518,9.998539924621582],[123.61604309082077,9.998490333557356],[123.61576843261719,9.997449874877987],[123.61554718017601,9.996809959411564],[123.61531066894531,9.996439933777083],[123.61527252197311,9.996339797973633],[123.61515808105503,9.996009826660213],[123.61502838134811,9.995559692382812],[123.61499786376953,9.995039939880485],[123.61504364013683,9.99448013305664],[123.61511993408203,9.994299888610954],[123.61515808105503,9.994210243225098],[123.61525726318371,9.993949890136832],[123.61549377441406,9.993419647216854],[123.61579895019577,9.99297046661377],[123.61598968505905,9.992650032043514],[123.61607360839844,9.992509841918945],[123.61638641357433,9.992079734802246],[123.61669921875023,9.991649627685547],[123.61695098876964,9.991169929504451],[123.6172103881836,9.99069976806652],[123.61726379394554,9.990650177001953],[123.61746978759766,9.990300178527832],[123.61763000488315,9.989899635315169],[123.61766815185547,9.989850044250602],[123.61786651611328,9.989569664001408],[123.6181869506836,9.989330291748047],[123.61830139160168,9.988949775695744],[123.6180419921875,9.988260269165153],[123.6181106567384,9.987810134887752],[123.61839294433628,9.987440109252873],[123.61868286132824,9.986989974975643],[123.61858367919956,9.986379623413143],[123.61872863769565,9.98573970794672],[123.61903381347702,9.985179901123104],[123.61947631835983,9.984729766845646],[123.62000274658214,9.984310150146598],[123.62055969238327,9.983889579773063],[123.62110900878906,9.983480453491211],[123.62164306640659,9.98307037353527],[123.62209320068405,9.98262023925787],[123.622352600098,9.98206996917736],[123.62239074707043,9.982040405273494],[123.62268066406261,9.981630325317326],[123.62299346923851,9.98118972778326],[123.62333679199219,9.980770111083984],[123.62365722656273,9.980360031128043],[123.62397766113281,9.979960441589355],[123.62419128418014,9.979550361633414],[123.62438964843761,9.979180335998535],[123.62447357177734,9.978919982910156],[123.62451171875023,9.978779792785758],[123.6246795654298,9.97836971282959],[123.62478637695324,9.977910041809082],[123.6248168945317,9.977820396423397],[123.62494659423874,9.977450370788517],[123.62500762939499,9.977000236511287],[123.62506866455112,9.976619720459212],[123.62525177001964,9.97632980346674],[123.62545013427768,9.976039886474666],[123.62557983398483,9.975689888000716],[123.62547302246116,9.975219726562557],[123.62507629394565,9.974729537963867],[123.62476348876999,9.974200248718205],[123.62448883056652,9.973690032958984],[123.62419128418014,9.973239898681754],[123.62390899658203,9.972789764404354],[123.62367248535202,9.972279548645076],[123.62346649169945,9.971710205078125],[123.62338256835938,9.971039772033748],[123.62323760986374,9.970689773559627],[123.62303924560592,9.970520019531193],[123.62286376953136,9.970359802246094],[123.62270355224632,9.970190048218],[123.62267303466808,9.970159530639705],[123.62252807617233,9.969920158386458],[123.62249755859386,9.969610214233626],[123.62249755859386,9.969240188598633],[123.62251281738304,9.96881961822504],[123.62249755859386,9.968350410461369],[123.6224822998048,9.968219757080135],[123.62245178222656,9.967880249023438],[123.62223815917969,9.967470169067496],[123.62201690673862,9.967089653015194],[123.62191009521496,9.96669960021984],[123.62171173095749,9.966360092163143],[123.62165069580101,9.966039657592887],[123.62165069580101,9.965880393982047],[123.6210098266605,9.966139793395996],[123.61411285400402,9.967729568481445],[123.6136398315432,9.967840194702148],[123.60888671875,9.968939781189079],[123.59577178955124,9.971529960632267],[123.58309936523449,9.974390029907227],[123.57669830322311,9.975799560546989],[123.55832672119163,9.980059623718319],[123.55621337890659,9.980420112609863],[123.53925323486351,9.984270095825309],[123.52892303466797,9.986370086669979],[123.51653289794933,9.989270210266227],[123.50813293457031,9.991200447082633],[123.51429748535156,10.004079818725586],[123.51761627197311,10.0110502243042],[123.51976013183594,10.014980316162166],[123.52629089355491,10.028450012207145],[123.53296661376976,10.041950225830021],[123.53529357910156,10.045860290527287],[123.54692077636719,10.06149959564209],[123.54810333251964,10.063420295715389],[123.55084991455078,10.065750122070312],[123.55844879150425,10.076189994812069],[123.57852172851574,10.095939636230526],[123.59413146972656,10.08882999420166],[123.59854888916027,10.086700439453125],[123.61483764648483,10.07787036895752],[123.62006378173862,10.075070381164778]]]}},{"type":"Feature","properties":{"ID_0":177,"ISO":"PHL","NAME_0":"Philippines","ID_1":25,"NAME_1":"Cebu","ID_2":487,"NAME_2":"Sogod","NL_NAME_2":null,"VARNAME_2":null,"TYPE_2":"Bayan|Munisipyo","ENGTYPE_2":"Municipality","PROVINCE":"Cebu","REGION":"Central Visayas (Region VII)"},"geometry":{"type":"Polygon","coordinates":[[[123.95500183105469,10.819620132446516],[123.95594024658237,10.819589614868164],[123.95680236816406,10.819589614868164],[123.95664215087936,10.818940162658691],[123.9574966430664,10.818249702453556],[123.95725250244163,10.817870140075797],[123.95697021484398,10.817259788513411],[123.95781707763683,10.816679954528865],[123.96013641357456,10.816960334777832],[123.96067810058605,10.817150115966797],[123.96147155761753,10.817279815673771],[123.96228790283237,10.81641960144043],[123.96253967285156,10.815400123596419],[123.96298980712936,10.815779685974235],[123.9634780883789,10.815099716186523],[123.96436309814453,10.815039634704704],[123.96573638916038,10.814800262451115],[123.96676635742199,10.814900398254451],[123.9676437377932,10.815759658813477],[123.96827697753952,10.815890312194938],[123.96881103515625,10.814880371093864],[123.96999359130905,10.814180374145451],[123.97068023681675,10.81422042846674],[123.97168731689453,10.81396961212181],[123.97328948974655,10.813429832458553],[123.97464752197266,10.813460350036678],[123.9751663208009,10.81315994262701],[123.97575378417991,10.8123397827149],[123.9764862060548,10.811100006103572],[123.97592926025402,10.810110092163086],[123.97686767578136,10.80967044830328],[123.9776229858403,10.809419631957951],[123.97796630859375,10.80788993835472],[123.97853088378906,10.806819915771484],[123.97898101806652,10.806489944458065],[123.98066711425827,10.806189537048397],[123.9825668334961,10.80535984039318],[123.98780822753906,10.80420017242443],[123.99420166015625,10.802330017089844],[123.99656677246128,10.801969528198299],[124.0012130737307,10.801110267639217],[124.00321960449241,10.80125999450695],[124.00431060791016,10.801340103149471],[124.0065612792971,10.801619529724348],[124.00926208496094,10.80088996887207],[124.01200866699264,10.800290107727164],[124.01299285888672,10.801170349121037],[124.01374816894531,10.801460266113509],[124.01458740234375,10.801420211792049],[124.01522064208996,10.802269935607967],[124.01529693603516,10.80315971374523],[124.01582336425827,10.803660392761344],[124.01635742187511,10.803790092468319],[124.0169830322269,10.803779602050895],[124.01792144775436,10.802590370178223],[124.01847076416027,10.801890373230037],[124.0195999145509,10.801360130310059],[124.02104187011753,10.801799774170036],[124.02208709716808,10.802390098572005],[124.02282714843795,10.802049636840877],[124.0233306884769,10.801420211792049],[124.02400970459007,10.801429748535213],[124.02504730224643,10.802000045776424],[124.02599334716831,10.801930427551326],[124.02699279785156,10.80183029174799],[124.02790832519565,10.801919937133903],[124.02852630615234,10.800809860229549],[124.02915191650402,10.800620079040527],[124.0302505493164,10.800569534301815],[124.03131866455078,10.800169944763297],[124.03202819824264,10.800470352172852],[124.03331756591842,10.80043983459467],[124.03330993652389,10.800230026245117],[124.03321075439453,10.799739837646428],[124.03308868408203,10.799229621887207],[124.03305816650425,10.798700332641715],[124.03305053710972,10.798100471496582],[124.0330734252932,10.7974596023559],[124.03312683105514,10.79679012298584],[124.03334045410168,10.796170234680176],[124.03352355957043,10.795579910278377],[124.03344726562523,10.795000076294002],[124.03330993652389,10.794429779052734],[124.03309631347656,10.79391002655035],[124.03301239013672,10.793339729309082],[124.03282165527344,10.792860031128043],[124.03273773193405,10.792380332946777],[124.03256988525402,10.791990280151367],[124.03254699707077,10.791939735412825],[124.03247070312511,10.791620254516715],[124.03231048584007,10.791319847107161],[124.03218841552746,10.791009902954329],[124.03201293945324,10.790730476379451],[124.03185272216831,10.790289878845215],[124.03164672851608,10.78983020782465],[124.03138732910156,10.789250373840446],[124.03106689453148,10.788649559021223],[124.03076934814487,10.78804969787592],[124.03050231933639,10.787449836731014],[124.0304565429692,10.787349700927734],[124.03027343750011,10.786899566650504],[124.030029296875,10.786430358886832],[124.02986907958984,10.785989761352539],[124.02970123291027,10.78563022613531],[124.0295028686528,10.78530025482172],[124.02940368652344,10.784879684448356],[124.02922821044933,10.784469604492244],[124.02916717529342,10.78400993347168],[124.02916717529342,10.783539772033748],[124.02916717529342,10.783089637756348],[124.02913665771496,10.782640457153377],[124.02902221679688,10.782219886780013],[124.02884674072277,10.78180980682373],[124.02861785888706,10.781430244445914],[124.0283889770509,10.7810697555542],[124.02818298339855,10.780699729919547],[124.0279235839846,10.78040027618431],[124.02770233154308,10.780050277710188],[124.02742004394543,10.77970981597906],[124.02713012695324,10.779339790344181],[124.02686309814464,10.778949737548771],[124.02652740478516,10.778619766235579],[124.02617645263683,10.778329849243107],[124.02583312988281,10.778059959411564],[124.02548217773438,10.77781009674078],[124.0251083374028,10.777589797973633],[124.02472686767624,10.777330398559684],[124.0243530273442,10.777020454406852],[124.02397155761764,10.776679992675838],[124.02359008789108,10.776370048523006],[124.02321624755871,10.776100158691463],[124.02287292480514,10.77583026886009],[124.02247619628918,10.775549888610954],[124.02203369140625,10.775270462036076],[124.02150726318371,10.774970054626579],[124.02100372314453,10.774589538574276],[124.0205078125,10.77418041229248],[124.02007293701183,10.77377033233654],[124.01969909668003,10.773349761962947],[124.01930999755871,10.773099899291992],[124.01888275146518,10.773050308227539],[124.01846313476574,10.773019790649414],[124.01806640625011,10.772930145263729],[124.01763153076172,10.77291011810297],[124.01721191406261,10.772999763488883],[124.01685333251976,10.772919654846305],[124.01651000976562,10.772689819336051],[124.01560974121105,10.77237987518322],[124.01484680175793,10.771679878234977],[124.01392364501987,10.771059989929313],[124.01341247558628,10.771229743957576],[124.01293182373058,10.771260261535701],[124.01241302490234,10.771080017089844],[124.01190185546898,10.770759582519588],[124.0118637084961,10.770730018615723],[124.01138305664108,10.770230293273926],[124.01117706298828,10.769980430603084],[124.01093292236362,10.769659996032658],[124.01056671142601,10.769020080566463],[124.01032257080078,10.76836013793968],[124.01030731201206,10.768280029296932],[124.01030731201206,10.768219947814941],[124.01024627685558,10.767689704895133],[124.0103988647461,10.7666397094726],[124.01049041748081,10.76642036437994],[124.01053619384777,10.766289710998478],[124.01049041748081,10.766280174255371],[124.01006317138683,10.766220092773551],[124.00972747802768,10.766200065612793],[124.00952148437545,10.76618957519537],[124.00911712646496,10.766039848327694],[124.00871276855514,10.76576995849615],[124.00833129882858,10.765399932861271],[124.00798797607445,10.764980316162223],[124.0077133178711,10.764510154724064],[124.00762939453159,10.76438426971447],[124.00742340087936,10.764069557189998],[124.00714111328125,10.763609886169434],[124.00686645507847,10.763139724731502],[124.0065612792971,10.762749671936092],[124.00630187988315,10.76228046417259],[124.0060424804692,10.761859893798885],[124.00586700439464,10.76138019561779],[124.00579071044945,10.760829925537053],[124.00565338134811,10.760359764099121],[124.00572204589878,10.759880065918196],[124.00579833984398,10.759389877319336],[124.00572967529331,10.758769989013672],[124.00557708740246,10.758219718933162],[124.00552368164108,10.757659912109489],[124.00504302978516,10.756890296936149],[124.00499725341797,10.756819725036678],[124.00483703613304,10.75648021697998],[124.00473785400402,10.755849838256893],[124.00472259521496,10.755220413208121],[124.00470733642624,10.754619598388729],[124.00467681884766,10.75403022766119],[124.00480651855469,10.753439903259391],[124.00473785400402,10.751919746398926],[124.00476074218795,10.75183010101324],[124.00495147705124,10.75109004974371],[124.00537109375,10.750399589538631],[124.00557708740246,10.74950027465826],[124.00557708740246,10.748609542846793],[124.00565338134811,10.747360229492301],[124.00578308105503,10.746600151062239],[124.00675964355469,10.745840072631836],[124.00733184814453,10.745429992675895],[124.00743103027389,10.745079994201774],[124.0077514648442,10.74487018585205],[124.00794219970749,10.744529724121094],[124.00818634033249,10.744219779968262],[124.00846099853538,10.743940353393555],[124.00872039794933,10.74361991882347],[124.00894927978561,10.743180274963493],[124.00901031494152,10.743080139160213],[124.00956726074219,10.741880416870174],[124.00999450683616,10.74106597900402],[124.01014709472656,10.740799903869686],[124.01038360595703,10.74038028717041],[124.0109634399414,10.739319801330623],[124.01122283935558,10.73808956146246],[124.01130676269565,10.737669944763184],[124.0113983154298,10.737520217895508],[124.01207733154331,10.736310005187988],[124.0121536254884,10.736209869384709],[124.01291656494152,10.735250473022518],[124.01334381103561,10.73462009429926],[124.01376342773438,10.733449935913086],[124.01429748535202,10.732729911804313],[124.01422882080078,10.732110023498649],[124.01355743408203,10.731690406799373],[124.01155090332031,10.731829643249512],[124.01007080078136,10.731780052185059],[124.00863647460972,10.731349945068416],[124.00813293457077,10.730620384216309],[124.0058364868164,10.729669570922965],[124.00408935546875,10.728940010070914],[124.00366973876964,10.729319572448674],[124.00305938720737,10.730859756469727],[124.00200653076172,10.731140136718864],[124.00055694580124,10.730680465698356],[123.99952697753906,10.729920387268066],[123.99904632568393,10.729559898376579],[123.99803924560558,10.729740142822209],[123.99709320068371,10.729249954223746],[123.99700164794956,10.728070259094238],[123.99624633789097,10.727450370788574],[123.99527740478527,10.727350234985465],[123.99107360839844,10.729280471801871],[123.9899597167971,10.72898960113531],[123.98798370361362,10.728039741516056],[123.9874267578125,10.727999687194767],[123.98552703857422,10.730110168457088],[123.98465728759766,10.72996997833252],[123.9833374023442,10.730270385742188],[123.98230743408214,10.730340003967513],[123.98159790039062,10.729660034179688],[123.98040008544933,10.730139732360954],[123.97894287109375,10.728839874267578],[123.97744750976574,10.728260040283203],[123.9761199951173,10.728280067443961],[123.9752578735355,10.728010177612418],[123.97421264648449,10.726260185241813],[123.97419738769543,10.7255601882934],[123.97319030761719,10.725259780883903],[123.97207641601562,10.725230216980208],[123.97128295898438,10.724639892578239],[123.96974182128929,10.724140167236385],[123.96925354003918,10.724249839782829],[123.96884918212936,10.724720001220817],[123.96823120117188,10.724889755249023],[123.96795654296909,10.724089622497502],[123.9670181274414,10.72346019744873],[123.96592712402366,10.723660469055119],[123.96572875976597,10.722599983215389],[123.96614837646484,10.72136020660406],[123.96595764160156,10.720809936523551],[123.96504211425793,10.720060348510685],[123.96465301513717,10.718629837036076],[123.96201324462902,10.71615028381342],[123.96137237548828,10.714320182800293],[123.9605484008789,10.713419914245662],[123.95957946777344,10.713959693908748],[123.95909881591797,10.713589668273926],[123.95909881591797,10.713330268859977],[123.95909118652344,10.712329864502067],[123.95825958251953,10.711310386657658],[123.95802307128952,10.711660385131779],[123.9574966430664,10.71310997009283],[123.95657348632847,10.712679862976188],[123.95620727539085,10.711720466613826],[123.95630645751999,10.710709571838436],[123.95500183105469,10.71000957489025],[123.95478057861374,10.70903015136713],[123.9554672241211,10.707610130310115],[123.95555114746139,10.706700325012207],[123.95451354980469,10.705630302429313],[123.95408630371128,10.70487022399908],[123.95437622070324,10.704000473022575],[123.95323181152355,10.703689575195256],[123.95242309570312,10.703920364379996],[123.95227813720714,10.703129768371639],[123.95243072509766,10.701569557190055],[123.95176696777344,10.701459884643782],[123.95085906982445,10.7006196975708],[123.94962310791038,10.699790000915584],[123.94774627685581,10.700090408325309],[123.94812011718784,10.699449539184627],[123.94883728027355,10.699029922485352],[123.94818115234409,10.698289871215877],[123.947792053223,10.697330474853516],[123.94844818115246,10.69661998748802],[123.9483032226567,10.69612979888916],[123.94848632812545,10.695380210876692],[123.94908142089878,10.695409774780387],[123.94857025146507,10.694629669189396],[123.94805145263717,10.694310188293457],[123.94824218750045,10.693610191345215],[123.94911956787121,10.693460464477539],[123.94960784912121,10.693559646606502],[123.94988250732433,10.69299030303955],[123.94925689697311,10.692339897155762],[123.94860076904297,10.691880226135368],[123.94888305664097,10.69099044799816],[123.94862365722702,10.689880371093977],[123.9468994140625,10.6879501342774],[123.94522857666027,10.686260223388672],[123.94519805908249,10.68556022644043],[123.94557952880905,10.684920310974178],[123.94499969482467,10.684320449829102],[123.94454956054722,10.684459686279354],[123.94364166259766,10.684040069580135],[123.94412994384766,10.683710098266545],[123.94489288330078,10.683400154113713],[123.94499969482467,10.683030128479231],[123.9446487426759,10.682239532470646],[123.9440536499028,10.682180404663143],[123.94381713867188,10.681409835815487],[123.94265747070335,10.680979728698958],[123.94229125976562,10.681509971618766],[123.94210815429688,10.684769630432186],[123.94155883789062,10.696769714355526],[123.94149780273472,10.7010498046875],[123.9463119506836,10.729470252990666],[123.94896697998047,10.744339942932072],[123.94891357421875,10.747099876403865],[123.94882202148483,10.747870445251579],[123.94718170166016,10.76675033569336],[123.94709014892578,10.771940231323185],[123.94483184814464,10.790670394897461],[123.94465637207043,10.807049751281738],[123.95110321044967,10.82621955871582],[123.95108032226562,10.825790405273438],[123.95191955566452,10.824990272522086],[123.95197296142578,10.824549674987793],[123.95182037353538,10.823599815368766],[123.95274353027355,10.822569847106934],[123.95311737060547,10.821780204773063],[123.9538803100586,10.821310043335075],[123.9544067382817,10.820349693298454],[123.95500183105469,10.819620132446516]]]}},{"type":"Feature","properties":{"ID_0":177,"ISO":"PHL","NAME_0":"Philippines","ID_1":25,"NAME_1":"Cebu","ID_2":488,"NAME_2":"Tabogon","NL_NAME_2":null,"VARNAME_2":null,"TYPE_2":"Bayan|Munisipyo","ENGTYPE_2":"Municipality","PROVINCE":"Cebu","REGION":"Central Visayas (Region VII)"},"geometry":{"type":"MultiPolygon","coordinates":[[[[124.04118347168014,10.970870018005485],[124.04120635986362,10.970410346984977],[124.04136657714866,10.970049858093262],[124.0415496826173,10.969690322875977],[124.04167938232422,10.96879959106451],[124.04167938232422,10.967619895935172],[124.04161834716797,10.966420173645133],[124.04161071777344,10.966239929199276],[124.04154205322277,10.965200424194336],[124.04164123535213,10.964090347289982],[124.04165649414085,10.964019775390739],[124.04178619384766,10.963620185852221],[124.0417098999028,10.963069915771484],[124.04151153564499,10.962510108947868],[124.04142761230469,10.962114334106502],[124.0413970947269,10.96195983886713],[124.04129791259766,10.961460113525504],[124.0412368774414,10.960949897766284],[124.04107666015648,10.960479736328125],[124.04086303710949,10.960040092468319],[124.04064178466797,10.958979606628361],[124.04035949707031,10.958219528198299],[124.03952789306652,10.956970214843864],[124.03938293457031,10.955869674682617],[124.03896331787166,10.954620361328352],[124.03875732421875,10.953379631042537],[124.0384292602539,10.952699661254883],[124.03840637207054,10.952159881591797],[124.03822326660179,10.951970100402775],[124.0379104614259,10.951899528503532],[124.03755187988304,10.951700210571232],[124.03717803955146,10.951439857483194],[124.03714752197277,10.951419830322266],[124.03677368164074,10.951250076294002],[124.03617858886764,10.951359748840446],[124.03556060791016,10.95164966583252],[124.03546905517646,10.951700210571232],[124.03484344482467,10.95164966583252],[124.03437042236328,10.951410293579158],[124.03395843505893,10.951169967651651],[124.03353881835949,10.951000213623217],[124.0331497192384,10.95083999633789],[124.03276824951183,10.950670242309627],[124.03244018554688,10.950349807739371],[124.03218841552746,10.949899673462141],[124.03201293945324,10.949359893798885],[124.03163909912132,10.948129653930664],[124.03115081787166,10.947170257568303],[124.03093719482422,10.947010040283203],[124.03090667724643,10.946990013122615],[124.03076171875034,10.946729660034237],[124.03043365478516,10.946279525756836],[124.0306167602539,10.946029663086165],[124.03085327148449,10.945730209350586],[124.03106689453148,10.945400238037223],[124.03115844726585,10.9451904296875],[124.03122711181652,10.94501972198492],[124.03135681152366,10.944609642028809],[124.03138732910156,10.944140434265137],[124.03138732910156,10.943610191345158],[124.03138732910156,10.943050384521541],[124.03138732910156,10.94248962402338],[124.03138732910156,10.941929817199764],[124.03138732910156,10.941390037536621],[124.03141021728561,10.940870285034293],[124.03147125244175,10.940360069275016],[124.03173828125023,10.939889907836914],[124.03191375732456,10.939479827880916],[124.0319595336914,10.93937015533453],[124.03217315673874,10.938859939575252],[124.03225708007812,10.938340187072754],[124.03234100341797,10.937890052795524],[124.03202819824264,10.937410354614258],[124.03150939941406,10.936960220337028],[124.03138732910156,10.936759948730582],[124.03136444091797,10.936725616455078],[124.03125000000011,10.93651008605957],[124.03118133544922,10.936160087585506],[124.03132629394543,10.93589973449707],[124.03161621093761,10.93568038940441],[124.03211975097679,10.93554973602295],[124.0327606201173,10.93556976318365],[124.03282165527344,10.93556976318365],[124.033241271973,10.935319900512695],[124.03331756591842,10.935040473937988],[124.03323364257824,10.934760093689192],[124.03308868408203,10.934459686279297],[124.03305816650425,10.934100151062069],[124.03305816650425,10.933670043945426],[124.032997131348,10.933170318603572],[124.03275299072277,10.93266963958746],[124.03238677978527,10.932209968566951],[124.03208923339855,10.931719779968262],[124.03183746337936,10.931269645691032],[124.03176879882812,10.931130409240723],[124.03163146972668,10.930839538574332],[124.03135681152366,10.9305295944215],[124.03106689453148,10.930270195007552],[124.03101348876953,10.930199623107967],[124.0308990478519,10.930080413818416],[124.03079223632812,10.92998027801508],[124.0305404663086,10.929650306701888],[124.03048706054699,10.929570198059139],[124.03034210205078,10.929280281066895],[124.03032684326206,10.929180145263729],[124.03028106689464,10.928850173950195],[124.03031921386764,10.928420066833496],[124.03037261962902,10.92833042144781],[124.03054809570312,10.928059577941951],[124.03083038330124,10.92774963378912],[124.03115081787143,10.927479743957576],[124.03150177001953,10.927240371704215],[124.0318298339846,10.92700004577631],[124.03198242187545,10.926529884338379],[124.0321273803711,10.926070213317814],[124.03222656250045,10.92558956146246],[124.03238677978527,10.925129890441895],[124.03251647949219,10.924690246582088],[124.03263092041016,10.924260139465446],[124.03269958496094,10.924070358276424],[124.03278350830101,10.923870086670036],[124.03294372558605,10.923480033874625],[124.0330734252932,10.923049926757756],[124.033241271973,10.922650337219238],[124.03333282470714,10.922499656677246],[124.03333282470714,10.922220230102596],[124.03388977050827,10.92166996002203],[124.0341567993164,10.920280456543196],[124.03500366210938,10.919170379638672],[124.03500366210938,10.918889999389705],[124.03595733642578,10.917929649353027],[124.03610992431675,10.917779922485352],[124.03610992431675,10.917260169983138],[124.03610992431675,10.916970252990666],[124.03639221191418,10.916669845581168],[124.03584289550827,10.914719581604004],[124.03584289550827,10.913889884948787],[124.03566741943393,10.913269996643123],[124.03555297851585,10.912779808044434],[124.03555297851585,10.912500381469783],[124.03607940673828,10.911979675292912],[124.03639221191418,10.91166973114008],[124.03663635253906,10.911620140075684],[124.0379104614259,10.91139030456543],[124.03874969482422,10.911250114441032],[124.03916931152366,10.911250114441032],[124.03954315185581,10.91135025024414],[124.04055786132858,10.91162967681879],[124.04132843017624,10.911439895629996],[124.04174804687523,10.911370277404842],[124.04264068603516,10.911069869995174],[124.04297637939487,10.911210060119743],[124.04338073730469,10.911140441894588],[124.04379272460938,10.911109924316463],[124.04419708251964,10.911069869995174],[124.04424285888717,10.911080360412598],[124.04457855224621,10.910989761352766],[124.04485321044922,10.910790443420467],[124.04488372802768,10.910759925842342],[124.04509735107422,10.910440444946346],[124.04566955566406,10.909930229187125],[124.04595184326217,10.90841007232666],[124.04608917236374,10.907030105590934],[124.04635620117222,10.905850410461426],[124.04678344726597,10.904870033264217],[124.04692840576206,10.904540061950684],[124.04701232910156,10.903790473938045],[124.04733276367188,10.903389930725211],[124.047607421875,10.903030395507812],[124.04769897460938,10.902930259704647],[124.04783630371105,10.902729988098258],[124.04802703857433,10.902429580688533],[124.04817199707031,10.902150154113883],[124.04834747314453,10.90188026428234],[124.04846954345703,10.901590347290039],[124.0484619140625,10.901220321655387],[124.04843902587936,10.900770187377987],[124.04860687255871,10.900289535522404],[124.04882812500034,10.899749755859489],[124.04898071289074,10.899140357971419],[124.04920196533249,10.898630142212028],[124.04946136474643,10.898180007934627],[124.05008697509766,10.897820472717342],[124.05058288574219,10.897259712219238],[124.05071258544945,10.89676952362072],[124.05078125000011,10.896499633789176],[124.05084991455078,10.895669937133789],[124.05081939697266,10.895359992980957],[124.05078125000011,10.895050048828125],[124.05120086669922,10.894430160522461],[124.05168914794956,10.894149780273665],[124.0518264770509,10.893810272216797],[124.05201721191418,10.892829895019588],[124.05203247070324,10.892769813537598],[124.05184936523449,10.892189979553223],[124.05196380615234,10.891710281372127],[124.05211639404308,10.891320228576888],[124.05222320556652,10.890919685363713],[124.05230712890636,10.890500068664664],[124.05245971679722,10.8900403976441],[124.05252838134788,10.889519691467285],[124.05261993408226,10.888999938965071],[124.05283355712925,10.888509750366211],[124.05293273925781,10.88799953460699],[124.05281066894554,10.887479782104606],[124.05261993408226,10.886930465698356],[124.05269622802768,10.886819839477653],[124.05283355712925,10.886659622192326],[124.05325317382812,10.885210037231502],[124.05329132080101,10.884980201721191],[124.05339050293014,10.884449958801213],[124.05359649658237,10.884030342102164],[124.05394744873058,10.883130073547363],[124.0541610717778,10.88263034820551],[124.05417633056675,10.88259029388422],[124.05436706543003,10.882160186767578],[124.05478668212902,10.881609916687069],[124.05465698242188,10.880990028381404],[124.05464172363281,10.88092041015625],[124.054443359375,10.880160331726188],[124.05436706543003,10.879400253295955],[124.05436706543003,10.879260063171387],[124.0540237426759,10.878849983215389],[124.0537719726567,10.878780364990291],[124.0535278320317,10.87870979309082],[124.0531234741211,10.87903976440441],[124.05278778076183,10.879150390625114],[124.05243682861374,10.879309654235954],[124.05209350585938,10.879420280456657],[124.05168914794956,10.879409790039062],[124.05127716064464,10.87919998168951],[124.05049133300793,10.878729820251579],[124.05032348632824,10.878840446472282],[124.05000305175781,10.879229545593375],[124.05003356933628,10.879969596862907],[124.0494537353519,10.881429672241211],[124.04856872558639,10.881839752197322],[124.04670715332054,10.881770133972168],[124.04548645019531,10.881609916687069],[124.04472351074219,10.8811998367309],[124.04387664794956,10.88123989105219],[124.04254913330078,10.881939888000602],[124.04193878173851,10.882430076599121],[124.04152679443371,10.883390426635742],[124.04165649414085,10.884280204773006],[124.04135894775402,10.88521957397461],[124.04099273681686,10.885789871215877],[124.04031372070335,10.886560440063533],[124.03954315185581,10.887040138244629],[124.0386581420903,10.887229919433594],[124.03795623779331,10.886320114135856],[124.03742980957043,10.885640144348145],[124.0369796752932,10.88523960113531],[124.03621673584007,10.885109901428166],[124.03582000732433,10.885250091552734],[124.0351333618164,10.885869979858398],[124.0347824096682,10.886210441589583],[124.03353881835949,10.886739730835075],[124.0328369140625,10.887069702148494],[124.0322418212894,10.887499809265137],[124.0318069458009,10.888420104980526],[124.03189849853527,10.88893985748291],[124.03151702880871,10.88903999328619],[124.03051757812534,10.889260292053336],[124.03000640869175,10.889909744262638],[124.02922821044933,10.890469551086483],[124.0281600952153,10.890569686889592],[124.02674865722668,10.889739990234432],[124.02536773681675,10.888930320739746],[124.02446746826206,10.888469696044922],[124.02345275878952,10.887829780578727],[124.02214050292969,10.888030052185286],[124.02178955078136,10.888199806213379],[124.02150726318371,10.888339996338118],[124.02092742919933,10.887539863586426],[124.02037811279308,10.887350082397461],[124.02002716064487,10.887220382690487],[124.01925659179733,10.887559890747184],[124.01905059814476,10.88764953613287],[124.01793670654331,10.888010025024414],[124.01759338378918,10.888130187988224],[124.01669311523438,10.887140274048079],[124.01611328125,10.886329650879134],[124.01542663574241,10.88584041595459],[124.01461791992233,10.8858003616333],[124.0139312744144,10.885399818420638],[124.01309967041061,10.886030197143555],[124.01229095458984,10.886719703674373],[124.01206207275402,10.886799812316895],[124.01171875,10.886930465698356],[124.01100921630871,10.886770248413086],[124.01048278808639,10.886619567871037],[124.00993347167969,10.886389732360783],[124.00946044921875,10.886409759521541],[124.0086593627932,10.88689994812023],[123.99080657958996,10.888110160827694],[123.98912811279331,10.888569831848201],[123.98706817626953,10.888919830322322],[123.97309112548874,10.890890121460018],[123.96015167236328,10.892600059509505],[123.96111297607422,10.895299911499137],[123.96190643310581,10.897459983825627],[123.96244049072266,10.899889945983887],[123.96283721923828,10.902700424194393],[123.96322631835938,10.904720306396541],[123.96308135986328,10.906200408935547],[123.9628829956057,10.908200263977278],[123.96188354492188,10.91007995605463],[123.96067047119152,10.912090301513672],[123.95939636230469,10.91582012176525],[123.95887756347679,10.918809890747298],[123.95855712890636,10.921640396118221],[123.9584884643557,10.923430442810059],[123.95883178710938,10.924039840698299],[123.95889282226562,10.925869941711426],[123.95889282226562,10.929140090942496],[123.95903778076183,10.93280029296875],[123.95825958251953,10.937629699707088],[123.95720672607467,10.943110466003532],[123.95588684082043,10.948679924011174],[123.95545959472656,10.949850082397575],[123.9548492431644,10.953450202942008],[123.9542694091798,10.9576997756958],[123.9539566040039,10.96162033081066],[123.95394134521484,10.962114334106502],[123.95372009277366,10.967069625854492],[123.95334625244163,10.970890045166016],[123.95346832275425,10.973970413208121],[123.95271301269531,10.97772026062023],[123.95787811279297,10.971260070800895],[123.96044158935547,10.970609664917049],[123.96395874023472,10.971119880676326],[123.96716308593761,10.972399711608944],[123.97052764892578,10.973589897155819],[123.97376251220703,10.975729942321777],[123.97666931152389,10.978670120239315],[123.98242950439476,10.98328971862793],[123.98645782470737,10.986909866333065],[123.98988342285202,10.986379623413086],[124.01938629150436,10.981579780578613],[124.03318786621128,10.979470252990836],[124.04448699951183,10.977044105529728],[124.04450988769554,10.976869583129826],[124.04454040527344,10.976739883422852],[124.04460906982445,10.976320266723633],[124.04448699951183,10.97577953338623],[124.04414367675781,10.975410461426009],[124.04371643066406,10.975069999694881],[124.04337310791038,10.974679946899471],[124.04309082031295,10.974260330200195],[124.04283142089844,10.973830223083553],[124.04254913330078,10.973380088806096],[124.04221343994175,10.972900390625057],[124.04184722900413,10.97239017486578],[124.04151916503952,10.971879959106559],[124.04126739501976,10.971380233764705],[124.04118347168014,10.970870018005485]]]]}},{"type":"Feature","properties":{"ID_0":177,"ISO":"PHL","NAME_0":"Philippines","ID_1":25,"NAME_1":"Cebu","ID_2":489,"NAME_2":"Tabuelan","NL_NAME_2":null,"VARNAME_2":null,"TYPE_2":"Bayan|Munisipyo","ENGTYPE_2":"Municipality","PROVINCE":"Cebu","REGION":"Central Visayas (Region VII)"},"geometry":{"type":"Polygon","coordinates":[[[123.89707183837913,10.906780242919922],[123.89803314209007,10.90672969818121],[123.89878082275425,10.90717983245844],[123.89940643310547,10.907500267028865],[123.89990234375,10.907420158386344],[123.90083312988281,10.906100273132438],[123.90144348144565,10.905099868774471],[123.90194702148483,10.904700279235783],[123.90223693847656,10.904330253601302],[123.90226745605469,10.903690338134709],[123.90325927734386,10.903019905090389],[123.90438842773449,10.902870178222656],[123.90498352050793,10.902279853821028],[123.90540313720737,10.901519775390625],[123.90644836425781,10.900520324707145],[123.90702819824219,10.900360107421875],[123.907958984375,10.900239944458008],[123.90972900390636,10.90011978149414],[123.9102783203125,10.90009975433361],[123.9110107421875,10.900469779968262],[123.91181182861374,10.900529861450309],[123.91706848144531,10.898679733276595],[123.92128753662143,10.897130012512434],[123.92494201660156,10.89612007141119],[123.92784118652389,10.895339965820426],[123.93071746826183,10.895070075988883],[123.93672943115268,10.894359588623047],[123.94026947021496,10.89395999908453],[123.94624328613281,10.893520355224723],[123.95124816894554,10.893110275268555],[123.95491027832031,10.892950057983455],[123.96015167236328,10.892600059509505],[123.95768737792969,10.889900207519531],[123.95659637451172,10.88761043548584],[123.95596313476562,10.88570976257347],[123.95369720458996,10.881480216980094],[123.9508438110355,10.879170417785645],[123.94920349121139,10.87749004364025],[123.94786071777389,10.87613964080822],[123.94761657714866,10.87537956237793],[123.94715881347702,10.874979972839412],[123.94637298583996,10.87467002868658],[123.94586944580078,10.873950004577637],[123.94577789306652,10.873399734497127],[123.94599914550804,10.873029708862248],[123.94650268554688,10.872349739074764],[123.9472122192384,10.871700286865234],[123.94709777832077,10.870519638061637],[123.94642639160156,10.869620323181096],[123.94641113281284,10.869549751281852],[123.94631958007812,10.86884975433344],[123.94645690918003,10.867899894714583],[123.94651794433594,10.867480278015137],[123.94653320312545,10.86674976348877],[123.94635009765636,10.866290092468262],[123.94568634033214,10.865909576415959],[123.94506835937534,10.866020202636662],[123.94454193115246,10.86629962921154],[123.94407653808605,10.866209983825684],[123.9439468383789,10.865420341491927],[123.9441833496096,10.864930152893066],[123.94403839111328,10.863909721374569],[123.94371032714866,10.86359024047863],[123.94339752197277,10.863989830017317],[123.9426422119144,10.86443042755127],[123.94209289550804,10.864569664001692],[123.94158935546886,10.863699913024846],[123.94149017333996,10.862660408020133],[123.94068145751987,10.86231994628912],[123.93958282470714,10.86067008972168],[123.93923187255882,10.859649658203182],[123.93869018554688,10.858719825744686],[123.93879699707031,10.857760429382324],[123.93936920166016,10.857370376586971],[123.93982696533203,10.857419967651367],[123.94051361083984,10.857520103454647],[123.94090270996094,10.856780052185172],[123.9406967163086,10.855719566345215],[123.94097137451172,10.855319976806697],[123.94140625000011,10.854840278625602],[123.94188690185581,10.85443019866949],[123.94267272949219,10.853230476379395],[123.94257354736374,10.852879524231184],[123.94207000732456,10.852560043335075],[123.94213104248047,10.85167026519781],[123.94183349609409,10.850850105285758],[123.94100952148449,10.850520133972225],[123.9406967163086,10.849459648132438],[123.94039916992188,10.84862995147705],[123.94008636474632,10.848170280456543],[123.93923950195312,10.847100257873649],[123.93853759765636,10.84702014923107],[123.93779754638695,10.846429824829102],[123.93766021728516,10.846050262451286],[123.93840789794922,10.845990180969295],[123.93920898437534,10.84578990936285],[123.93968200683605,10.845149993896484],[123.93908691406295,10.84465026855463],[123.93820190429722,10.844579696655387],[123.93746185302734,10.844220161437988],[123.93649291992222,10.844039916992301],[123.93607330322277,10.84253025054943],[123.93586730957043,10.842109680175838],[123.93544006347656,10.841870307922477],[123.93470001220749,10.841699600219727],[123.93446350097679,10.84109973907482],[123.9346694946289,10.839759826660156],[123.93451690673874,10.839059829711971],[123.93483734130882,10.838839530944824],[123.93525695800781,10.838720321655273],[123.93591308593784,10.83806037902832],[123.93640899658203,10.837409973144474],[123.93665313720726,10.836460113525618],[123.93755340576172,10.8362398147583],[123.93842315673828,10.83726024627697],[123.93920898437534,10.83782958984375],[123.94023132324264,10.837949752807617],[123.9417495727539,10.838239669799862],[123.94251251220703,10.838509559631404],[123.94344329833984,10.83833980560297],[123.94406890869152,10.837869644165039],[123.94455718994175,10.83716011047369],[123.94497680664062,10.836520195007267],[123.94523620605491,10.834620475768986],[123.94557952880905,10.833950042724666],[123.94627380371128,10.833550453186092],[123.94690704345749,10.833160400390739],[123.94732666015636,10.832489967346191],[123.94750976562511,10.83129978179943],[123.94741058349643,10.830599784851017],[123.94748687744186,10.829400062561149],[123.94773101806686,10.828860282898063],[123.94877624511719,10.828129768371696],[123.94967651367188,10.828180313110408],[123.95021057128952,10.828180313110408],[123.95097351074264,10.827369689941463],[123.95110321044967,10.82621955871582],[123.94465637207043,10.807049751281738],[123.94483184814464,10.790670394897461],[123.91425323486328,10.797229766845817],[123.88847351074253,10.80202960968029],[123.87830352783249,10.804059982299862],[123.86257934570312,10.807379722595329],[123.86273956298851,10.807649612426871],[123.8628921508789,10.807900428771973],[123.8630523681644,10.808059692382812],[123.8630523681644,10.808170318603516],[123.8630523681644,10.808329582214355],[123.86318969726574,10.808469772339095],[123.8632965087894,10.808580398559627],[123.86332702636719,10.808620452880916],[123.86332702636719,10.80889034271246],[123.8636093139653,10.809169769287166],[123.8636093139653,10.80943965911888],[123.86389160156273,10.809720039367676],[123.86389160156273,10.810000419616642],[123.86416625976574,10.81027984619152],[123.86416625976574,10.810560226440657],[123.86472320556652,10.811109542846737],[123.86472320556652,10.811389923095703],[123.86499786376953,10.81167030334484],[123.86499786376953,10.811940193176383],[123.8652267456057,10.812170028686467],[123.86528015136764,10.81221961975109],[123.86528015136764,10.812359809875488],[123.86528015136764,10.8125],[123.86533355712936,10.812560081482047],[123.86554718017578,10.812780380249023],[123.86554718017578,10.813329696655217],[123.86583709716797,10.81361007690441],[123.86583709716797,10.814169883728027],[123.86611175537143,10.81443977355957],[123.86611175537143,10.814539909362907],[123.86611175537143,10.814720153808594],[123.86638641357422,10.814999580383414],[123.86638641357422,10.815279960632381],[123.86667633056675,10.815549850463924],[123.86666870117233,10.816390037536564],[123.86694335937523,10.816670417785701],[123.86694335937523,10.817500114440918],[123.86715698242188,10.817850112915039],[123.8672866821289,10.818610191345272],[123.86756896972702,10.819370269775334],[123.86694335937523,10.821109771728516],[123.86670684814453,10.821350097656364],[123.86666870117233,10.821390151977653],[123.86666870117233,10.825400352478027],[123.86666870117233,10.82721996307373],[123.86694335937523,10.827500343322697],[123.86694335937523,10.828060150146712],[123.86721801757824,10.828510284423942],[123.86721801757824,10.828920364379883],[123.86718750000045,10.829350471496582],[123.86702728271496,10.829819679260254],[123.8669662475586,10.830380439758528],[123.86704254150436,10.830989837646598],[123.86747741699219,10.831580162048397],[123.86839294433628,10.831919670105094],[123.86888122558594,10.831649780273551],[123.86905670166016,10.83158969879156],[123.86958312988293,10.831439971923828],[123.8701400756836,10.831439971923828],[123.87069702148438,10.831029891967887],[123.8709716796875,10.830610275268612],[123.87106323242222,10.830430030822754],[123.87119293212936,10.8302001953125],[123.87124633789108,10.828949928283919],[123.87090301513672,10.828539848327637],[123.87062835693371,10.828120231628361],[123.87048339843795,10.827779769897575],[123.87048339843795,10.82715988159191],[123.87062835693371,10.826669692993221],[123.87077331542969,10.826530456542912],[123.8709716796875,10.826330184936523],[123.87111663818393,10.826049804687557],[123.87124633789108,10.825909614562988],[123.8714599609375,10.825630187988281],[123.87167358398438,10.825570106506461],[123.87216186523449,10.825499534607047],[123.87238311767624,10.825499534607047],[123.87251281738281,10.825499534607047],[123.87341308593784,10.826189994812125],[123.8737564086914,10.826600074768066],[123.87425231933605,10.826880455017033],[123.87522888183605,10.827090263366927],[123.87571716308616,10.82715988159191],[123.87683105468761,10.82715988159191],[123.87689971923828,10.827090263366927],[123.87728118896484,10.826430320739803],[123.87753295898483,10.82618045806879],[123.87783813476562,10.825880050659293],[123.87790679931663,10.825530052185172],[123.87812042236362,10.82532024383545],[123.8783111572269,10.82532024383545],[123.87875366210972,10.82532024383545],[123.87909698486328,10.825460433960018],[123.8791732788086,10.825880050659293],[123.87909698486328,10.826359748840389],[123.87889099121128,10.8267698287965],[123.87860870361328,10.827190399169865],[123.87840270996094,10.827329635620174],[123.87798309326206,10.827599525451717],[123.87738800048828,10.828049659729118],[123.87738800048828,10.82861042022705],[123.87753295898483,10.829019546508903],[123.87843322753952,10.829919815063704],[123.87816619873058,10.830410003662223],[123.8783874511721,10.83123970031744],[123.87879943847656,10.831870079040527],[123.87957000732422,10.832209587097225],[123.880409240723,10.832489967346191],[123.88086700439476,10.832679748535156],[123.88075256347668,10.833459854125977],[123.88025665283203,10.833660125732536],[123.87957000732422,10.833660125732536],[123.87864685058605,10.833239555359],[123.87801361083984,10.833029747009277],[123.87731933593761,10.832480430603027],[123.87696838378952,10.832059860229492],[123.87676239013695,10.831649780273551],[123.87661743164062,10.830960273742733],[123.87654876708996,10.830539703369368],[123.87648010253929,10.830060005188102],[123.87634277343795,10.829440116882438],[123.87634277343795,10.829019546508903],[123.87613677978516,10.828680038452376],[123.87579345703136,10.828330039978255],[123.87529754638672,10.827919960021973],[123.87474060058628,10.82771015167259],[123.8739700317384,10.827639579773006],[123.87333679199264,10.827850341796989],[123.87299346923828,10.828539848327637],[123.87299346923828,10.82880973815918],[123.87310028076217,10.829700469970703],[123.87326049804688,10.830169677734375],[123.87357330322266,10.83051967620844],[123.87383270263672,10.8308496475222],[123.8740234375,10.831210136413574],[123.8740234375,10.831669807434082],[123.8740692138673,10.83185005187994],[123.87413787841797,10.832150459289664],[123.87416076660168,10.83263015747076],[123.8741073608403,10.833000183105582],[123.8741073608403,10.833069801330566],[123.8740692138673,10.833149909973145],[123.87393188476597,10.833419799804688],[123.87383270263672,10.833749771118221],[123.8736572265625,10.833999633789062],[123.87351226806652,10.834259986877498],[123.87332153320324,10.834529876709041],[123.87304687500023,10.834779739379826],[123.87268829345703,10.835009574890137],[123.87226104736362,10.835200309753418],[123.87214660644577,10.835209846496696],[123.87174987792969,10.835260391235579],[123.87122344970714,10.835109710693416],[123.87098693847656,10.835000038146973],[123.87075042724632,10.834899902343864],[123.87037658691429,10.83467006683361],[123.87019348144531,10.834440231323356],[123.87016296386753,10.834389686584473],[123.87001037597656,10.834070205688477],[123.86981201171875,10.833800315856934],[123.86918640136719,10.833800315856934],[123.8689575195317,10.833970069885368],[123.86884307861351,10.834059715271053],[123.86869812011719,10.834170341491756],[123.86849975585938,10.834770202636719],[123.86858367919956,10.835430145263672],[123.86862945556652,10.836050033569336],[123.86875152587913,10.836640357971305],[123.8689575195317,10.83722019195568],[123.86918640136719,10.837789535522461],[123.86943054199219,10.83833980560297],[123.86961364746116,10.838919639587402],[123.86975860595703,10.839529991149902],[123.87000274658203,10.840109825134277],[123.87024688720714,10.840700149536076],[123.87037658691429,10.841059684753532],[123.87046813964866,10.841309547424316],[123.8707427978519,10.841870307922477],[123.87098693847656,10.842350006103572],[123.87120819091808,10.842760086059684],[123.87135314941406,10.8431396484375],[123.87139129638683,10.843549728393612],[123.87145233154331,10.843970298767317],[123.87165832519531,10.844369888305664],[123.87185668945312,10.844759941101074],[123.87201690673862,10.845159530639762],[123.87223052978516,10.845509529113883],[123.8724517822269,10.845890045165959],[123.87254333496105,10.846389770507812],[123.8727264404298,10.846859931945744],[123.87283325195347,10.847330093383903],[123.87297821044956,10.84772968292259],[123.87294769287132,10.84817981719982],[123.87303161621128,10.848589897155762],[123.87316894531284,10.848979949951172],[123.8732681274414,10.849370002746582],[123.87332916259788,10.849749565124512],[123.87341308593784,10.850110054016056],[123.87361907959007,10.850419998168888],[123.87384796142578,10.85072994232172],[123.87390899658249,10.851010322570914],[123.87394714355469,10.85116004943859],[123.87381744384766,10.851819992065543],[123.87390899658249,10.852060317993221],[123.8739929199221,10.852290153503475],[123.87425994873058,10.852620124816895],[123.87447357177757,10.852910041809139],[123.87468719482456,10.853130340576115],[123.87477111816406,10.853219985961971],[123.87486267089889,10.853329658508414],[123.87531280517612,10.853910446167106],[123.87566375732422,10.854669570922852],[123.87586975097656,10.855569839477482],[123.87586975097656,10.8566703796389],[123.87595367431686,10.857430458068961],[123.87600708007858,10.858400344848746],[123.87613677978516,10.858830451965446],[123.87634277343795,10.859270095825252],[123.87641906738281,10.859760284423942],[123.87657165527366,10.860199928283748],[123.87670135498047,10.860679626464787],[123.87689971923828,10.861169815063477],[123.87699127197266,10.86178970336914],[123.87722778320347,10.862429618835563],[123.8775634765625,10.863089561462516],[123.87808227539074,10.863630294799918],[123.87869262695347,10.864089965820426],[123.8788528442384,10.864179611206112],[123.87933349609398,10.864459991455078],[123.87985229492188,10.864850044250488],[123.8802490234375,10.865119934082031],[123.88072967529342,10.86513996124279],[123.88105010986351,10.86520004272461],[123.88118743896484,10.865229606628645],[123.8816070556644,10.86555004119873],[123.88140106201172,10.865670204162598],[123.8813629150394,10.86569023132347],[123.88095092773449,10.865830421447868],[123.8806381225586,10.866169929504395],[123.8804931640625,10.866620063781966],[123.88033294677734,10.867150306701774],[123.88027954101597,10.867759704589844],[123.88027954101597,10.868390083313102],[123.88027954101597,10.8689603805542],[123.88028717041038,10.869460105895996],[123.88030242919922,10.869870185852108],[123.88037109375011,10.870209693908805],[123.880409240723,10.87051010131836],[123.88031005859375,10.87078952789318],[123.880126953125,10.871089935302734],[123.88002014160202,10.87141036987316],[123.8800735473634,10.871649742126522],[123.8800964355471,10.871820449829102],[123.88041687011753,10.872400283813477],[123.88073730468761,10.872940063476562],[123.88101959228516,10.873379707336369],[123.88127136230469,10.87376976013195],[123.88130950927746,10.874230384826603],[123.88131713867199,10.874730110168457],[123.88133239746105,10.875269889831543],[123.88139343261719,10.875880241394043],[123.88153839111374,10.876489639282283],[123.88179779052768,10.876850128173828],[123.88208770751964,10.877079963684139],[123.88226318359386,10.87720012664795],[123.88231658935581,10.877240180969238],[123.88240051269531,10.877300262451229],[123.88266754150402,10.87761020660406],[123.88272094726562,10.877670288085938],[123.8829498291019,10.877929687500057],[123.88329315185547,10.878109931945914],[123.88359069824264,10.878270149231014],[123.88378906250011,10.878459930420036],[123.88388061523438,10.878700256347884],[123.88390350341831,10.878979682922363],[123.88388061523438,10.879269599914664],[123.88384246826206,10.879599571228027],[123.8839721679692,10.880060195922908],[123.88424682617188,10.88059043884283],[123.88436126708996,10.880900382995662],[123.88440704345749,10.881030082702637],[123.88450622558594,10.881369590759334],[123.88471984863281,10.881620407104492],[123.88490295410156,10.881879806518612],[123.88510894775436,10.882149696350154],[123.88535308837936,10.882450103759822],[123.88555908203159,10.882780075073242],[123.88471984863281,10.882780075073242],[123.88416290283249,10.883330345153922],[123.88416290283249,10.883890151977596],[123.88429260253929,10.88401985168457],[123.88436126708996,10.884090423583984],[123.88445281982422,10.884169578552246],[123.88471984863281,10.884169578552246],[123.88555908203159,10.88500022888195],[123.88555908203159,10.8852796554566],[123.88583374023438,10.885560035705566],[123.88583374023438,10.885820388794002],[123.88583374023438,10.886110305786133],[123.88639068603538,10.88667011260992],[123.88639068603538,10.887220382690487],[123.88646697998058,10.887310028076172],[123.88662719726562,10.887470245361271],[123.88667297363293,10.887530326843319],[123.88667297363293,10.887780189514103],[123.88691711425781,10.888030052185286],[123.88694763183628,10.888079643249512],[123.88694763183628,10.88833045959484],[123.88720703125045,10.888589859008789],[123.88722229003918,10.888629913330078],[123.88722229003918,10.888890266418457],[123.88745117187545,10.889120101928768],[123.88749694824219,10.889169692993164],[123.88749694824219,10.889240264892578],[123.88749694824219,10.889439582824707],[123.88762664794933,10.889570236206168],[123.8877792358403,10.889719963073844],[123.8877792358403,10.889929771423567],[123.8877792358403,10.89000034332281],[123.88804626464878,10.890279769897518],[123.88804626464878,10.890560150146484],[123.88813781738281,10.890640258789062],[123.88834381103516,10.890830039978027],[123.88899230957065,10.891320228576888],[123.88919830322266,10.892009735107536],[123.88941192626953,10.892769813537598],[123.88961791992222,10.893389701843262],[123.88968658447311,10.894009590148926],[123.88990020751964,10.895259857177848],[123.88996887207031,10.895950317382756],[123.88996887207031,10.896639823913574],[123.8900375366211,10.896980285644531],[123.89073181152344,10.898369789123763],[123.89095306396518,10.899330139160213],[123.89095306396518,10.900369644165153],[123.890907287598,10.901020050048771],[123.89119720458984,10.901379585266227],[123.89144134521496,10.90170955657959],[123.89166259765659,10.901989936828556],[123.89183807373092,10.902250289916992],[123.89192962646507,10.902549743652571],[123.89193725585938,10.902910232543945],[123.89193725585938,10.903349876403922],[123.89193725585938,10.903900146484432],[123.89193725585938,10.904540061950684],[123.89199066162121,10.905220031738509],[123.8921737670903,10.905900001525822],[123.89225006103516,10.906550407409668],[123.89238739013683,10.90711975097679],[123.8927230834961,10.907580375671614],[123.89305114746128,10.908029556274357],[123.89346313476562,10.908390045166072],[123.8938827514653,10.908720016479492],[123.89425659179688,10.909029960632324],[123.89465332031295,10.90911960601818],[123.89489746093795,10.909210205078182],[123.89502716064499,10.909250259399471],[123.89508819580124,10.90896034240734],[123.8962631225586,10.907730102539176],[123.89707183837913,10.906780242919922]]]}},{"type":"Feature","properties":{"ID_0":177,"ISO":"PHL","NAME_0":"Philippines","ID_1":25,"NAME_1":"Cebu","ID_2":490,"NAME_2":"Talisay City","NL_NAME_2":null,"VARNAME_2":null,"TYPE_2":"Lungsod|Siyudad","ENGTYPE_2":"City","PROVINCE":"Cebu","REGION":"Central Visayas (Region VII)"},"geometry":{"type":"Polygon","coordinates":[[[123.791259765625,10.328450202941838],[123.803466796875,10.326339721679915],[123.81204986572266,10.327260017395133],[123.81244659423874,10.326910018921012],[123.81317901611328,10.326939582824707],[123.81411743164062,10.327839851379508],[123.8144683837894,10.328229904174918],[123.81494903564464,10.328419685363883],[123.81655883789074,10.327260017395133],[123.81720733642624,10.32691955566412],[123.81802368164108,10.326669692993107],[123.81849670410179,10.327139854431266],[123.81880950927768,10.327790260314885],[123.81902313232422,10.328080177307356],[123.81951141357433,10.328180313110295],[123.82067108154308,10.32717037200922],[123.823486328125,10.324549674987907],[123.82450866699264,10.32161998748785],[123.82491302490268,10.320139884948787],[123.82405853271484,10.317259788513184],[123.82290649414062,10.315910339355582],[123.82241821289108,10.314160346984863],[123.82240295410179,10.312529563903809],[123.82164001464866,10.311240196228255],[123.8208465576173,10.309749603271484],[123.82029724121105,10.308670043945426],[123.81974029541061,10.307359695434684],[123.82804107666016,10.296540260314941],[123.82967376709018,10.294380187988224],[123.83966827392601,10.283029556274414],[123.84130859375034,10.28054046630865],[123.84297943115246,10.279999732971248],[123.84394836425793,10.279230117797852],[123.84641265869152,10.279069900512752],[123.84812927246105,10.278249740600643],[123.84966278076183,10.276769638061637],[123.85057830810547,10.275830268859863],[123.85119628906261,10.274860382080078],[123.85180664062534,10.273859977722111],[123.85254669189499,10.27190017700201],[123.85282135009788,10.270560264587402],[123.85308837890636,10.269820213317871],[123.85339355468773,10.269399642944336],[123.85739135742222,10.266550064087028],[123.8618621826173,10.263930320739803],[123.86319732666027,10.263030052185172],[123.86428833007812,10.262559890747184],[123.86570739746139,10.261949539184684],[123.86766815185547,10.261859893798771],[123.87296295166061,10.262060165405387],[123.87561798095726,10.262129783630314],[123.87522125244152,10.261480331421012],[123.87460327148438,10.26072025299078],[123.87418365478538,10.260379791259766],[123.87381744384766,10.260169982910213],[123.8737564086914,10.260160446167106],[123.87354278564487,10.260100364685115],[123.87304687500023,10.260169982910213],[123.87214660644577,10.260169982910213],[123.8720092773442,10.260100364685115],[123.8718719482423,10.259889602661246],[123.8717269897461,10.259619712829704],[123.87138366699264,10.259129524231184],[123.8709411621096,10.25829029083252],[123.8706665039067,10.258040428161678],[123.87045288085949,10.257760047912711],[123.87026977539074,10.25745010375988],[123.87007904052746,10.257149696350154],[123.86917877197266,10.256580352783203],[123.868408203125,10.256509780883789],[123.86798858642601,10.256090164184513],[123.86736297607422,10.255399703979606],[123.86737823486374,10.254579544067383],[123.86718750000045,10.254240036010856],[123.86694335937523,10.253840446472168],[123.86666870117233,10.253390312194938],[123.86638641357422,10.25292015075695],[123.86609649658249,10.252440452575684],[123.86575317382812,10.252030372619743],[123.86533355712936,10.251709938049316],[123.86496734619175,10.251350402832088],[123.86470031738327,10.25090026855463],[123.86444091796909,10.2504301071167],[123.86438751220737,10.250309944152832],[123.86419677734409,10.24993991851818],[123.86412048339844,10.249440193176383],[123.86392974853516,10.24899959564209],[123.86377716064464,10.248550415039176],[123.8632965087894,10.248270034789982],[123.86290740966808,10.24794006347679],[123.86253356933628,10.247790336608887],[123.86210632324253,10.247730255127067],[123.86161041259766,10.247540473938102],[123.86100769043003,10.247500419616813],[123.86036682128952,10.247500419616813],[123.85975646972668,10.247500419616813],[123.85920715332043,10.247460365295524],[123.85877990722656,10.247260093688965],[123.85839080810547,10.247220039367676],[123.8580093383789,10.247209548950252],[123.85764312744186,10.247159957885799],[123.85732269287155,10.2469997406007],[123.85698699951172,10.24689960479742],[123.85690307617199,10.246850013732967],[123.85665893554688,10.246700286865462],[123.856239318848,10.246580123901424],[123.855712890625,10.246549606323299],[123.85505676269531,10.246620178222713],[123.85444641113304,10.246520042419434],[123.85392761230469,10.246370315551701],[123.8535385131836,10.246109962463493],[123.85323333740234,10.24584007263195],[123.85295104980503,10.245599746704045],[123.85265350341797,10.24540996551525],[123.85241699218761,10.245200157165527],[123.85222625732433,10.24495983123802],[123.85209655761719,10.244779586791992],[123.85204315185581,10.244709968566838],[123.85183715820312,10.244420051574764],[123.85163879394531,10.24405956268322],[123.8513412475586,10.24368953704834],[123.85096740722702,10.2433500289917],[123.85057830810547,10.243060111999739],[123.85018920898438,10.242770195007267],[123.84986114501964,10.242420196533203],[123.84976959228538,10.242199897766227],[123.84974670410168,10.242159843444938],[123.84966278076183,10.241939544677962],[123.84931182861374,10.241570472717228],[123.84896087646484,10.241209983825684],[123.84863281250023,10.240850448608455],[123.84832763671886,10.24046993255621],[123.84799194335972,10.240139961242619],[123.84760284423862,10.239970207214355],[123.84726715087902,10.23978042602539],[123.84697723388683,10.239729881286678],[123.84668731689453,10.239709854125977],[123.8463973999028,10.239640235900993],[123.8460922241211,10.239540100097713],[123.84574890136753,10.239459991455305],[123.84535980224621,10.239439964294434],[123.8449478149414,10.239399909973145],[123.8445434570317,10.2391996383667],[123.84403991699253,10.239029884338436],[123.84352874755905,10.238789558410758],[123.84306335449219,10.238439559936467],[123.84293365478516,10.23832988739025],[123.8426208496096,10.23803997039795],[123.84221649169933,10.237649917602539],[123.84185791015648,10.237319946289176],[123.84145355224621,10.237139701843489],[123.84111785888706,10.236949920654354],[123.84078979492222,10.236769676208496],[123.84043884277344,10.236630439758358],[123.84010314941452,10.2364501953125],[123.83966827392601,10.236359596252498],[123.83925628662121,10.236209869384993],[123.83882904052768,10.236080169677848],[123.83846282958984,10.235830307006836],[123.83811187744152,10.235560417175293],[123.8377609252932,10.235300064086857],[123.83740997314453,10.235039710998649],[123.83706665039074,10.234809875488338],[123.83689880371116,10.234439849853516],[123.83666992187545,10.234169960021973],[123.83638763427734,10.234439849853516],[123.83585357666038,10.234439849853516],[123.83557128906295,10.234829902648926],[123.83550262451172,10.235179901123047],[123.83557128906295,10.235320091247615],[123.83557128906295,10.235619544983024],[123.83557128906295,10.236149787902832],[123.83550262451172,10.236490249633789],[123.8354263305664,10.236630439758358],[123.83522033691406,10.23684024810791],[123.83500671386764,10.237050056457633],[123.83473205566406,10.23738956451416],[123.83467864990246,10.237799644470272],[123.83466339111328,10.23793983459484],[123.83466339111328,10.23890018463129],[123.83466339111328,10.238949775695914],[123.83466339111328,10.239259719848746],[123.83457183837936,10.239259719848746],[123.83445739746094,10.239259719848746],[123.83416748046875,10.239049911499023],[123.83416748046875,10.23843002319336],[123.83416748046875,10.237810134887695],[123.83424377441452,10.237460136413574],[123.83438873291027,10.23684024810791],[123.83445739746094,10.2362899780274],[123.83445739746094,10.234490394592399],[123.83438873291027,10.234419822692985],[123.83424377441452,10.234140396118278],[123.83403778076195,10.234009742736816],[123.83381652832043,10.234009742736816],[123.83326721191418,10.234560012817383],[123.8326416015625,10.23490047454834],[123.83187866210938,10.235320091247615],[123.83033752441406,10.235799789428711],[123.82922363281295,10.236080169677848],[123.82837677001953,10.236539840698185],[123.82743072509777,10.23684024810791],[123.82704925537121,10.236960411071777],[123.82537841796875,10.23723030090332],[123.82462310791016,10.237429618835392],[123.8232192993164,10.237790107727108],[123.82206726074219,10.237790107727108],[123.82099914550781,10.237790107727108],[123.82050323486374,10.237790107727108],[123.81918334960972,10.237850189208984],[123.81799316406261,10.237919807434082],[123.81638336181675,10.237990379333553],[123.81572723388695,10.23787975311285],[123.81520080566406,10.237790107727108],[123.81484985351597,10.237759590149153],[123.81458282470726,10.237739562988224],[123.81398010253918,10.23797988891613],[123.81395721435547,10.238380432128963],[123.81403350830112,10.23882007598877],[123.814697265625,10.239480018615666],[123.81516265869186,10.239890098571834],[123.81572723388695,10.240630149841309],[123.81617736816418,10.241720199584961],[123.81629943847679,10.2430801391601],[123.81593322753952,10.244489669799862],[123.81581878662132,10.24464035034191],[123.8155670166019,10.245490074157829],[123.81491851806686,10.24625015258789],[123.81429290771507,10.246649742126579],[123.81360626220714,10.246970176697005],[123.81298065185547,10.247579574585075],[123.81237792968784,10.248720169067383],[123.81227874755871,10.250049591064453],[123.81257629394554,10.25129032135004],[123.81211090087936,10.25236988067627],[123.81198883056675,10.25327014923107],[123.81236267089855,10.25426959991455],[123.81237792968784,10.25547027587885],[123.81179809570347,10.256600379943961],[123.811561584473,10.257559776306152],[123.81188201904308,10.259079933166618],[123.81263732910202,10.25994014740013],[123.8133773803711,10.260919570922852],[123.81358337402389,10.262089729309082],[123.8127593994144,10.264200210571516],[123.81214904785156,10.26546955108654],[123.81063842773438,10.26587963104248],[123.80959320068371,10.266440391540584],[123.80821228027344,10.267379760742244],[123.80715942382858,10.26801967620861],[123.80602264404331,10.268739700317383],[123.80547332763672,10.269550323486328],[123.79778289794933,10.281599998474121],[123.79354858398438,10.280690193176326],[123.78536987304699,10.287799835205021],[123.78340148925804,10.317270278930778],[123.78267669677734,10.325550079345817],[123.7846374511721,10.326009750366211],[123.78527832031261,10.326319694519043],[123.78897094726562,10.327719688415641],[123.7897872924807,10.32818984985363],[123.79057312011753,10.328370094299316],[123.791259765625,10.328450202941838]]]}},{"type":"Feature","properties":{"ID_0":177,"ISO":"PHL","NAME_0":"Philippines","ID_1":25,"NAME_1":"Cebu","ID_2":491,"NAME_2":"Toledo City","NL_NAME_2":null,"VARNAME_2":null,"TYPE_2":"Lungsod|Siyudad","ENGTYPE_2":"City","PROVINCE":"Cebu","REGION":"Central Visayas (Region VII)"},"geometry":{"type":"Polygon","coordinates":[[[123.68200683593761,10.451689720153922],[123.68286895751987,10.451169967651367],[123.6841812133789,10.451530456543082],[123.68534851074253,10.451549530029524],[123.68579101562545,10.450900077819824],[123.68567657470737,10.44976997375494],[123.68679046630882,10.44839954376232],[123.68858337402378,10.448579788208008],[123.68978881835938,10.447799682617188],[123.69116210937511,10.446840286254883],[123.69181060791016,10.446379661560002],[123.69249725341808,10.445460319519157],[123.69341278076172,10.445839881896916],[123.69465637207031,10.445210456848145],[123.69567108154297,10.444160461425781],[123.6960372924807,10.443739891052246],[123.69624328613281,10.442399978637809],[123.69605255126953,10.441599845886287],[123.69525146484386,10.440939903259505],[123.69509887695312,10.440670013427791],[123.69497680664074,10.440469741821346],[123.69589996337936,10.439040184021223],[123.69693756103516,10.43828010559082],[123.69728851318405,10.4379301071167],[123.69724273681686,10.437430381774902],[123.69721984863281,10.437179565429744],[123.69728088378929,10.435859680175895],[123.69789123535156,10.435250282287654],[123.69799804687545,10.434809684753532],[123.69815826416016,10.434189796447868],[123.6983413696289,10.434189796447868],[123.69940948486362,10.434189796447868],[123.70001220703125,10.433429718017805],[123.69986724853516,10.432209968566838],[123.7006607055664,10.430760383606014],[123.7008666992192,10.429900169372615],[123.70156860351585,10.429759979248047],[123.70240020751964,10.430500030517578],[123.70298004150402,10.430370330810604],[123.70304870605469,10.430350303649846],[123.7034912109375,10.4302597045899],[123.70484161376953,10.430640220642317],[123.70568847656295,10.43039989471447],[123.70568847656295,10.429409980773926],[123.70539093017601,10.428649902343693],[123.70546722412121,10.42753982543951],[123.70609283447266,10.427559852600098],[123.7066879272461,10.427579879760799],[123.70712280273438,10.42716026306158],[123.70807647705078,10.426980018615723],[123.7096633911134,10.427189826965389],[123.71056365966797,10.426429748535156],[123.71095275878906,10.426650047302303],[123.71159362793014,10.42667007446289],[123.71221160888672,10.426090240478459],[123.71293640136764,10.426600456237907],[123.71430969238281,10.427470207214412],[123.71528625488315,10.427470207214412],[123.7157669067384,10.42796993255638],[123.71633148193371,10.429249763488826],[123.71700286865268,10.42965030670166],[123.718017578125,10.430060386657772],[123.71839141845703,10.431269645690918],[123.71880340576183,10.431989669799918],[123.71961212158249,10.432680130004996],[123.720252990723,10.432740211486816],[123.72087860107422,10.43284988403326],[123.72168731689464,10.432530403137264],[123.72170257568405,10.43220043182373],[123.72138977050815,10.431650161743221],[123.72112274169945,10.43074989318859],[123.72123718261719,10.430210113525447],[123.72168731689464,10.429860115051326],[123.72236633300804,10.429789543152083],[123.72315216064453,10.429730415344181],[123.72382354736362,10.428609848022404],[123.72434997558605,10.427570343017692],[123.72553253173862,10.426779747009277],[123.72676849365234,10.42704963684082],[123.72814178466842,10.426230430603084],[123.72894287109398,10.424980163574332],[123.72956848144531,10.424249649047908],[123.73033142089844,10.424460411071777],[123.73075866699241,10.42508983612072],[123.73127746582031,10.425180435180891],[123.73171234130882,10.424309730529785],[123.7320327758789,10.423139572143555],[123.73264312744175,10.422989845275879],[123.73297119140659,10.421739578247127],[123.73417663574253,10.4205904006958],[123.73509979248047,10.419500350952148],[123.73590850830101,10.419260025024471],[123.73695373535179,10.419540405273438],[123.7379302978519,10.42020034790039],[123.73858642578125,10.419659614562988],[123.73964691162143,10.41975021362316],[123.74104309082065,10.419699668884277],[123.74189758300793,10.418979644775504],[123.74211120605514,10.418549537658805],[123.74215698242188,10.417650222778263],[123.74252319335938,10.416720390319767],[123.74217987060581,10.415769577026424],[123.74111938476574,10.414360046386662],[123.74044799804688,10.413120269775334],[123.74031829833984,10.41205024719244],[123.7406234741211,10.411149978637638],[123.74125671386719,10.409919738769645],[123.74195098876953,10.409290313720646],[123.74273681640625,10.408639907837028],[123.76119995117222,10.395979881286735],[123.76973724365246,10.39064025878912],[123.77027130126953,10.388279914856014],[123.77098846435581,10.385649681091365],[123.77153778076172,10.383000373840275],[123.7718887329105,10.379220008850154],[123.77194976806663,10.376790046691951],[123.77169036865268,10.372529983520565],[123.770263671875,10.37106990814209],[123.76761627197311,10.36824989318842],[123.7615966796875,10.360340118408203],[123.75618743896496,10.352230072021598],[123.75109100341831,10.343379974365291],[123.7456207275394,10.334589958190975],[123.75530242919922,10.312129974365462],[123.75546264648483,10.31128978729248],[123.75540161132812,10.3107204437257],[123.755126953125,10.310319900512695],[123.7545318603519,10.309690475464095],[123.74382781982467,10.30317020416254],[123.74289703369175,10.302439689636344],[123.74236297607433,10.301690101623535],[123.73523712158226,10.303569793701229],[123.72930908203136,10.304969787597884],[123.72409057617188,10.305749893188477],[123.71589660644531,10.297369956970329],[123.70110321044967,10.283519744873274],[123.69207000732422,10.274359703063965],[123.68721771240234,10.269729614257926],[123.68580627441418,10.267620086669922],[123.67475891113293,10.276289939880371],[123.66632843017578,10.283619880676213],[123.65886688232422,10.28985977172863],[123.65139770507847,10.295579910278263],[123.64974975585983,10.297060012817496],[123.64234161376964,10.302680015564022],[123.63822937011753,10.305660247802791],[123.63744354248047,10.306260108947754],[123.63110351562545,10.310689926147575],[123.62394714355491,10.314999580383358],[123.61622619628952,10.319780349731559],[123.61280059814499,10.321940422058105],[123.59929656982422,10.332150459289608],[123.58834075927746,10.340959548950138],[123.58857727050827,10.34111022949213],[123.58934783935581,10.341870307922363],[123.58956146240234,10.342200279235954],[123.58963012695312,10.342280387878532],[123.58976745605469,10.342769622802734],[123.58984375,10.343259811401595],[123.58997344970737,10.343669891357536],[123.59046173095714,10.34463977813732],[123.5907363891605,10.344849586486873],[123.5910873413086,10.34519004821783],[123.59130096435558,10.345470428466797],[123.59143829345749,10.345740318298397],[123.59158325195324,10.346090316772461],[123.59163665771518,10.346509933471907],[123.59213256835938,10.347399711608944],[123.59248352050781,10.347889900207633],[123.59310913085949,10.348099708557356],[123.59339141845703,10.348299980163574],[123.59394836425781,10.348919868469238],[123.59414672851562,10.349129676818961],[123.59436798095737,10.34926986694336],[123.59454345703136,10.349300384521541],[123.59471893310547,10.34934043884283],[123.5951309204105,10.349410057067928],[123.59533691406273,10.349550247192326],[123.59583282470737,10.349679946899471],[123.5960083007817,10.349740028381348],[123.59625244140625,10.349820137023869],[123.59674072265636,10.349889755249023],[123.59750366210949,10.349960327148494],[123.59792327880905,10.350029945373592],[123.5984802246096,10.350099563598746],[123.59895324707054,10.350410461425895],[123.59931945800815,10.350649833679256],[123.5998764038086,10.350930213928223],[123.60072326660202,10.351409912109318],[123.60140991210949,10.351900100708008],[123.60191345214866,10.35208988189703],[123.60195922851562,10.352120399475154],[123.60252380371094,10.352310180664176],[123.60324859619163,10.352789878845215],[123.60370635986362,10.352939605713118],[123.60434722900436,10.353199958801383],[123.60498809814487,10.353400230407942],[123.60552215576183,10.353670120239315],[123.60600280761753,10.353910446166992],[123.60635375976562,10.354100227356014],[123.60643005371094,10.354109764099121],[123.60688781738327,10.354220390319824],[123.6073379516605,10.354379653930664],[123.60778045654342,10.354490280151424],[123.60819244384777,10.354630470275993],[123.60858917236351,10.354789733886832],[123.60896301269543,10.355059623718375],[123.60933685302746,10.355299949646223],[123.6093978881836,10.355330467224178],[123.60948944091797,10.355409622192496],[123.6098403930664,10.355690002441463],[123.60994720459018,10.355779647827148],[123.61009979248058,10.355879783630598],[123.6103134155278,10.356019973754996],[123.61077880859398,10.356349945068416],[123.61121368408249,10.356659889221248],[123.61161041259777,10.35696983337408],[123.61196899414062,10.357290267944336],[123.61331176757858,10.358209609985408],[123.61341094970703,10.358280181884993],[123.61393737793014,10.35861968994152],[123.6141510009769,10.358969688415641],[123.61448669433605,10.359390258789176],[123.61463928222656,10.359939575195426],[123.61483001708984,10.360389709472656],[123.61485290527355,10.36044025421154],[123.61485290527355,10.361049652099553],[123.61505126953136,10.362079620361385],[123.61505126953136,10.363459587097282],[123.61525726318371,10.364020347595215],[123.61547088623092,10.364359855652083],[123.61575317382812,10.364569664001465],[123.61602783203148,10.364850044250602],[123.61644744873047,10.365119934082145],[123.61670684814453,10.365229606628418],[123.61694335937545,10.365329742431697],[123.61741638183594,10.365400314331112],[123.61784362792991,10.365400314331112],[123.6184692382817,10.365469932556266],[123.61930847167969,10.36553955078125],[123.61992645263706,10.365679740905819],[123.6204223632817,10.365880012512207],[123.62097930908214,10.366160392761174],[123.62146759033226,10.366439819336051],[123.6216812133789,10.366709709167594],[123.6219635009769,10.366849899291992],[123.6221694946289,10.366990089416731],[123.6224365234375,10.367270469665527],[123.62246704101608,10.367300033569563],[123.62251281738304,10.367400169372502],[123.62278747558628,10.367959976196516],[123.62300109863281,10.368860244750977],[123.62315368652355,10.369199752807845],[123.62348937988315,10.369890213012752],[123.62419128418014,10.37057971954357],[123.62452697753906,10.370929718017692],[123.62489318847679,10.37106990814209],[123.62502288818393,10.371139526367244],[123.62523651123047,10.371210098266829],[123.62621307373081,10.371430397033805],[123.62664031982422,10.371649742126465],[123.62703704833984,10.371919631958008],[123.62744903564464,10.372190475463867],[123.62783813476574,10.372449874878157],[123.62830352783214,10.37261962890625],[123.62847137451172,10.372699737548828],[123.62875366210938,10.372819900512638],[123.62906646728527,10.373000144958496],[123.62917327880871,10.373060226440543],[123.62944793701183,10.37324047088623],[123.62959289550815,10.373330116272086],[123.63004302978538,10.373609542846737],[123.63046264648438,10.373900413513127],[123.6308364868164,10.374170303344727],[123.63112640380893,10.374429702758846],[123.63140869140625,10.374620437622127],[123.6316604614259,10.37479019165039],[123.63191223144531,10.374979972839355],[123.63220214843795,10.375200271606502],[123.63265991210938,10.375300407409782],[123.63313293457031,10.375430107116927],[123.63343811035156,10.375679969787598],[123.63371276855469,10.375929832458553],[123.63400268554688,10.376210212707576],[123.63423919677757,10.376649856567383],[123.6346893310548,10.37714958190918],[123.63516235351562,10.3776597976684],[123.63571166992188,10.377829551696834],[123.63617706298828,10.378040313720703],[123.63662719726585,10.378259658813704],[123.63810729980514,10.379229545593319],[123.63844299316429,10.37944030761713],[123.63941955566406,10.38053989410406],[123.63977050781273,10.381930351257381],[123.63997650146484,10.382889747619743],[123.64005279541027,10.383549690246696],[123.64005279541027,10.383589744567985],[123.63999938964844,10.384160041809082],[123.63834381103538,10.38416957855236],[123.6377792358403,10.38471984863287],[123.6377792358403,10.38556003570568],[123.63694763183594,10.386389732361067],[123.63694763183594,10.386670112609863],[123.6372222900394,10.386940002441406],[123.6372222900394,10.387220382690373],[123.63749694824219,10.38749980926525],[123.63749694824219,10.387780189514388],[123.6377792358403,10.388059616088924],[123.6377792358403,10.388330459594727],[123.63804626464878,10.388609886169434],[123.63804626464878,10.38889026641857],[123.63834381103538,10.389169692993278],[123.63834381103538,10.38943958282482],[123.63861083984409,10.389719963073787],[123.63861083984409,10.390279769897404],[123.63889312744152,10.390560150146598],[123.63889312744152,10.391110420227278],[123.63916778564453,10.391389846801758],[123.63916778564453,10.391670227050781],[123.63970184326206,10.391880035400447],[123.64019012451172,10.392430305481014],[123.64095306396484,10.393260002136174],[123.64158630371116,10.395270347595215],[123.64151000976562,10.396220207214583],[123.64170837402344,10.396699905395508],[123.64193725585949,10.397219657898063],[123.64193725585949,10.397780418395996],[123.64221954345703,10.398059844970703],[123.64221954345703,10.399169921875057],[123.64250183105514,10.3994398117066],[123.64277648925781,10.3994398117066],[123.64305877685547,10.399720191955566],[123.64333343505893,10.399720191955566],[123.64363098144531,10.399419784545842],[123.64389038085983,10.399169921875057],[123.64389038085983,10.398329734802246],[123.6441574096682,10.398059844970703],[123.6441574096682,10.396389961242676],[123.64499664306652,10.396389961242676],[123.64527893066418,10.396670341491813],[123.64527893066418,10.396940231323185],[123.64555358886764,10.397219657898063],[123.64555358886764,10.398329734802246],[123.64527893066418,10.398610115051383],[123.64527893066418,10.3994398117066],[123.64555358886764,10.399720191955566],[123.64555358886764,10.40027999877941],[123.64527893066418,10.400560379028377],[123.64527893066418,10.40083026885992],[123.64499664306652,10.40110969543457],[123.64499664306652,10.401940345764274],[123.6451110839846,10.402059555053825],[123.64555358886764,10.40250015258789],[123.64555358886764,10.402640342712516],[123.64556884765636,10.403180122375602],[123.64586639404331,10.403779983520508],[123.6458969116211,10.403840065002555],[123.64604949951206,10.403840065002555],[123.6464614868164,10.403840065002555],[123.64758300781284,10.404109954834098],[123.64835357666038,10.404250144958496],[123.648719787598,10.404620170593319],[123.64919281005871,10.405079841613883],[123.65200805664062,10.407879829406795],[123.65218353271484,10.408049583435059],[123.65322875976608,10.408829689025993],[123.6537475585942,10.40890979766857],[123.65428924560547,10.409020423889274],[123.65486907958984,10.409139633178825],[123.6551971435548,10.409159660339412],[123.65547180175827,10.409179687500114],[123.65605926513683,10.409259796142692],[123.65661621093795,10.4093599319458],[123.65714263916016,10.40950012207054],[123.65727233886719,10.409529685974235],[123.65837097167991,10.409839630127067],[123.65927124023438,10.410030364990348],[123.65959930419956,10.410099983215332],[123.65997314453159,10.410180091857853],[123.66185760498047,10.410389900207576],[123.66367340087936,10.411080360412711],[123.6655502319336,10.412190437316838],[123.66680908203125,10.41322040557867],[123.66764831542969,10.414259910583553],[123.66764831542969,10.414369583129996],[123.66764831542969,10.414609909057674],[123.66757202148438,10.414739608764648],[123.66716003418014,10.415019989013615],[123.66696929931686,10.415129661560059],[123.66680908203125,10.415229797363338],[123.66638946533249,10.416060447692871],[123.66625213623047,10.417160034179801],[123.66625213623047,10.41812992095953],[123.66638946533249,10.418959617614746],[123.66667175292991,10.419440269470329],[123.66694641113293,10.42012977600092],[123.66735076904342,10.420869827270621],[123.66737365722656,10.420900344848633],[123.66751098632824,10.421239852905273],[123.66799163818393,10.422349929809627],[123.66813659667969,10.423939704895076],[123.66826629638683,10.424630165100211],[123.66826629638683,10.42704963684082],[123.66841125488281,10.428150177002067],[123.66861724853516,10.428910255432129],[123.66883087158214,10.429189682006779],[123.66883087158214,10.4295396804809],[123.66876220703148,10.430230140686035],[123.66869354248081,10.430500030517578],[123.66861724853516,10.4308500289917],[123.66861724853516,10.432160377502441],[123.66863250732467,10.432239532470703],[123.66869354248081,10.432649612426815],[123.66918182373047,10.43334007263195],[123.66945648193393,10.433679580688477],[123.67001342773483,10.434100151062012],[123.67057037353527,10.43443965911871],[123.67120361328125,10.434769630432243],[123.67175292968784,10.434989929199219],[123.67225646972702,10.435250282287654],[123.67243957519577,10.435359954834041],[123.6727294921875,10.435529708862305],[123.6729965209961,10.43583011627203],[123.67305755615257,10.435899734497184],[123.67333221435581,10.436269760131836],[123.67357635498047,10.436650276184082],[123.67375946044922,10.437100410461483],[123.67391204834007,10.437649726867903],[123.67417144775402,10.438190460205135],[123.6744766235355,10.438719749450797],[123.67489624023438,10.439149856567496],[123.67532348632824,10.439490318298454],[123.6756591796875,10.43982982635498],[123.6759414672855,10.440130233764705],[123.67611694335983,10.44048023223877],[123.67632293701206,10.440799713134766],[123.67643737792969,10.44120025634777],[123.6766128540039,10.441599845886287],[123.67666625976574,10.442040443420353],[123.67666625976574,10.442489624023665],[123.67666625976574,10.442959785461426],[123.67662048339844,10.443449974060115],[123.67642974853516,10.443940162658635],[123.67640686035156,10.44406986236578],[123.67633056640659,10.44445991516119],[123.6761474609375,10.44491004943842],[123.67608642578136,10.445349693298397],[123.67595672607422,10.445719718933105],[123.67581939697288,10.44608020782482],[123.6756591796875,10.446470260620174],[123.67552185058605,10.44694995880127],[123.67527770996094,10.447489738464355],[123.67503356933605,10.448089599609489],[123.67487335205101,10.448740005493107],[123.67474365234386,10.449310302734375],[123.67469024658203,10.449790000915641],[123.67456054687511,10.450169563293457],[123.67446899414097,10.450570106506461],[123.67445373535156,10.451000213623104],[123.67445373535156,10.451490402221623],[123.67445373535156,10.452019691467285],[123.67453765869186,10.452569961547852],[123.67456054687511,10.452650070190373],[123.67513275146496,10.452850341796989],[123.67584991455078,10.453140258789062],[123.67632293701206,10.453300476074219],[123.67664337158249,10.45331954956066],[123.67754364013695,10.453840255737305],[123.67919921875,10.453969955444279],[123.6797485351567,10.453729629516602],[123.68057250976597,10.453370094299373],[123.68150329589844,10.452409744262695],[123.68200683593761,10.451689720153922]]]}},{"type":"Feature","properties":{"ID_0":177,"ISO":"PHL","NAME_0":"Philippines","ID_1":25,"NAME_1":"Cebu","ID_2":492,"NAME_2":"Tuburan","NL_NAME_2":null,"VARNAME_2":null,"TYPE_2":"Bayan|Munisipyo","ENGTYPE_2":"Municipality","PROVINCE":"Cebu","REGION":"Central Visayas (Region VII)"},"geometry":{"type":"Polygon","coordinates":[[[123.94483184814464,10.790670394897461],[123.94709014892578,10.771940231323185],[123.94718170166016,10.76675033569336],[123.94882202148483,10.747870445251579],[123.94891357421875,10.747099876403865],[123.94896697998047,10.744339942932072],[123.9463119506836,10.729470252990666],[123.94149780273472,10.7010498046875],[123.94155883789062,10.696769714355526],[123.94210815429688,10.684769630432186],[123.94229125976562,10.681509971618766],[123.94265747070335,10.680979728698958],[123.94074249267612,10.679750442504883],[123.93927764892624,10.678350448608398],[123.93788909912132,10.676750183105582],[123.93392944335938,10.674079895019645],[123.92909240722668,10.670689582824707],[123.92143249511719,10.666020393371696],[123.91496276855469,10.66254043579113],[123.90714263916016,10.659709930420036],[123.89726257324241,10.655969619751204],[123.89019012451206,10.653499603271484],[123.88394927978516,10.651909828186035],[123.87458038330078,10.649220466613883],[123.87036132812534,10.648159980773926],[123.86518096923828,10.646860122680778],[123.85897827148483,10.645279884338436],[123.8521881103519,10.64430999755865],[123.84391784668014,10.643139839172477],[123.84236145019531,10.642789840698356],[123.83912658691406,10.642470359802246],[123.83746337890636,10.642120361328125],[123.83184814453148,10.641070365905762],[123.82457733154331,10.640390396118278],[123.81849670410179,10.639749526977596],[123.80735015869186,10.63887977600109],[123.79969787597668,10.6392698287965],[123.79586791992199,10.639949798583984],[123.79483032226597,10.640339851379395],[123.7776031494144,10.646920204162598],[123.77030181884777,10.648900032043457],[123.76509094238304,10.650349617004451],[123.7628631591798,10.651069641113281],[123.76183319091831,10.650890350341854],[123.7606430053711,10.651200294494686],[123.76045989990234,10.651080131530875],[123.76023864746139,10.651080131530875],[123.75994110107445,10.651060104370117],[123.75945281982433,10.651029586791992],[123.75872039794956,10.65095043182373],[123.758338928223,10.650899887085018],[123.7584228515625,10.651160240173397],[123.75861358642578,10.651570320129395],[123.75879669189476,10.651980400085506],[123.75897216796909,10.652420043945312],[123.75920867919922,10.652819633484],[123.75945281982433,10.653189659118652],[123.75968933105469,10.653519630432243],[123.75984191894554,10.653869628906364],[123.75995635986328,10.65419006347662],[123.76004028320358,10.654500007629451],[123.76019287109386,10.65480041503912],[123.7602767944336,10.6551904678347],[123.76042175293014,10.655679702758732],[123.76067352294933,10.65622997283947],[123.76100921630893,10.656789779663086],[123.7614669799807,10.657239913940487],[123.76238250732422,10.657870292663574],[123.76302337646484,10.658280372619743],[123.7635726928711,10.658969879150334],[123.76399230957077,10.659529685974348],[123.76426696777344,10.659870147705192],[123.764686584473,10.66034984588623],[123.76510620117188,10.660980224609318],[123.76553344726574,10.661459922790584],[123.7659530639653,10.66201019287115],[123.76622009277378,10.66250038146984],[123.76685333251999,10.662980079650936],[123.76732635498047,10.663399696350154],[123.76789855957031,10.66409015655529],[123.76824188232467,10.664290428161848],[123.76866149902344,10.664569854736328],[123.76886749267578,10.664640426635799],[123.76914978027389,10.66477966308588],[123.7694320678711,10.665189743041992],[123.76956939697288,10.665610313415584],[123.76963806152355,10.666230201721248],[123.76963806152355,10.66691970825201],[123.76983642578159,10.667539596557674],[123.77005767822266,10.667849540710506],[123.77060699462925,10.66812992095953],[123.77072906494186,10.668180465698185],[123.77117156982456,10.668379783630314],[123.77126312255871,10.668419837951774],[123.77142333984375,10.668479919433594],[123.77176666259788,10.668609619140568],[123.77232360839878,10.668860435485897],[123.77287292480469,10.669239997863883],[123.77339172363327,10.669509887695426],[123.77381896972656,10.669730186462346],[123.77414703369163,10.669989585876522],[123.77443695068382,10.670310020446777],[123.7747573852539,10.67070007324213],[123.77513122558628,10.671090126037711],[123.77526092529308,10.671219825744686],[123.7753829956057,10.671339988708553],[123.77551269531284,10.671460151672363],[123.77584838867199,10.671830177307243],[123.77610778808594,10.672160148620605],[123.77632904052768,10.672510147094727],[123.77652740478538,10.672889709472713],[123.77684783935581,10.673219680786076],[123.77709960937523,10.673600196838379],[123.7772674560548,10.67405033111578],[123.77749633789062,10.674440383911133],[123.77777862548874,10.674810409546012],[123.77805328369163,10.675180435180664],[123.77829742431686,10.675580024719181],[123.7785110473634,10.675999641418457],[123.77876281738281,10.676349639892578],[123.77893066406295,10.676679611206112],[123.77918243408237,10.676879882812557],[123.77932739257847,10.6771497726441],[123.77945709228527,10.677450180053768],[123.77960968017578,10.677729606628475],[123.77980041503906,10.67798995971691],[123.78006744384811,10.678179740905875],[123.7803192138673,10.678400039672852],[123.78054809570312,10.67870044708252],[123.78077697753952,10.679089546203613],[123.78108215332043,10.679470062255916],[123.78137969970714,10.679840087890739],[123.78161621093784,10.68021011352539],[123.78175354003918,10.680609703063965],[123.7818374633789,10.681010246276912],[123.78202056884766,10.681340217590332],[123.78221893310547,10.681659698486271],[123.78240203857422,10.682009696960563],[123.78254699707077,10.682370185852278],[123.78270721435558,10.68270015716547],[123.78280639648472,10.683050155639592],[123.78302001953148,10.68332958221447],[123.78318786621128,10.683650016784895],[123.78333282470737,10.684000015258846],[123.78344726562545,10.684399604797363],[123.78363037109375,10.68478012084961],[123.78388214111374,10.685159683227766],[123.78414916992222,10.685529708862248],[123.78443908691418,10.685890197753963],[123.78472137451206,10.686260223388672],[123.78500366210949,10.686630249023665],[123.78527069091797,10.687040328979606],[123.78556060791027,10.687479972839412],[123.78589630126953,10.687890052795353],[123.78633117675793,10.688199996948185],[123.78668975830124,10.6885404586792],[123.78703308105469,10.688859939575138],[123.78737640380871,10.689160346984863],[123.78777313232456,10.689459800720272],[123.78814697265659,10.689809799194393],[123.78852844238315,10.69021034240717],[123.78888702392578,10.690690040588436],[123.78897094726562,10.69079971313488],[123.78925323486328,10.69118976593029],[123.78962707519565,10.691650390625114],[123.79002380371094,10.692049980163802],[123.79042053222656,10.692359924316634],[123.79080200195312,10.692620277404899],[123.79110717773449,10.692910194396973],[123.7913970947269,10.693200111389274],[123.79164123535156,10.693470001220817],[123.79180908203125,10.693750381469783],[123.79192352294922,10.694080352783203],[123.79194641113281,10.694470405578556],[123.79194641113281,10.694939613342228],[123.79196166992222,10.695529937744197],[123.79202270507812,10.696149826049862],[123.79218292236328,10.696689605713004],[123.79223632812511,10.697190284729118],[123.79234313964878,10.69762039184576],[123.79261016845749,10.697919845580998],[123.79283142089855,10.698240280151424],[123.79308319091797,10.698530197143555],[123.79331970214866,10.698809623718205],[123.79353332519531,10.699159622192326],[123.79371643066406,10.69950008392334],[123.79385375976562,10.699839591980037],[123.79386138916027,10.700139999389705],[123.7937698364259,10.700389862060547],[123.79364776611328,10.700630187988395],[123.79358673095714,10.700900077819767],[123.79351043701195,10.70116996765131],[123.79341125488304,10.701470375061035],[123.79332733154297,10.701749801635685],[123.79319763183605,10.702010154724121],[123.79305267334018,10.702320098876953],[123.7928619384769,10.70275974273676],[123.79268646240234,10.703339576721135],[123.79261779785168,10.703499794006461],[123.79247283935592,10.703889846801871],[123.79218292236328,10.704360008239803],[123.79187011718761,10.704790115356502],[123.79168701171886,10.70524978637701],[123.79160308837913,10.705719947814998],[123.79145050048828,10.706159591674805],[123.79148864746105,10.706569671631087],[123.79167938232433,10.706930160522461],[123.79194641113281,10.70722961425804],[123.79222106933639,10.707519531249943],[123.79254913330101,10.70781040191656],[123.79300689697277,10.70806980133068],[123.79355621337936,10.708359718322754],[123.79412078857422,10.708709716796875],[123.79466247558594,10.709099769592285],[123.79515838623081,10.70950031280529],[123.79559326171909,10.709930419921932],[123.79576873779308,10.710149765014648],[123.79689025878906,10.710700035095329],[123.79794311523483,10.711389541625977],[123.79824829101574,10.711819648742619],[123.79884338378929,10.712639808654899],[123.79940032959018,10.713259696960563],[123.79972076416061,10.71389007568365],[123.79976654052734,10.714679718017578],[123.80004882812545,10.715510368347395],[123.80039978027344,10.716620445251579],[123.80046844482445,10.71807003021246],[123.80053710937511,10.71897029876709],[123.80061340332077,10.719659805297908],[123.80061340332077,10.720419883728141],[123.8007507324221,10.721320152282942],[123.801307678223,10.721590042114485],[123.80180358886741,10.72216987609869],[123.80249786376953,10.721940040588606],[123.80297851562534,10.721590042114485],[123.80410003662155,10.72152042388916],[123.8045883178711,10.721320152282942],[123.80493164062534,10.721249580383358],[123.80507659912143,10.72111034393322],[123.80520629882824,10.72111034393322],[123.80548858642578,10.721039772033805],[123.80619049072288,10.720899581909237],[123.80625915527355,10.720899581909237],[123.80639648437545,10.720970153808821],[123.80639648437545,10.721249580383358],[123.80621337890659,10.721340179443303],[123.80612182617188,10.721389770507926],[123.80577087402389,10.72152042388916],[123.80541992187511,10.72165966033947],[123.80500030517624,10.721870422363281],[123.80476379394554,10.721989631652832],[123.8045883178711,10.722080230713004],[123.80431365966831,10.722350120544547],[123.80410003662155,10.722419738769531],[123.80374908447266,10.72255992889427],[123.80313110351574,10.722680091857967],[123.80304718017601,10.722700119018668],[123.80304718017601,10.72332954406744],[123.80317687988281,10.723449707031477],[123.80333709716842,10.723609924316463],[123.80416870117222,10.723609924316463],[123.80444335937511,10.72389030456543],[123.80583190918003,10.72389030456543],[123.80610656738281,10.72416973114008],[123.80695343017601,10.72416973114008],[123.80722045898472,10.724439620971623],[123.80777740478516,10.724439620971623],[123.80805206298874,10.724720001220817],[123.80917358398438,10.724720001220817],[123.80944824218795,10.725000381469783],[123.81054687500011,10.725000381469783],[123.81111145019577,10.7255601882934],[123.81139373779297,10.7255601882934],[123.81194305419956,10.726110458374137],[123.81202697753906,10.72614955902111],[123.81230926513717,10.72638034820568],[123.81257629394554,10.726610183715934],[123.81291961669922,10.726799964904728],[123.81330108642578,10.727000236511344],[123.81369018554688,10.727230072021598],[123.81410217285179,10.727450370788574],[123.81459808349655,10.727569580078125],[123.81504058837925,10.727789878845272],[123.81523895263706,10.727910041809082],[123.81548309326172,10.728059768676815],[123.81593322753952,10.728340148925781],[123.81643676757812,10.72863960266136],[123.8169937133789,10.728839874267578],[123.81748962402344,10.72887039184576],[123.8178329467778,10.728819847107047],[123.81857299804699,10.728460311889648],[123.81976318359409,10.728460311889648],[123.81992340087913,10.72850036621088],[123.82154083251976,10.728830337524641],[123.82212829589844,10.72889041900629],[123.82264709472656,10.728940010070914],[123.82298278808639,10.729169845581168],[123.8230972290039,10.729459762573242],[123.82328796386719,10.729619979858398],[123.82398223876953,10.729689598083553],[123.82409667968761,10.729709625244254],[123.82466888427746,10.729789733886832],[123.82499694824219,10.729909896850643],[123.82515716552768,10.729980468750114],[123.82521820068405,10.730019569397086],[123.82552337646496,10.730219841003475],[123.82594299316406,10.730380058288802],[123.8260726928711,10.73042011260992],[123.82642364501999,10.73054027557373],[123.82694244384811,10.730770111084041],[123.82745361328148,10.73106956481945],[123.8279266357423,10.731450080871696],[123.82919311523438,10.732250213623047],[123.82937622070312,10.732469558715877],[123.82988739013672,10.733079910278434],[123.83030700683628,10.733369827270508],[123.83094024658249,10.733839988708496],[123.83135986328136,10.73445987701416],[123.83184814453148,10.735079765319824],[123.83199310302734,10.735429763793945],[123.83219146728516,10.735770225524902],[123.83226776123047,10.736260414123592],[123.83226776123047,10.738189697265739],[123.83222198486351,10.73859977722168],[123.83273315429722,10.738880157470646],[123.83293151855469,10.7389497756958],[123.83355712890648,10.740189552307129],[123.83377075195312,10.740469932556266],[123.83383941650402,10.740819931030387],[123.83405303955124,10.741370201110897],[123.83419799804699,10.741649627685604],[123.83425903320347,10.741780281066838],[123.83416748046875,10.742500305175838],[123.8340835571289,10.74258041381836],[123.83389282226562,10.742779731750488],[123.83389282226562,10.743330001830998],[123.8330535888673,10.744170188903809],[123.8330535888673,10.744449615478516],[123.8327789306644,10.744720458984375],[123.8327789306644,10.744999885559196],[123.83249664306652,10.745280265808162],[123.83249664306652,10.74555969238287],[123.83194732666061,10.746109962463379],[123.83194732666061,10.746939659118766],[123.83139038085972,10.7475004196167],[123.83139038085972,10.747779846191406],[123.83110809326172,10.748060226440543],[123.83110809326172,10.750000000000114],[123.83139038085972,10.75028038024908],[123.83139038085972,10.75055980682373],[123.83110809326172,10.750829696655273],[123.83110809326172,10.751390457153434],[123.8308334350586,10.751669883728084],[123.8308334350586,10.751939773559627],[123.8308334350586,10.752779960632267],[123.83055877685592,10.753060340881404],[123.83055877685592,10.753399848937931],[123.83055877685592,10.75444030761713],[123.8308334350586,10.754719734192008],[123.83116149902355,10.754719734192008],[123.83139038085972,10.754719734192008],[123.83139038085972,10.755829811096191],[123.83194732666061,10.756389617920036],[123.83222198486351,10.756669998169002],[123.83222198486351,10.756939888000716],[123.8330535888673,10.757780075073356],[123.8330535888673,10.758060455322493],[123.83389282226562,10.758890151977539],[123.83389282226562,10.75916957855219],[123.83586120605469,10.761139869689885],[123.83721923828125,10.76249980926525],[123.83721923828125,10.763059616088924],[123.83750152587925,10.763330459594783],[123.83750152587925,10.763609886169434],[123.83778381347656,10.7638902664184],[123.83778381347656,10.764470100402775],[123.83778381347656,10.766139984130973],[123.83778381347656,10.766949653625431],[123.83721923828125,10.767499923706168],[123.83778381347656,10.768059730529785],[123.83778381347656,10.77056026458746],[123.83721923828125,10.77110958099388],[123.83750152587925,10.771389961242676],[123.83750152587925,10.77250003814703],[123.83775329589866,10.772749900817871],[123.83778381347656,10.772780418395996],[123.83778381347656,10.773010253906307],[123.83778381347656,10.774169921875057],[123.83889007568393,10.77527999877941],[123.83917236328136,10.775270462036076],[123.83925628662121,10.775329589843977],[123.83972167968795,10.775560379028548],[123.84015655517624,10.775879859924316],[123.84046936035156,10.776169776916618],[123.84056091308594,10.77626037597662],[123.84068298339855,10.776410102844295],[123.8408432006836,10.776579856872559],[123.84107208251964,10.77692985534668],[123.84110260009811,10.777020454406852],[123.84121704101562,10.777330398559684],[123.84136962890659,10.777729988098372],[123.84146881103527,10.778149604797477],[123.84163665771496,10.778519630432129],[123.84171295166016,10.778920173645133],[123.841796875,10.779270172119254],[123.84195709228538,10.779549598694075],[123.84208679199219,10.779859542846907],[123.84227752685547,10.780170440673885],[123.84250640869175,10.780500411987418],[123.84274291992188,10.780879974365234],[123.84294128417969,10.781350135803166],[123.84322357177768,10.78180980682373],[123.84349060058594,10.782150268554688],[123.84353637695358,10.782210350036735],[123.84385681152366,10.782569885254134],[123.84410095214889,10.782999992370662],[123.84432220458996,10.783490180969352],[123.84442901611351,10.783679962158317],[123.84459686279308,10.784020423889103],[123.84497833251964,10.784560203552246],[123.8452377319336,10.784979820251465],[123.8453369140625,10.785129547119197],[123.84577178955101,10.78563022613531],[123.8461685180664,10.78616046905529],[123.84658050537155,10.786680221557617],[123.84693908691406,10.787229537963867],[123.84723663330078,10.787799835205135],[123.84784698486362,10.788760185241756],[123.84864044189453,10.79053974151617],[123.84886169433594,10.79096984863304],[123.84905242919922,10.791440010070858],[123.84919738769554,10.791939735412825],[123.8493804931644,10.79240036010765],[123.84950256347702,10.792900085449276],[123.84967041015636,10.793370246887434],[123.84977722167991,10.793889999389648],[123.8499679565432,10.79436016082758],[123.85014343261753,10.794830322265739],[123.85034179687523,10.795249938964787],[123.85053253173851,10.79563045501709],[123.85066223144565,10.79601001739502],[123.85083770751999,10.796310424804915],[123.85101318359398,10.796629905700684],[123.85117340087902,10.796999931335563],[123.8514785766605,10.797329902648926],[123.85185241699253,10.797650337219181],[123.85221862792969,10.798029899597168],[123.85253143310558,10.798480033874739],[123.85289001464855,10.798879623413086],[123.85327911376964,10.799240112304801],[123.85359954833984,10.799610137939453],[123.85388946533249,10.799980163574332],[123.85418701171875,10.800259590148983],[123.85447692871128,10.800519943237418],[123.85472106933628,10.80082988739025],[123.85804748535168,10.804169654846248],[123.85832977294933,10.804169654846248],[123.85861206054699,10.804439544677791],[123.85916900634811,10.804439544677791],[123.85944366455078,10.804719924926815],[123.85973358154297,10.804719924926815],[123.8628921508789,10.807900428771973],[123.86273956298851,10.807649612426871],[123.86257934570312,10.807379722595329],[123.87830352783249,10.804059982299862],[123.88847351074253,10.80202960968029],[123.91425323486328,10.797229766845817],[123.94483184814464,10.790670394897461]]]}}]}