{"type":"FeatureCollection","features":[{"type":"Feature","properties":{"ID_0":177,"ISO":"PHL","NAME_0":"Philippines","ID_1":25,"NAME_1":"Cebu","ID_2":456,"NAME_2":"Cebu City","NL_NAME_2":null,"VARNAME_2":null,"TYPE_2":"Lungsod|Siyudad","ENGTYPE_2":"City","PROVINCE":"Cebu","REGION":"Central Visayas (Region VII)"},"geometry":{"type":"Polygon","coordinates":[[[123.89183044433616,10.489839553833235],[123.8926925659182,10.489410400390852],[123.89324951171909,10.489480018615836],[123.89447021484386,10.490209579467717],[123.8954696655278,10.490770339965877],[123.89617156982467,10.490790367126579],[123.89758300781284,10.4900999069215],[123.8988723754884,10.489049911499137],[123.90012359619163,10.487890243530387],[123.90174102783214,10.486989974975586],[123.90418243408249,10.486089706420898],[123.90648651123058,10.485679626464787],[123.90936279296886,10.485659599304256],[123.91094207763672,10.485529899597282],[123.9125137329105,10.48561000823986],[123.9145736694336,10.485079765319881],[123.91593170166027,10.484649658203352],[123.91694641113281,10.484000205993652],[123.91816711425827,10.48169040679943],[123.91940307617188,10.47896957397461],[123.92051696777378,10.47620010375988],[123.92053222656273,10.474849700927791],[123.92057037353516,10.47404956817627],[123.9208374023442,10.473190307617244],[123.92233276367199,10.472559928894157],[123.92357635498081,10.47261047363287],[123.92436981201172,10.473270416259822],[123.9249191284182,10.473719596862907],[123.9254302978519,10.473449707031364],[123.92603302001953,10.472920417785701],[123.92622375488281,10.47173023223877],[123.92582702636719,10.46973037719738],[123.92533874511719,10.46541976928711],[123.92566680908237,10.461870193481559],[123.92568969726585,10.45386981964134],[123.92569732666016,10.451629638671932],[123.92539978027366,10.434339523315373],[123.92537689208996,10.428239822387923],[123.92505645751953,10.418820381164664],[123.92478942871139,10.414340019226302],[123.92449188232422,10.40575027465826],[123.92445373535202,10.40299034118658],[123.92489624023449,10.401000022888184],[123.92548370361362,10.39918041229248],[123.92585754394565,10.397060394287223],[123.92445373535202,10.384940147400016],[123.9233627319336,10.376819610595817],[123.921630859375,10.367859840393066],[123.9201583862307,10.35758018493658],[123.91961669921875,10.354220390319824],[123.91851043701183,10.346599578857422],[123.91620635986374,10.335900306701888],[123.91742706298828,10.335760116577148],[123.91869354248058,10.3346204757691],[123.91934204101562,10.332830429077262],[123.92037963867188,10.331430435180607],[123.9213485717778,10.330459594726562],[123.92265319824219,10.32859992980957],[123.92299652099643,10.327770233154524],[123.92323303222656,10.326620101928711],[123.92314910888672,10.325519561767692],[123.9229736328125,10.324830055237044],[123.9226913452153,10.323949813842773],[123.92307281494186,10.322629928588867],[123.9237289428711,10.32172012329113],[123.92421722412155,10.319879531860408],[123.9241714477539,10.319219589233455],[123.92415618896507,10.3191499710083],[123.92407989501999,10.318039894104118],[123.92395782470737,10.317139625549316],[123.92413330078136,10.31575965881359],[123.92385101318371,10.314069747924862],[123.92344665527389,10.31317043304449],[123.9232864379884,10.312629699707088],[123.92327880859386,10.312580108642692],[123.92314910888672,10.31210994720459],[123.92353057861328,10.311160087585506],[123.92404174804699,10.310359954833984],[123.92420959472702,10.310139656066838],[123.92442321777355,10.309869766235295],[123.92471313476597,10.310159683227596],[123.92517852783214,10.31066036224371],[123.92542266845737,10.310919761657829],[123.92556762695324,10.310770034790096],[123.92582702636719,10.310390472412166],[123.92600250244175,10.309960365295638],[123.9258499145509,10.309499740600813],[123.9254302978519,10.309080123901367],[123.92488098144531,10.308790206909293],[123.92436218261719,10.308589935302678],[123.9239273071289,10.308369636535758],[123.92355346679688,10.308090209961051],[123.92315673828125,10.307760238647518],[123.92278289794922,10.30731010437006],[123.92244720459007,10.306650161743164],[123.92214202880871,10.306070327758732],[123.9218673706057,10.305999755859489],[123.92160797119175,10.305830001831055],[123.92131805419922,10.305649757385197],[123.92108917236362,10.3056001663208],[123.9207534790039,10.305620193481502],[123.92053222656273,10.30558013916027],[123.9201583862307,10.305459976196403],[123.91966247558605,10.305159568786678],[123.9191665649414,10.304650306701774],[123.91863250732445,10.304059982299748],[123.9185028076173,10.303850173950252],[123.91840362548828,10.30370044708252],[123.91815948486374,10.303339958190975],[123.91774749755871,10.30331039428711],[123.91741180419956,10.30327033996582],[123.91735076904342,10.303259849548397],[123.91700744628929,10.303059577942008],[123.91670989990268,10.302829742431754],[123.91658020019577,10.302740097045898],[123.9164428710942,10.302639961242733],[123.91626739501987,10.302379608154354],[123.91607666015659,10.302089691162223],[123.9158630371096,10.301799774169979],[123.91562652587936,10.301440238952694],[123.91539764404297,10.300999641418457],[123.91502380371094,10.300709724426497],[123.9146499633789,10.300410270690918],[123.91426849365234,10.300239562988395],[123.91396331787155,10.300049781799373],[123.9136428833009,10.299980163574219],[123.913330078125,10.299860000610408],[123.91319274902366,10.299790382385254],[123.91304016113281,10.29971981048584],[123.91277313232467,10.299530029296818],[123.9125137329105,10.299340248108024],[123.9122695922855,10.2991304397583],[123.9120864868164,10.298890113830794],[123.91197204589844,10.298640251159611],[123.91191864013672,10.298330307006779],[123.91179656982422,10.298040390014705],[123.91171264648438,10.297760009765739],[123.91166687011741,10.297470092773438],[123.91166687011741,10.297149658203352],[123.91161346435547,10.296730041503906],[123.91152954101562,10.296600341796932],[123.91130065918014,10.29619026184082],[123.91087341308605,10.295929908752385],[123.91074371337925,10.29574012756359],[123.91085052490234,10.295269966125431],[123.91084289550781,10.295009613037223],[123.91079711914097,10.294750213623104],[123.91060638427768,10.29448032379156],[123.91040802001987,10.294159889221305],[123.91014862060592,10.29380035400385],[123.90984344482456,10.293399810791016],[123.9096603393557,10.293129920959473],[123.90962982177734,10.293009757995662],[123.90957641601608,10.292779922485352],[123.90937805175804,10.292389869689998],[123.90914916992233,10.292079925537166],[123.90888977050815,10.29185962677002],[123.90862274169967,10.291689872741927],[123.90833282470726,10.291620254516602],[123.90805816650436,10.291440010070744],[123.90776824951172,10.291370391845817],[123.90746307373058,10.291230201721191],[123.90706634521496,10.291080474853516],[123.90663146972656,10.290880203247127],[123.90606689453125,10.290829658508414],[123.90554809570324,10.29082012176508],[123.90509796142578,10.29076004028343],[123.90469360351597,10.290559768676871],[123.90426635742188,10.290349960327148],[123.90379333496094,10.290390014648438],[123.90328979492233,10.290519714355582],[123.90276336669922,10.290579795837402],[123.90225982666016,10.290679931640682],[123.90219879150402,10.29069995880127],[123.90180206298828,10.290809631347656],[123.90138244628952,10.290849685668945],[123.90100860595737,10.290909767150936],[123.90065002441406,10.290909767150936],[123.9002685546875,10.290829658508414],[123.89987182617222,10.290710449218864],[123.89952087402344,10.290499687194824],[123.8991928100586,10.29020977020275],[123.89890289306686,10.28981971740734],[123.89861297607422,10.289319992065543],[123.89856719970703,10.289259910583496],[123.8982772827153,10.288789749145565],[123.89781188964855,10.288419723510685],[123.89729309082031,10.288330078125],[123.8968276977539,10.288330078125],[123.89644622802734,10.288379669189396],[123.89615631103516,10.288570404052678],[123.8958969116211,10.288769721984806],[123.89560699462936,10.288869857788086],[123.89531707763672,10.288889884948844],[123.89505767822277,10.288889884948844],[123.89476776123081,10.288889884948844],[123.89444732666016,10.288889884948844],[123.8940887451173,10.288889884948844],[123.89392852783226,10.288889884948844],[123.8937225341798,10.288900375366438],[123.89338684082065,10.288949966430664],[123.8930892944336,10.289030075073242],[123.89280700683628,10.289059638977108],[123.89251708984375,10.28899955749506],[123.89225006103516,10.288869857788086],[123.89199829101574,10.288909912109375],[123.89166259765659,10.288789749145565],[123.891151428223,10.288550376892317],[123.89066314697277,10.28826999664318],[123.88996124267578,10.28826999664318],[123.88939666748047,10.288339614868164],[123.88864135742188,10.288619995117301],[123.88849639892601,10.288749694824276],[123.88807678222656,10.289030075073242],[123.88751983642612,10.28931045532238],[123.88661193847656,10.289509773254508],[123.88588714599621,10.289449691772518],[123.88584899902344,10.289449691772518],[123.88542938232456,10.289580345153752],[123.88466644287143,10.289170265197981],[123.88424682617188,10.288960456848088],[123.88395690917969,10.288689613342228],[123.8836898803711,10.28826999664318],[123.88371276855503,10.288109779357853],[123.88375854492188,10.287579536438102],[123.88398742675793,10.287520408630371],[123.88403320312534,10.287500381469783],[123.88424682617188,10.287919998169059],[123.88446807861362,10.288000106811637],[123.88466644287143,10.288060188293457],[123.88466644287143,10.288200378418026],[123.88487243652366,10.288339614868164],[123.88514709472668,10.288689613342228],[123.88578033447266,10.288689613342228],[123.88688659668014,10.288479804992733],[123.8873062133789,10.288129806518612],[123.88745117187545,10.287919998169059],[123.88773345947288,10.287369728088379],[123.88773345947288,10.286959648132438],[123.88787078857422,10.286540031433333],[123.887939453125,10.286199569702148],[123.887939453125,10.28577995300293],[123.88722229003918,10.285280227661076],[123.88694763183628,10.28499984741211],[123.88500213623047,10.283060073852596],[123.88500213623047,10.282779693603572],[123.8831481933596,10.28092002868658],[123.88305664062523,10.280830383300724],[123.88233184814453,10.279379844665584],[123.88176727294922,10.277999877929688],[123.88112640380871,10.27672004699707],[123.8810806274414,10.276619911193961],[123.88086700439476,10.274820327758789],[123.88094329833996,10.274060249328727],[123.88128662109375,10.273440361023063],[123.88155364990268,10.27332973480236],[123.88198089599621,10.273159980773926],[123.88240051269531,10.273159980773926],[123.88260650634766,10.273099899292049],[123.88288879394565,10.272890090942383],[123.88282012939499,10.271920204162598],[123.88260650634766,10.271439552307186],[123.88246917724621,10.271089553833065],[123.88204956054688,10.270540237426871],[123.88198089599621,10.2704696655274],[123.88046264648472,10.26834964752203],[123.88002777099643,10.267769813537598],[123.87967681884766,10.267219543457088],[123.87940216064464,10.266739845275822],[123.8788528442384,10.266249656677303],[123.87848663330124,10.265839576721191],[123.8782882690432,10.265279769897518],[123.87808227539074,10.264590263366756],[123.87779998779331,10.264180183410588],[123.87772369384811,10.264149665832633],[123.87744903564453,10.26403999328619],[123.87689208984375,10.263759613037053],[123.87619781494186,10.263070106506461],[123.87561798095726,10.262129783630314],[123.87296295166061,10.262060165405387],[123.86766815185547,10.261859893798771],[123.86570739746139,10.261949539184684],[123.86428833007812,10.262559890747184],[123.86319732666027,10.263030052185172],[123.8618621826173,10.263930320739803],[123.85739135742222,10.266550064087028],[123.85339355468773,10.269399642944336],[123.85308837890636,10.269820213317871],[123.85282135009788,10.270560264587402],[123.85254669189499,10.27190017700201],[123.85180664062534,10.273859977722111],[123.85119628906261,10.274860382080078],[123.85057830810547,10.275830268859863],[123.84966278076183,10.276769638061637],[123.84812927246105,10.278249740600643],[123.84641265869152,10.279069900512752],[123.84394836425793,10.279230117797852],[123.84297943115246,10.279999732971248],[123.84130859375034,10.28054046630865],[123.83966827392601,10.283029556274414],[123.82967376709018,10.294380187988224],[123.82804107666016,10.296540260314941],[123.81974029541061,10.307359695434684],[123.82029724121105,10.308670043945426],[123.8208465576173,10.309749603271484],[123.82164001464866,10.311240196228255],[123.82240295410179,10.312529563903809],[123.82241821289108,10.314160346984863],[123.82290649414062,10.315910339355582],[123.82405853271484,10.317259788513184],[123.82491302490268,10.320139884948787],[123.82450866699264,10.32161998748785],[123.823486328125,10.324549674987907],[123.82067108154308,10.32717037200922],[123.81951141357433,10.328180313110295],[123.81902313232422,10.328080177307356],[123.81880950927768,10.327790260314885],[123.81849670410179,10.327139854431266],[123.81802368164108,10.326669692993107],[123.81720733642624,10.32691955566412],[123.81655883789074,10.327260017395133],[123.81494903564464,10.328419685363883],[123.8144683837894,10.328229904174918],[123.81411743164062,10.327839851379508],[123.81317901611328,10.326939582824707],[123.81244659423874,10.326910018921012],[123.81204986572266,10.327260017395133],[123.803466796875,10.326339721679915],[123.791259765625,10.328450202941838],[123.79057312011753,10.328370094299316],[123.7897872924807,10.32818984985363],[123.78897094726562,10.327719688415641],[123.78527832031261,10.326319694519043],[123.7846374511721,10.326009750366211],[123.78267669677734,10.325550079345817],[123.7812118530278,10.325770378112793],[123.77056884765625,10.326729774475154],[123.77142333984375,10.333219528198356],[123.77226257324253,10.340029716491642],[123.7729263305664,10.34920978546154],[123.7724075317384,10.356080055236816],[123.77216339111328,10.361180305481014],[123.7717437744144,10.364370346069336],[123.77169799804722,10.369230270385799],[123.77169036865268,10.372529983520565],[123.77194976806663,10.376790046691951],[123.7718887329105,10.379220008850154],[123.77153778076172,10.383000373840275],[123.77098846435581,10.385649681091365],[123.77027130126953,10.388279914856014],[123.76973724365246,10.39064025878912],[123.77474212646518,10.395870208740291],[123.78643798828159,10.407179832458723],[123.79760742187523,10.418120384216422],[123.79741668701195,10.418769836425781],[123.7972564697269,10.419690132141113],[123.7977294921875,10.420680046081657],[123.79818725585983,10.422189712524528],[123.79834747314464,10.422639846801758],[123.79878234863315,10.423729896545353],[123.79962158203125,10.424839973449707],[123.80032348632812,10.42588996887207],[123.80081939697277,10.426750183105412],[123.80075836181663,10.427189826965389],[123.80169677734409,10.42702960968029],[123.8026123046875,10.427040100097884],[123.80372619628952,10.428009986877498],[123.80502319335949,10.42957973480219],[123.80587768554699,10.429949760437069],[123.80642700195312,10.430939674377555],[123.80683898925815,10.431630134582463],[123.80760192871128,10.43229961395275],[123.80815887451172,10.433329582214355],[123.80899810791016,10.435159683227653],[123.81067657470726,10.436579704284668],[123.81231689453159,10.437410354614315],[123.81372833251976,10.43867015838623],[123.81524658203148,10.439040184021223],[123.81658935546898,10.440099716186523],[123.81765747070347,10.440879821777344],[123.81944274902366,10.441800117492676],[123.82015228271484,10.441450119018555],[123.82121276855514,10.441439628601131],[123.82142639160168,10.44229984283453],[123.82405853271484,10.44369029998785],[123.82602691650413,10.444680213928336],[123.82698059082054,10.445759773254338],[123.82736968994186,10.44655990600586],[123.828369140625,10.447600364685115],[123.8305435180664,10.448699951171875],[123.83260345459007,10.450180053711051],[123.83467102050781,10.451649665832633],[123.83682250976562,10.453129768371639],[123.83775329589866,10.453920364379883],[123.83953857421886,10.455679893493766],[123.86274719238304,10.473600387573356],[123.8888168334961,10.493430137634391],[123.88957214355503,10.49225997924799],[123.89057159423862,10.491000175476131],[123.89183044433616,10.489839553833235]]]}},{"type":"Feature","properties":{"ID_0":177,"ISO":"PHL","NAME_0":"Philippines","ID_1":25,"NAME_1":"Cebu","ID_2":457,"NAME_2":"Compostela","NL_NAME_2":null,"VARNAME_2":null,"TYPE_2":"Bayan|Munisipyo","ENGTYPE_2":"Municipality","PROVINCE":"Cebu","REGION":"Central Visayas (Region VII)"},"geometry":{"type":"Polygon","coordinates":[[[123.98789978027344,10.491909980773869],[123.99149322509788,10.490030288696516],[123.99511718750023,10.486809730529899],[123.99655914306686,10.485850334167537],[123.99806213378918,10.48488998413086],[124.0009384155278,10.483480453491268],[124.00176239013683,10.48268985748291],[124.00462341308605,10.481109619140568],[124.00652313232422,10.478980064392033],[124.00829315185547,10.478509902954102],[124.00956726074219,10.477620124816895],[124.01029205322311,10.476940155029354],[124.01125335693393,10.476289749145565],[124.01197814941418,10.476030349731445],[124.01512145996128,10.474760055541935],[124.01676940918014,10.473649978637752],[124.01821899414062,10.47227954864502],[124.02079772949253,10.470219612121582],[124.02104187011753,10.470020294189453],[124.02092742919933,10.469829559326172],[124.02084350585972,10.469349861145133],[124.02076721191429,10.468870162963867],[124.02056884765636,10.468509674072322],[124.02037811279308,10.468159675598201],[124.02017974853527,10.467789649963322],[124.01994323730469,10.467430114746094],[124.0196762084961,10.467040061950684],[124.01936340332031,10.466679573059196],[124.01915740966797,10.466389656066895],[124.01908874511719,10.46630001068121],[124.01885223388683,10.465900421142692],[124.01860809326172,10.465539932250977],[124.01850891113315,10.465410232544002],[124.01834869384766,10.46520042419445],[124.01812744140659,10.46487045288086],[124.01801300048828,10.464489936828613],[124.01783752441406,10.464150428771916],[124.01770782470714,10.463749885559082],[124.01737213134766,10.4627304077149],[124.01709747314499,10.462389945983944],[124.01687622070312,10.462109565734977],[124.01629638671875,10.461330413818473],[124.0158462524414,10.460900306701774],[124.01555633544922,10.460430145263672],[124.01538848876999,10.460020065307674],[124.01531982421909,10.459589958191032],[124.01524353027389,10.458640098571777],[124.01503753662121,10.457940101623592],[124.0147628784182,10.456009864807129],[124.01445770263683,10.45506954193121],[124.01406097412121,10.453800201416016],[124.01352691650436,10.452560424804688],[124.01332092285168,10.452130317688045],[124.01316833496128,10.451899528503475],[124.0130615234375,10.451729774475211],[124.0128173828125,10.451339721679801],[124.01260375976562,10.450940132141113],[124.01238250732467,10.450530052185172],[124.01217651367199,10.450099945068473],[124.01196289062511,10.449709892272892],[124.01181030273483,10.449319839477539],[124.01177215576183,10.449210166931266],[124.01168060302746,10.44894981384283],[124.01159667968761,10.448579788208008],[124.01141357421886,10.44828033447277],[124.01133728027344,10.448100090027083],[124.01127624511719,10.447959899902344],[124.01110076904297,10.447680473327637],[124.01091766357433,10.447429656982536],[124.0108032226567,10.447119712829704],[124.01062774658214,10.44682979583746],[124.01056671142601,10.446430206298885],[124.01055908203148,10.445980072021484],[124.01053619384777,10.445509910583553],[124.01045989990246,10.445050239562988],[124.01029205322311,10.444580078125057],[124.01019287109375,10.444049835205078],[124.01029968261753,10.44340038299572],[124.01036071777378,10.443209648132438],[124.01051330566406,10.442700386047306],[124.01055908203148,10.441940307617244],[124.01055145263706,10.441180229187012],[124.01035308837925,10.440449714660645],[124.01027679443382,10.439720153808537],[124.01026916503918,10.439009666442928],[124.01027679443382,10.438369750976676],[124.01033020019531,10.437780380249023],[124.01074218750034,10.436169624328727],[124.0108871459961,10.43527984619152],[124.01084899902366,10.43428039550787],[124.01033782958984,10.434430122375545],[124.0101318359375,10.434390068054256],[124.00945281982422,10.433919906616325],[124.00892639160168,10.433520317077637],[124.0079803466798,10.432559967040959],[124.00730133056675,10.431610107421932],[124.00688171386719,10.430600166321028],[124.00646972656295,10.429610252380371],[124.0057373046875,10.428680419921875],[124.00507354736328,10.428500175476188],[124.00457000732467,10.428819656372127],[124.0038223266605,10.429730415344181],[124.00334930419922,10.430529594421444],[124.00305938720737,10.431679725647086],[124.0029907226567,10.432609558105582],[124.00316619873047,10.433580398559798],[124.00383758544922,10.434269905090446],[124.00360107421898,10.435090065002498],[124.00264739990257,10.435199737548942],[124.00208282470749,10.434989929199219],[124.00126647949264,10.435449600219727],[124.00080108642578,10.436539649963379],[124.00068664550781,10.437410354614315],[124.00041961669922,10.437649726867903],[124.00010681152344,10.437840461731184],[123.99951934814453,10.438050270080566],[123.99858093261719,10.43787002563488],[123.99797058105491,10.437239646911621],[123.99736022949219,10.43544006347679],[123.99674987793014,10.434800148010254],[123.99609375,10.43451976776123],[123.99421691894577,10.434479713439998],[123.99334716796875,10.434599876403809],[123.99188232421875,10.435600280761776],[123.99092864990234,10.436149597167969],[123.98973846435547,10.436010360717887],[123.988563537598,10.435370445251465],[123.98748016357445,10.435199737548942],[123.98668670654297,10.435939788818416],[123.9864730834961,10.436690330505371],[123.98594665527378,10.437339782715071],[123.98557281494163,10.438159942626953],[123.98593139648449,10.43887042999279],[123.9867782592778,10.439020156860352],[123.98716735839855,10.439390182495345],[123.98706817626953,10.440010070801009],[123.98664093017624,10.441010475158748],[123.98650360107433,10.441840171813965],[123.98615264892601,10.442999839782715],[123.9861068725586,10.443059921264762],[123.98580169677734,10.44340038299572],[123.98502349853516,10.443739891052246],[123.98362731933594,10.444029808044547],[123.9830017089846,10.444709777832031],[123.98317718505871,10.445899963378963],[123.98401641845703,10.446929931640739],[123.98442077636753,10.447620391845817],[123.9838333129884,10.448140144348372],[123.98285675048828,10.447719573974666],[123.9822998046875,10.447190284728947],[123.98179626464844,10.447039604186955],[123.98069763183605,10.447589874267692],[123.97982788085949,10.448510169982853],[123.97931671142578,10.449009895324707],[123.97844696044956,10.449230194091797],[123.97802734375011,10.449069976806868],[123.97753143310547,10.448769569396973],[123.97637176513672,10.448140144348372],[123.97492980957031,10.447810173034611],[123.97368621826206,10.44783020019554],[123.97325897216808,10.447959899902344],[123.97245025634766,10.448840141296444],[123.97157287597702,10.449609756469783],[123.97046661376953,10.44987010955822],[123.96961975097668,10.449540138244629],[123.9683227539067,10.4493799209597],[123.96750640869186,10.449449539184684],[123.96676635742199,10.449799537658805],[123.96636199951217,10.450570106506461],[123.96597290039062,10.45143985748291],[123.96521759033249,10.452690124511662],[123.96456909179699,10.453310012817326],[123.96402740478538,10.453539848327637],[123.96192932128929,10.45431995391857],[123.96192932128929,10.454930305480957],[123.96272277832031,10.455530166626033],[123.96354675292991,10.455989837646598],[123.96375274658249,10.456780433654785],[123.96351623535168,10.457739830017147],[123.96272277832031,10.458510398864803],[123.96202087402366,10.459420204162598],[123.96241760253952,10.459870338440169],[123.96321105957031,10.45985031127924],[123.96437835693371,10.459930419921818],[123.96472930908203,10.460189819335938],[123.96476745605503,10.460619926452637],[123.9642333984375,10.4612398147583],[123.96337890625034,10.461669921875],[123.96321868896484,10.462679862976017],[123.96347045898438,10.463069915771598],[123.96375274658249,10.463720321655273],[123.96401977539085,10.46422004699707],[123.96392822265648,10.465089797973746],[123.96325683593773,10.46580982208252],[123.96237945556652,10.465880393981934],[123.96111297607422,10.465499877929688],[123.96032714843784,10.465040206909123],[123.95960235595703,10.465129852295036],[123.9581527709961,10.465789794921932],[123.95744323730491,10.466409683227596],[123.95713043212902,10.466679573059196],[123.95684051513683,10.467399597167969],[123.95599365234409,10.468310356140364],[123.95455932617199,10.469109535217228],[123.95423126220737,10.470509529113883],[123.95429992675804,10.471440315246639],[123.9539566040039,10.472149848938045],[123.95319366455078,10.47296047210699],[123.95259857177734,10.473299980163631],[123.95159912109386,10.473750114440861],[123.95115661621139,10.474260330200309],[123.95130157470749,10.475210189819336],[123.95134735107467,10.475859642028865],[123.95079803466831,10.476490020751953],[123.95014190673828,10.476719856262207],[123.94950866699253,10.47692966461176],[123.94895172119163,10.476880073547363],[123.94822692871094,10.476659774780387],[123.94715881347702,10.4762802124024],[123.94625854492199,10.476469993591422],[123.94582366943405,10.476559638977278],[123.94538879394577,10.476810455322209],[123.94477081298828,10.476909637451229],[123.94407653808605,10.476110458373967],[123.94448852539108,10.475390434265194],[123.94470977783203,10.474570274353141],[123.94407653808605,10.47412014007574],[123.94303894042991,10.473990440368766],[123.94233703613327,10.473489761352653],[123.94165802001953,10.472809791564941],[123.94072723388683,10.471710205078239],[123.94003295898438,10.470589637756461],[123.9393234252932,10.46969032287609],[123.93865966796898,10.469280242919979],[123.9376373291019,10.469739913940487],[123.9368515014653,10.47035980224615],[123.93599700927734,10.47039985656744],[123.93520355224643,10.469840049743596],[123.93443298339855,10.46984958648693],[123.93395233154308,10.470330238342285],[123.93401336669956,10.470899581909293],[123.93427276611351,10.47155952453619],[123.93388366699241,10.472319602966252],[123.93322753906295,10.472430229187012],[123.9324417114259,10.472319602966252],[123.93215942382847,10.47200965881342],[123.93190765380893,10.471619606018066],[123.93180847167969,10.470979690551815],[123.93193054199219,10.470629692077694],[123.93231201171875,10.470049858093319],[123.93293762207054,10.469149589538688],[123.93341064453148,10.468580245971907],[123.9333190917971,10.468159675598201],[123.9329605102539,10.467829704284611],[123.93226623535179,10.467900276184082],[123.93212890625,10.467989921569938],[123.93119812011753,10.46881008148199],[123.93036651611374,10.46934032440197],[123.92951202392578,10.46924018859886],[123.92916870117233,10.469189643859977],[123.9279708862307,10.4700803756715],[123.92632293701183,10.472310066223145],[123.92603302001953,10.472920417785701],[123.9254302978519,10.473449707031364],[123.9249191284182,10.473719596862907],[123.92436981201172,10.473270416259822],[123.92357635498081,10.47261047363287],[123.92233276367199,10.472559928894157],[123.9208374023442,10.473190307617244],[123.92057037353516,10.47404956817627],[123.92053222656273,10.474849700927791],[123.92051696777378,10.47620010375988],[123.91940307617188,10.47896957397461],[123.91816711425827,10.48169040679943],[123.91694641113281,10.484000205993652],[123.91593170166027,10.484649658203352],[123.9145736694336,10.485079765319881],[123.9125137329105,10.48561000823986],[123.91094207763672,10.485529899597282],[123.90936279296886,10.485659599304256],[123.90648651123058,10.485679626464787],[123.90418243408249,10.486089706420898],[123.90174102783214,10.486989974975586],[123.90012359619163,10.487890243530387],[123.8988723754884,10.489049911499137],[123.89758300781284,10.4900999069215],[123.89617156982467,10.490790367126579],[123.8954696655278,10.490770339965877],[123.89447021484386,10.490209579467717],[123.89324951171909,10.489480018615836],[123.8926925659182,10.489410400390852],[123.89183044433616,10.489839553833235],[123.89057159423862,10.491000175476131],[123.88957214355503,10.49225997924799],[123.8888168334961,10.493430137634391],[123.89083862304733,10.500289916992415],[123.90210723876964,10.50092983245844],[123.9180908203125,10.501139640808162],[123.9258728027346,10.501399993896598],[123.93647003173874,10.50177001953125],[123.94875335693393,10.502400398254338],[123.9607925415039,10.503390312194881],[123.96749114990234,10.500439643859977],[123.97016906738281,10.499199867248649],[123.98040771484409,10.494589805603141],[123.98789978027344,10.491909980773869]]]}},{"type":"Feature","properties":{"ID_0":177,"ISO":"PHL","NAME_0":"Philippines","ID_1":25,"NAME_1":"Cebu","ID_2":458,"NAME_2":"Consolacion","NL_NAME_2":null,"VARNAME_2":null,"TYPE_2":"Bayan|Munisipyo","ENGTYPE_2":"Municipality","PROVINCE":"Cebu","REGION":"Central Visayas (Region VII)"},"geometry":{"type":"MultiPolygon","coordinates":[[[[123.99389648437534,10.36847972869873],[123.9973068237307,10.366180419921932],[124.00142669677734,10.362669944763184],[124.00254821777366,10.361559867859],[124.00253295898472,10.361519813537711],[124.00306701660156,10.361570358276595],[124.00312805175804,10.361579895019531],[124.00353240966797,10.36161994934082],[124.00392150878906,10.361439704894963],[124.00393676757858,10.36112976074213],[124.00393676757858,10.361089706420842],[124.00393676757858,10.360919952392578],[124.00346374511719,10.360300064086914],[124.00261688232433,10.359669685363826],[124.00222015380905,10.359550476074276],[124.0016098022461,10.359359741210994],[124.00055694580124,10.359149932861328],[124.00039672851562,10.35906982421875],[124.00000000000034,10.358889579773063],[123.99961090087936,10.358880043029728],[123.99912261962913,10.358869552612305],[123.99835205078148,10.358590126037825],[123.99786376953136,10.35851955413824],[123.99752044677768,10.358449935913086],[123.99674987793014,10.358110427856559],[123.9960632324221,10.357830047607422],[123.99556732177746,10.357549667358455],[123.99501037597668,10.357210159301758],[123.9945220947269,10.356789588928223],[123.99291229248058,10.356519699096623],[123.99214935302746,10.356240272521973],[123.99117279052746,10.355890274047852],[123.99054718017578,10.355819702148438],[123.99005889892601,10.355620384216309],[123.98970794677768,10.355409622192496],[123.9890823364259,10.355199813842773],[123.98880004882847,10.354789733886832],[123.98916625976562,10.354439735412711],[123.9894409179692,10.354169845581168],[123.9894409179692,10.353610038757324],[123.98964691162121,10.353409767150879],[123.9897232055664,10.353329658508358],[123.9897232055664,10.353059768676815],[123.98999786376953,10.352780342102278],[123.98999786376953,10.351940155029297],[123.99028015136753,10.351670265197754],[123.99028015136753,10.351389884948958],[123.99054718017578,10.35111045837408],[123.99054718017578,10.350830078124943],[123.9907913208009,10.35060024261486],[123.99083709716842,10.35056018829357],[123.99083709716842,10.350279808044434],[123.99070739746128,10.35015010833763],[123.99054718017578,10.350000381469727],[123.99044036865257,10.350000381469727],[123.99028015136753,10.350000381469727],[123.99019622802734,10.350079536438045],[123.98992156982422,10.350359916687012],[123.98860931396518,10.351670265197754],[123.98860931396518,10.352219581604004],[123.9883270263673,10.352499961853141],[123.9883270263673,10.353329658508358],[123.98805236816429,10.353610038757324],[123.98805236816429,10.353890419006461],[123.98777770996139,10.354169845581168],[123.98750305175781,10.354169845581168],[123.98750305175781,10.354430198669377],[123.98599243164062,10.354319572448844],[123.98529815673874,10.353980064392147],[123.98452758789085,10.35369968414318],[123.98423767089866,10.353590011596737],[123.98403167724643,10.353509902954215],[123.9836196899414,10.353349685669059],[123.9831314086914,10.352800369262638],[123.98304748535156,10.352780342102278],[123.9822235107423,10.351940155029297],[123.98278045654308,10.351389884948958],[123.98304748535156,10.351389884948958],[123.98388671875,10.35056018829357],[123.98444366455078,10.35056018829357],[123.98500061035179,10.350000381469727],[123.98500061035179,10.34916973114025],[123.98444366455078,10.348609924316406],[123.984169006348,10.348609924316406],[123.98304748535156,10.34972000122076],[123.98278045654308,10.34972000122076],[123.9822235107423,10.350279808044434],[123.98194122314487,10.350279808044434],[123.98166656494163,10.35056018829357],[123.98139190673828,10.35056018829357],[123.98110961914108,10.350279808044434],[123.98110961914108,10.350000381469727],[123.98082733154297,10.34972000122076],[123.98082733154297,10.34916973114025],[123.97972106933639,10.348059654236067],[123.97972106933639,10.347780227661246],[123.97944641113293,10.347499847412053],[123.97915649414074,10.347499847412053],[123.97833251953148,10.34832954406744],[123.977783203125,10.34832954406744],[123.97750091552768,10.348609924316406],[123.97721862792969,10.348609924316406],[123.97666931152389,10.34916973114025],[123.97766113281273,10.350159645080566],[123.977783203125,10.350279808044434],[123.977783203125,10.35056018829357],[123.97767639160202,10.350799560546989],[123.97730255126987,10.350729942322005],[123.97691345214889,10.350580215454158],[123.97653198242233,10.350460052490462],[123.9761962890625,10.35056018829357],[123.97583007812534,10.35077953338623],[123.97543334960938,10.350979804992676],[123.9750137329105,10.351180076599235],[123.97464752197266,10.351400375366211],[123.97432708740257,10.35149955749523],[123.97412872314476,10.351389884948958],[123.97402954101574,10.351099967956486],[123.97402954101574,10.351030349731559],[123.9741821289067,10.350589752197266],[123.97416687011719,10.350279808044434],[123.97528076171898,10.349439620971793],[123.97528076171898,10.348609924316406],[123.97471618652344,10.348059654236067],[123.97444152832065,10.34832954406744],[123.97416687011719,10.348059654236067],[123.97389221191406,10.348059654236067],[123.97334289550793,10.348609924316406],[123.97055816650436,10.348609924316406],[123.96916961669945,10.350000381469727],[123.96916961669945,10.350279808044434],[123.96861267089844,10.350830078124943],[123.96888732910179,10.35111045837408],[123.96861267089844,10.351389884948958],[123.96861267089844,10.352219581604004],[123.96916961669945,10.352780342102278],[123.96916961669945,10.353059768676815],[123.96943664550793,10.353329658508358],[123.96971893310558,10.353059768676815],[123.97000122070324,10.353329658508358],[123.97029113769543,10.3533096313476],[123.97045135498047,10.353469848632926],[123.97073364257812,10.353810310363713],[123.97107696533226,10.354229927062988],[123.97149658203125,10.354570388793945],[123.97154998779308,10.35464000701927],[123.97177124023472,10.354920387268066],[123.97177124023472,10.355680465698299],[123.97161102294922,10.355779647827148],[123.97142791748047,10.355890274047852],[123.97142791748047,10.35608959197998],[123.97149658203125,10.356280326843262],[123.97157287597702,10.356439590454102],[123.97184753417991,10.356719970703239],[123.97184753417991,10.357339859008903],[123.97202301025425,10.357649803161735],[123.9721908569336,10.357959747314567],[123.97258758544956,10.358420372009391],[123.97303009033203,10.358929634094352],[123.97316741943393,10.359140396118164],[123.97319793701172,10.359499931335392],[123.97324371337902,10.359970092773551],[123.97277832031284,10.360280036926383],[123.97334289550793,10.360830307006893],[123.97360992431686,10.36056041717535],[123.97370910644531,10.36056041717535],[123.97499847412155,10.36056041717535],[123.97556304931663,10.359999656677246],[123.97583007812534,10.360280036926383],[123.97611236572277,10.360280036926383],[123.97638702392578,10.36056041717535],[123.97611236572277,10.360830307006893],[123.97611236572277,10.361390113830566],[123.97556304931663,10.361940383911076],[123.97556304931663,10.362219810485954],[123.97583007812534,10.36250019073509],[123.97583007812534,10.36277961730957],[123.97528076171898,10.363329887390137],[123.97499847412155,10.363329887390137],[123.97471618652344,10.363610267639274],[123.97444152832065,10.363610267639274],[123.97473907470703,10.36460018157959],[123.97483062744175,10.365099906921444],[123.97499847412155,10.365650177001953],[123.97518157959007,10.366230010986328],[123.97528076171898,10.366399765014762],[123.97541809082031,10.366649627685604],[123.97570037841797,10.366880416870117],[123.9759674072269,10.366900444030875],[123.9761962890625,10.366740226745549],[123.97643280029297,10.366459846496582],[123.97663879394531,10.366239547729435],[123.97675323486328,10.36612987518322],[123.97711944580112,10.3658704757691],[123.97749328613315,10.365779876709098],[123.97770690917969,10.365900039672965],[123.9777526855471,10.36614990234375],[123.97773742675815,10.366459846496582],[123.97776031494163,10.366769790649414],[123.97783660888683,10.36693000793457],[123.97788238525425,10.367010116577092],[123.97805023193405,10.367179870605526],[123.97831726074253,10.367250442504996],[123.97860717773449,10.3673095703125],[123.97888183593784,10.367449760437125],[123.97913360595703,10.367589950561523],[123.97920989990268,10.36763954162609],[123.97942352294922,10.367779731750488],[123.97958374023483,10.367879867553768],[123.9799499511721,10.368060111999625],[123.9800033569336,10.36808967590332],[123.98042297363304,10.36832046508789],[123.98081207275413,10.36847972869873],[123.98120880126953,10.368399620056152],[123.98164367675793,10.368269920349348],[123.98209381103516,10.368100166320914],[123.98253631591797,10.368009567260742],[123.98301696777389,10.3680295944215],[123.98301696777389,10.368590354919434],[123.98269653320347,10.368670463562012],[123.9822769165039,10.368769645690975],[123.98181152343795,10.368940353393555],[123.98148345947311,10.369250297546387],[123.9814224243164,10.369609832763786],[123.98146820068371,10.369979858398438],[123.98152923583984,10.370340347289982],[123.98153686523438,10.370690345764103],[123.98169708251987,10.3710298538208],[123.98193359375034,10.371350288391227],[123.98220062255905,10.3716201782226],[123.98242187500011,10.371919631958008],[123.9825668334961,10.372289657592887],[123.98277282714889,10.372639656066951],[123.9829788208009,10.372980117797965],[123.98323822021484,10.373270034790039],[123.9834213256836,10.37355995178234],[123.98355102539074,10.373820304870605],[123.98359680175815,10.374090194702148],[123.9836196899414,10.374349594116438],[123.98368072509766,10.374609947204704],[123.9838333129884,10.374870300292912],[123.98396301269577,10.37516975402832],[123.98415374755905,10.375479698181152],[123.98429870605514,10.375840187072697],[123.98442077636753,10.376239776611385],[123.98813629150402,10.37320995330822],[123.99047088623081,10.371310234069767],[123.99140167236374,10.370539665222282],[123.99146270751964,10.370490074157715],[123.99389648437534,10.36847972869873]]],[[[123.98184204101574,10.380359649658203],[123.9835662841798,10.377429962158317],[123.98319244384788,10.377739906311149],[123.9829788208009,10.377820014953727],[123.98277282714889,10.37804985046398],[123.98253631591797,10.378310203552246],[123.98230743408214,10.37852001190197],[123.98204040527355,10.3785400390625],[123.98177337646484,10.378350257873535],[123.98150634765659,10.377969741821232],[123.98127746582043,10.377530097961426],[123.98101043701172,10.37724971771246],[123.98068237304699,10.377220153808594],[123.98032379150402,10.377459526062012],[123.9799499511721,10.377719879150447],[123.97963714599621,10.377759933471737],[123.97930145263672,10.377719879150447],[123.97895050048874,10.377579689025879],[123.97860717773449,10.377429962158317],[123.97833251953148,10.377160072326774],[123.978271484375,10.376689910888615],[123.97837829589889,10.376239776611385],[123.97856903076217,10.37588977813732],[123.97872161865234,10.375610351562614],[123.97879791259777,10.37534046173107],[123.97870635986351,10.375069618225211],[123.97859954833996,10.3748197555542],[123.97844696044956,10.374589920043945],[123.97834014892578,10.374380111694393],[123.97820281982433,10.374210357665959],[123.97799682617233,10.37407016754156],[123.97782135009777,10.373900413513127],[123.97769165039097,10.373689651489485],[123.97757720947266,10.373479843139592],[123.97753906250011,10.373229980468807],[123.97721862792969,10.373060226440543],[123.97693634033203,10.37277984619135],[123.97638702392578,10.3725004196167],[123.97611236572277,10.372220039367733],[123.97583007812534,10.372220039367733],[123.97444152832065,10.370829582214412],[123.97444152832065,10.370280265808333],[123.97416687011719,10.369999885559196],[123.97395324707031,10.369500160217399],[123.97357177734375,10.369290351867676],[123.97313690185547,10.36896991729742],[123.97270965576217,10.368659973144588],[123.97236633300781,10.368359565734863],[123.97210693359386,10.368009567260742],[123.97197723388672,10.367549896240234],[123.97184753417991,10.367280006408691],[123.97177886962925,10.367070198059139],[123.97184753417991,10.366860389709586],[123.97184753417991,10.36485958099371],[123.97203063964866,10.364654541015682],[123.97234344482456,10.364100456237793],[123.97234344482456,10.363750457763672],[123.97206115722656,10.363470077514705],[123.97210693359386,10.363300323486442],[123.97219848632824,10.362919807434196],[123.9722671508789,10.362509727478027],[123.97219848632824,10.362019538879338],[123.97189331054733,10.361339569092024],[123.9716491699221,10.360799789428768],[123.97135162353527,10.360190391540527],[123.97096252441418,10.359789848327864],[123.97077941894543,10.359609603881836],[123.97020721435558,10.359609603881836],[123.96987152099643,10.359809875488224],[123.96923828125011,10.360429763793888],[123.96896362304722,10.360919952392578],[123.96865844726608,10.361140251159725],[123.96840667724632,10.361330032348746],[123.96806335449219,10.361680030822868],[123.96784973144531,10.362019538879338],[123.96749877929688,10.36244010925293],[123.96701049804722,10.362850189209041],[123.96687316894565,10.362850189209041],[123.96643829345737,10.362360000610352],[123.96621704101585,10.362219810485954],[123.96604919433628,10.362000465393123],[123.9660110473634,10.361669540405217],[123.96587371826172,10.361040115356445],[123.96559906005905,10.360699653625488],[123.96553039550815,10.36056041717535],[123.96531677246094,10.360349655151367],[123.9651107788086,10.36001014709484],[123.96497344970726,10.359939575195426],[123.96427154541061,10.359939575195426],[123.96392059326183,10.359589576721305],[123.96382141113315,10.359439849853572],[123.96272277832031,10.359109878540039],[123.96202850341842,10.358690261840934],[123.96176147460938,10.358420372009391],[123.9589233398442,10.364839553833008],[123.95567321777344,10.368200302124023],[123.95482635498047,10.37001037597679],[123.95287322998092,10.373020172119254],[123.94465637207043,10.375439643859863],[123.942626953125,10.37675952911377],[123.93985748291061,10.378820419311467],[123.93576049804688,10.381620407104549],[123.93052673339855,10.384819984435978],[123.92755889892578,10.391130447387638],[123.92666625976562,10.393529891967773],[123.92585754394565,10.397060394287223],[123.92548370361362,10.39918041229248],[123.92489624023449,10.401000022888184],[123.92445373535202,10.40299034118658],[123.92449188232422,10.40575027465826],[123.92478942871139,10.414340019226302],[123.92505645751953,10.418820381164664],[123.92537689208996,10.428239822387923],[123.92539978027366,10.434339523315373],[123.92569732666016,10.451629638671932],[123.92687988281295,10.450050354003906],[123.9287261962894,10.447469711303825],[123.93208312988327,10.44287014007574],[123.93435668945324,10.438810348510799],[123.93753814697266,10.433059692382812],[123.94241333007812,10.425559997558707],[123.94304656982445,10.424579620361328],[123.9467163085942,10.419770240783691],[123.9487075805664,10.416979789733944],[123.95069885253906,10.41489028930664],[123.95355987548828,10.411199569702262],[123.95683288574264,10.407239913940373],[123.95767974853516,10.406250000000227],[123.96788787841842,10.395640373230208],[123.97000885009777,10.393280029297102],[123.9713134765625,10.391920089721737],[123.97564697265659,10.387350082397518],[123.97856903076217,10.38397026062006],[123.98184204101574,10.380359649658203]]]]}},{"type":"Feature","properties":{"ID_0":177,"ISO":"PHL","NAME_0":"Philippines","ID_1":25,"NAME_1":"Cebu","ID_2":459,"NAME_2":"Cordoba","NL_NAME_2":null,"VARNAME_2":null,"TYPE_2":"Bayan|Munisipyo","ENGTYPE_2":"Municipality","PROVINCE":"Cebu","REGION":"Central Visayas (Region VII)"},"geometry":{"type":"MultiPolygon","coordinates":[[[[123.98412322998058,10.258850097656534],[123.98378753662143,10.258500099182413],[123.98345947265682,10.258179664611987],[123.98313903808594,10.25790023803711],[123.98274993896484,10.257789611816406],[123.98236083984375,10.257749557495117],[123.98206329345771,10.257619857788313],[123.98181915283249,10.257490158081168],[123.9815902709961,10.257360458374023],[123.98129272461006,10.257229804992733],[123.98095703125,10.257129669189453],[123.98063659667969,10.256939888000659],[123.98027038574219,10.256690025329817],[123.97987365722656,10.256400108337346],[123.97942352294922,10.25607967376709],[123.97897338867199,10.255729675292969],[123.97855377197266,10.255339622497786],[123.9781494140625,10.255029678344954],[123.9777297973634,10.254799842834473],[123.9773101806644,10.254650115966797],[123.97696685791027,10.254440307617244],[123.97667694091808,10.254179954528809],[123.976356506348,10.25395965576189],[123.97599792480469,10.253780364990291],[123.9756317138673,10.253640174865723],[123.97527313232445,10.253660202026651],[123.97503662109375,10.253829956054915],[123.9750137329105,10.25386047363304],[123.97489929199241,10.254139900207747],[123.97522735595703,10.254750251770076],[123.97585296630882,10.25531005859375],[123.97651672363304,10.255749702453727],[123.97714233398438,10.256139755249308],[123.97765350341808,10.256460189819563],[123.97804260253929,10.256739616394043],[123.97834014892578,10.256990432739542],[123.97859954833996,10.25724983215349],[123.9788589477539,10.257519721985034],[123.97913360595703,10.257760047912711],[123.97942352294922,10.257969856262264],[123.97971343994186,10.258190155029581],[123.9799499511721,10.25846958160406],[123.98011779785168,10.258819580078352],[123.98010253906295,10.259200096130428],[123.98055267334018,10.259010314941634],[123.9819107055664,10.258790016174316],[123.98259735107433,10.259070396423283],[123.98309326171898,10.259269714355582],[123.9838333129884,10.25994014740013],[123.984169006348,10.26023006439226],[123.98503875732422,10.261110305786133],[123.98568725586006,10.262100219726847],[123.98657989501999,10.262677192687988],[123.98650360107433,10.262479782104435],[123.98632812500057,10.262149810791243],[123.98607635498081,10.261870384216365],[123.98586273193382,10.26154994964594],[123.98567962646553,10.261190414428711],[123.98548126220726,10.260849952697924],[123.98526000976574,10.260540008545092],[123.98500061035179,10.260270118713322],[123.98475646972656,10.259989738464355],[123.98455810546909,10.259639739990234],[123.98436737060581,10.259240150451717],[123.98412322998058,10.258850097656534]]],[[[123.97344207763683,10.254540443420353],[123.97326660156261,10.254360198974666],[123.9730224609375,10.25397968292259],[123.9727096557624,10.25387954711914],[123.97234344482456,10.253899574279842],[123.97191619873058,10.254059791564998],[123.97148132324219,10.254199981689567],[123.97106170654354,10.254400253295955],[123.97064208984375,10.254400253295955],[123.97026062011719,10.254220008850098],[123.96996307373047,10.254240036010856],[123.96971893310558,10.25442981719982],[123.96945190429699,10.254610061645508],[123.96916198730526,10.25487995147705],[123.96885681152355,10.255279541015568],[123.96858978271541,10.255809783935547],[123.9686737060548,10.256460189819563],[123.96888732910179,10.257080078125227],[123.96909332275459,10.257650375366268],[123.96923065185592,10.258210182189941],[123.96945953369163,10.258689880371207],[123.9696578979499,10.259039878845329],[123.96974182128929,10.259129524231184],[123.9700164794923,10.259610176086596],[123.9703369140625,10.260040283203068],[123.97061920166084,10.260379791259766],[123.97064208984375,10.260410308838118],[123.97086334228527,10.260769844055176],[123.97102355957031,10.261070251464844],[123.97109985351562,10.261369705200252],[123.97110748291016,10.261659622192383],[123.97109985351562,10.261949539184855],[123.97103118896484,10.262249946594352],[123.97087860107479,10.262539863586653],[123.97073364257812,10.262869834900016],[123.97055053710938,10.26321029663103],[123.97039031982433,10.26342964172369],[123.97088623046898,10.263010025024414],[123.97210693359386,10.261930465698413],[123.9747009277346,10.260769844055176],[123.97725677490246,10.259920120239428],[123.97898864746105,10.259559631347884],[123.97962951660156,10.259340286254826],[123.97928619384788,10.259090423584041],[123.97895050048874,10.258760452270451],[123.97862243652412,10.25841045379633],[123.97833251953148,10.258069992065543],[123.97808837890625,10.257760047912711],[123.97782135009777,10.257570266723917],[123.97753906250011,10.257439613342285],[123.97722625732422,10.257340431213436],[123.97688293457043,10.257160186767578],[123.97647094726608,10.256930351257324],[123.9759674072269,10.256669998168888],[123.97541809082031,10.256349563598633],[123.974853515625,10.255880355835188],[123.97435760498047,10.255209922790812],[123.97393035888729,10.254810333251896],[123.97355651855491,10.254650115966797],[123.97344207763683,10.254540443420353]]],[[[123.95687103271507,10.274129867553711],[123.95720672607467,10.273859977722111],[123.95729064941406,10.274040222167969],[123.95816040039108,10.272910118103255],[123.95970153808605,10.271249771118221],[123.95966339111328,10.271169662475813],[123.95966339111328,10.27054977417015],[123.96013641357456,10.269989967346135],[123.96090698242222,10.26937007904047],[123.96224975585938,10.268619537353572],[123.96299743652378,10.268199920654297],[123.96365356445312,10.267809867858887],[123.96460723876953,10.267230033874512],[123.96649169921909,10.26605033874523],[123.96739196777378,10.265159606933707],[123.96808624267624,10.264459609985465],[123.9691390991211,10.262249946594352],[123.9686737060548,10.261119842529467],[123.96851348877021,10.260729789733887],[123.96788787841842,10.259070396423283],[123.96671295166016,10.257060050964299],[123.965652465821,10.255749702453727],[123.96453857421875,10.2554101943972],[123.96420288085994,10.255539894104004],[123.96370697021496,10.255749702453727],[123.96341705322266,10.255889892578125],[123.96286773681697,10.255889892578125],[123.96269989013672,10.255829811096476],[123.96244812011719,10.255749702453727],[123.96195983886719,10.255539894104004],[123.96183013916038,10.2554101943972],[123.96160888671886,10.255200386047306],[123.96105194091808,10.254719734192122],[123.96040344238304,10.254340171813965],[123.96022033691406,10.254229545593262],[123.95980072021496,10.25382041931158],[123.95896148681652,10.253190040588493],[123.95854187011764,10.25292015075695],[123.9581985473634,10.252710342407227],[123.95803070068405,10.252610206604118],[123.95784759521518,10.252510070800838],[123.95687103271507,10.251950263977164],[123.95630645751999,10.251469612121639],[123.95617675781261,10.25139045715332],[123.9548492431644,10.250639915466422],[123.95390319824253,10.24950981140131],[123.95374298095703,10.249320030212516],[123.95221710205078,10.247500419616813],[123.9513931274414,10.24666976928711],[123.9511108398442,10.24666976928711],[123.9508438110355,10.24639034271263],[123.95041656494175,10.24639034271263],[123.94994354248047,10.24639034271263],[123.94972229003929,10.24639034271263],[123.94944763183639,10.246109962463493],[123.94944763183639,10.245559692382756],[123.94944763183639,10.244720458984432],[123.94917297363281,10.24444961547863],[123.94917297363281,10.244170188903922],[123.9488906860355,10.243889808654785],[123.9488906860355,10.243610382080078],[123.94837188720737,10.243089675903434],[123.94769287109386,10.242400169372615],[123.94750213623058,10.242219924926758],[123.94721984863315,10.242219924926758],[123.94647979736351,10.24213981628418],[123.94568634033214,10.242199897766227],[123.94557189941452,10.24221038818365],[123.9455337524414,10.242219924926758],[123.94480895996139,10.24240970611578],[123.94368743896496,10.242690086364746],[123.9429168701173,10.243100166321028],[123.94288635253906,10.243260383605957],[123.94288635253906,10.245439529418945],[123.94288635253906,10.245679855346793],[123.94259643554722,10.245889663696516],[123.94170379638695,10.24650955200218],[123.9412078857423,10.246649742126579],[123.94078826904297,10.246709823608398],[123.9386978149414,10.246709823608398],[123.93765258789062,10.246919631958121],[123.9371566772461,10.24705982208252],[123.9366073608403,10.247340202331486],[123.93625640869152,10.247750282287825],[123.93576812744152,10.248579978942814],[123.9354934692384,10.248929977416935],[123.93514251709053,10.24927043914812],[123.9347915649414,10.249409675598201],[123.93409729003906,10.24962043762224],[123.93360900878974,10.249759674072493],[123.93283843994163,10.250100135803507],[123.93221282958984,10.250519752502555],[123.93193817138672,10.251000404358138],[123.9317703247076,10.252019882202148],[123.93190765380893,10.252499580383414],[123.93245697021507,10.253609657287768],[123.93282318115246,10.254229545593432],[123.93309020996094,10.254779815673942],[123.93337249755905,10.255339622497786],[123.93344116210972,10.256030082702864],[123.93344116210972,10.256509780883789],[123.93364715576172,10.256930351257324],[123.93392944335938,10.257200241088867],[123.93419647216831,10.257619857788313],[123.9346923828125,10.258310317993221],[123.93483734130882,10.258649826049918],[123.9351806640625,10.259550094604549],[123.93525695800781,10.259759902954102],[123.93553161621128,10.260180473327637],[123.93589019775413,10.260629653930778],[123.93630218505893,10.261139869689998],[123.93670654296875,10.261699676513672],[123.93731689453148,10.261739730835131],[123.93773651123047,10.261739730835131],[123.93786621093761,10.26138973236084],[123.93792724609375,10.26117038726835],[123.93801116943393,10.260910034179915],[123.93814849853527,10.260629653930778],[123.93829345703125,10.2603502273559],[123.93836212158214,10.260210037231502],[123.93856811523483,10.25979995727539],[123.93885040283226,10.259659767150993],[123.93927001953125,10.259659767150993],[123.93961334228538,10.25994014740013],[123.93969726562511,10.260180473327637],[123.93982696533203,10.260490417480469],[123.94024658203136,10.260769844055176],[123.94087219238315,10.261039733886719],[123.94171142578148,10.261320114135856],[123.94199371337913,10.261670112609977],[123.94241333007812,10.262009620666504],[123.94275665283226,10.262290000915641],[123.94303131103572,10.262700080871582],[123.94303131103572,10.263119697570858],[123.94275665283226,10.263319969177246],[123.94261169433594,10.263319969177246],[123.94199371337913,10.263259887695426],[123.94184875488281,10.262909889221305],[123.94171142578148,10.262769699096907],[123.94156646728561,10.262769699096907],[123.94136047363281,10.262909889221305],[123.94114685058594,10.263190269470272],[123.94109344482422,10.26333045959467],[123.94100952148449,10.26352977752697],[123.94087219238315,10.263739585876522],[123.94058990478516,10.264019966125488],[123.9401779174807,10.264289855957031],[123.93975830078125,10.264360427856445],[123.93911743164074,10.264909744262695],[123.93927001953125,10.265049934387264],[123.93961334228538,10.265190124511662],[123.93975830078125,10.265259742736816],[123.94003295898438,10.26546955108654],[123.94024658203136,10.265740394592399],[123.94052124023438,10.26601982116722],[123.9406890869144,10.26653003692627],[123.9415283203125,10.267089843750114],[123.94201660156284,10.267640113830623],[123.94249725341797,10.268329620361442],[123.94271850585983,10.268679618835563],[123.9427871704105,10.26902008056635],[123.9429168701173,10.269579887390194],[123.94306182861328,10.269849777221737],[123.94361877441429,10.270130157470703],[123.9441833496096,10.270270347595329],[123.94445800781261,10.2704696655274],[123.94480895996139,10.27095985412592],[123.94487762451206,10.271180152893066],[123.9450073242192,10.271650314331055],[123.9454269409182,10.271849632263127],[123.94634246826217,10.272339820861816],[123.94683074951183,10.27268028259283],[123.94725036621094,10.272890090942383],[123.94780731201195,10.273369789123649],[123.94835662841808,10.273650169372615],[123.94863891601574,10.274060249328727],[123.94885253906261,10.2746200561524],[123.94934082031273,10.27544975280756],[123.94954681396484,10.275930404663313],[123.94978332519543,10.276200294494856],[123.94996643066452,10.276410102844238],[123.95017242431652,10.276689529418888],[123.95044708251953,10.276969909668082],[123.95097351074264,10.27731037139904],[123.95108032226562,10.277379989624023],[123.95191955566452,10.27766036987316],[123.95247650146496,10.277729988098145],[123.95332336425815,10.277999877929688],[123.95401000976585,10.278070449829102],[123.95442962646484,10.278070449829102],[123.95478057861374,10.277930259704704],[123.9548492431644,10.277589797973746],[123.95506286621116,10.276829719543457],[123.95533752441418,10.276410102844238],[123.95575714111362,10.275930404663313],[123.95625305175827,10.275309562683162],[123.95687103271507,10.274129867553711]]]]}},{"type":"Feature","properties":{"ID_0":177,"ISO":"PHL","NAME_0":"Philippines","ID_1":25,"NAME_1":"Cebu","ID_2":466,"NAME_2":"Lapu-Lapu City","NL_NAME_2":null,"VARNAME_2":"Lapu-Lapu City (Opon)","TYPE_2":"Lungsod|Siyudad","ENGTYPE_2":"City","PROVINCE":"Cebu","REGION":"Central Visayas (Region VII)"},"geometry":{"type":"MultiPolygon","coordinates":[[[[123.98818206787143,10.334449768066406],[123.98876953125,10.333880424499625],[123.98889160156261,10.333769798278865],[123.98937988281284,10.333769798278865],[123.9899368286134,10.333419799804744],[123.99006652832077,10.333009719848633],[123.9903564453125,10.332039833068848],[123.99083709716842,10.330829620361385],[123.99114990234375,10.330120086670036],[123.99156951904308,10.32804965972906],[123.99156951904308,10.327119827270565],[123.99156951904308,10.326589584350586],[123.99156951904308,10.326530456543196],[123.99154663085983,10.326390266418457],[123.9917831420903,10.325349807739258],[123.99198913574253,10.324729919433594],[123.99275207519565,10.323479652404842],[123.99394989013706,10.322250366210938],[123.99420166015625,10.321900367736816],[123.99462890625011,10.32172012329113],[123.9951095581057,10.321550369262695],[123.99536895751964,10.321180343628043],[123.99540710449264,10.320659637451172],[123.99561309814487,10.32034969329834],[123.99597167968773,10.32028961181652],[123.99630737304733,10.320280075073185],[123.996620178223,10.320240020751953],[123.99687957763717,10.320090293884391],[123.99717712402344,10.319990158081282],[123.99748992919933,10.319849967956543],[123.99777984619163,10.31970024108881],[123.99800872802734,10.319519996643123],[123.99829101562534,10.319459915161133],[123.99858093261719,10.319399833679313],[123.99877166748047,10.319120407104435],[123.9988403320317,10.318440437317122],[123.99890136718761,10.318220138549805],[123.99902343750023,10.31779956817627],[123.99925994873047,10.317660331726131],[123.99987030029331,10.316840171814079],[124.00000000000034,10.316670417785645],[124.00105285644531,10.316550254821777],[124.00145721435592,10.316499710083121],[124.0022811889653,10.316399574279785],[124.00273132324253,10.316390037536848],[124.00330352783237,10.316360473632812],[124.00409698486328,10.316430091857967],[124.00493621826195,10.315879821777457],[124.00499725341797,10.315719604492301],[124.00514221191452,10.315320014953613],[124.00523376464844,10.314570426940975],[124.00528717041027,10.314080238342285],[124.00538635253918,10.3135404586792],[124.00541687011741,10.31338977813715],[124.00582885742188,10.313340187072754],[124.00598144531273,10.313320159912223],[124.00675201416038,10.313249588012752],[124.00744628906284,10.313039779663086],[124.0081405639653,10.313320159912223],[124.0083465576173,10.314080238342285],[124.00856018066429,10.3149795532226],[124.00877380371128,10.315389633178768],[124.00946807861374,10.315460205078352],[124.01001739501953,10.315670013427734],[124.01093292236362,10.31525039672863],[124.01197814941418,10.314629554748478],[124.0126724243164,10.314080238342285],[124.01351165771496,10.314080238342285],[124.01519012451217,10.313940048217887],[124.01657867431686,10.313799858093319],[124.01743316650413,10.314020156860465],[124.01820373535156,10.31437015533453],[124.01854705810558,10.31532955169672],[124.01847839355491,10.316229820251522],[124.01882934570324,10.316989898681584],[124.01931762695347,10.317680358886719],[124.01994323730469,10.31803035736084],[124.02050018310547,10.317959785461369],[124.02056884765636,10.317890167236442],[124.02071380615234,10.317620277404899],[124.02056884765636,10.317060470581055],[124.02085113525425,10.316650390625114],[124.02120208740234,10.316229820251522],[124.02162170410179,10.316029548645133],[124.02232360839878,10.316160202026424],[124.02316284179688,10.316439628601074],[124.02342987060558,10.316579818725643],[124.02365112304722,10.317139625549316],[124.02406311035156,10.317500114441032],[124.02452087402344,10.317850112915153],[124.02497100830124,10.318200111389274],[124.0253524780278,10.318570137023926],[124.02571868896496,10.318889617919865],[124.02604675292969,10.31919002532959],[124.02684020996105,10.319649696350098],[124.0270462036134,10.319769859313965],[124.02752685546909,10.320460319519043],[124.02802276611374,10.32129001617426],[124.02864074707031,10.321820259094238],[124.02921295166016,10.322199821472225],[124.02982330322288,10.322549819946346],[124.03008270263683,10.32277965545677],[124.0311279296875,10.323120117187557],[124.03163909912132,10.323390007019157],[124.03217315673874,10.32367992401123],[124.03301239013672,10.324640274047908],[124.03302764892578,10.324769973754883],[124.0331497192384,10.325539588928223],[124.03363800048851,10.326510429382324],[124.03373718261741,10.326970100402832],[124.0340576171875,10.32736968994135],[124.03443908691406,10.32769966125494],[124.03482818603516,10.328040122985897],[124.03523254394543,10.328370094299316],[124.03563690185558,10.328669548034725],[124.03611755371116,10.328880310058707],[124.03659057617199,10.329039573669547],[124.0370025634769,10.329230308532829],[124.03737640380905,10.329460144043082],[124.03774261474632,10.32973957061779],[124.03810119628918,10.33003044128418],[124.03849029541027,10.330300331115723],[124.03884887695358,10.330619812011662],[124.0391769409182,10.330980300903377],[124.03954315185581,10.331330299377498],[124.03993988037132,10.331629753112907],[124.04029083251964,10.331959724426326],[124.04065704345703,10.332240104675293],[124.04096984863293,10.332559585571403],[124.04122161865234,10.332969665527344],[124.0416030883789,10.333390235900936],[124.04203033447288,10.333840370178336],[124.04264831542969,10.334159851074446],[124.0433120727539,10.334400177001953],[124.04395294189453,10.334449768066406],[124.0445327758789,10.334440231323242],[124.04496002197277,10.33434963226324],[124.04548645019531,10.334369659423828],[124.04591369628918,10.333880424499625],[124.04596710205112,10.333399772644043],[124.04569244384766,10.332900047302246],[124.04560089111328,10.332530021667537],[124.04548645019531,10.332050323486271],[124.0452804565432,10.331549644470158],[124.04501342773472,10.331009864807243],[124.04473876953125,10.330439567565975],[124.04444122314487,10.329839706420898],[124.04411315918003,10.329270362854118],[124.04371643066406,10.328820228576717],[124.04341125488281,10.328419685363883],[124.04315185546886,10.328100204467717],[124.04296875000034,10.327810287475813],[124.04276275634766,10.3275403976441],[124.04248809814464,10.327260017395133],[124.04219818115246,10.326970100402832],[124.04190063476608,10.326680183410758],[124.04163360595737,10.326390266418457],[124.04136657714866,10.326100349426326],[124.04109954833984,10.325790405273494],[124.04078674316418,10.325429916381779],[124.04042816162155,10.325030326843262],[124.04002380371105,10.324609756469727],[124.0396118164067,10.324159622192496],[124.03928375244186,10.323699951171989],[124.03912353515625,10.323410034179688],[124.03903961181686,10.323240280151595],[124.03885650634777,10.323030471801701],[124.03874206542969,10.322890281677303],[124.03852844238315,10.322509765625057],[124.03836822509766,10.322150230407829],[124.03829956054699,10.321789741516113],[124.03817749023438,10.321539878845442],[124.03814697265659,10.321490287780875],[124.03809356689464,10.321390151977539],[124.0379333496096,10.32116985321045],[124.03764343261741,10.32083988189703],[124.03727722167969,10.320469856262207],[124.03695678710949,10.320039749145508],[124.03665161132812,10.319580078125],[124.03645324707031,10.319279670715446],[124.03633117675781,10.31908988952648],[124.03601837158214,10.318550109863395],[124.03555297851585,10.31803035736084],[124.03501892089844,10.317520141601562],[124.03443908691406,10.317070007324162],[124.03385925292969,10.316650390625114],[124.03331756591842,10.316229820251522],[124.03202819824264,10.315879821777457],[124.03101348876953,10.31575965881359],[124.03028106689464,10.315670013427734],[124.02925872802757,10.315259933471793],[124.02909851074219,10.315190315246639],[124.02770233154308,10.314499855041504],[124.02715301513695,10.314100265502987],[124.0266571044923,10.313739776611271],[124.0265808105471,10.313639640808162],[124.02588653564464,10.312700271606559],[124.02498626709018,10.311599731445312],[124.02427673339878,10.310210227966309],[124.02381134033214,10.309020042419547],[124.02377319335983,10.308939933776799],[124.02369689941418,10.30883979797386],[124.02349090576172,10.308489799499569],[124.0232925415039,10.308119773864746],[124.02304077148449,10.307760238647518],[124.02277374267601,10.307399749755973],[124.02249908447311,10.307040214538517],[124.022216796875,10.306679725646973],[124.02198028564464,10.306329727172908],[124.0218200683596,10.30585956573509],[124.02163696289062,10.305459976196403],[124.0214614868164,10.30508995056158],[124.02124786376976,10.304780006408748],[124.02098083496128,10.304510116577148],[124.0206298828125,10.304289817810059],[124.02031707763672,10.303930282592773],[124.0200424194336,10.303520202636832],[124.01994323730469,10.303330421447868],[124.01978302001964,10.303039550781307],[124.01949310302734,10.302530288696346],[124.01904296875011,10.302100181579647],[124.01859283447266,10.301659584045353],[124.01820373535156,10.301259994506836],[124.01783752441406,10.300900459289778],[124.01756286621094,10.300600051879883],[124.01735687255893,10.300279617309627],[124.01717376709018,10.299949645996094],[124.01696777343795,10.299659729003963],[124.0168228149414,10.299349784851131],[124.01667785644531,10.29907035827648],[124.01656341552746,10.29878044128418],[124.01641845703125,10.298460006713924],[124.01635742187511,10.298009872436523],[124.01622772216797,10.297519683837834],[124.01605224609375,10.297019958496207],[124.0158462524414,10.296569824218807],[124.01567077636719,10.296179771423567],[124.01550292968784,10.295849800109863],[124.01531219482456,10.295559883117903],[124.01509094238281,10.295269966125431],[124.01483154296886,10.294980049133528],[124.01454162597668,10.294670104980696],[124.01425170898449,10.294329643249512],[124.0139389038086,10.293979644775447],[124.01361083984398,10.293649673462028],[124.01325988769531,10.293339729309196],[124.01289367675781,10.293049812316951],[124.01252746582077,10.29275989532482],[124.01220703125034,10.292429924011287],[124.0118637084961,10.292130470275879],[124.01152801513672,10.291790008545036],[124.0113220214846,10.291480064392204],[124.01126098632847,10.291390419006348],[124.01097869873047,10.291009902954102],[124.0105972290039,10.290710449218864],[124.01026153564464,10.290360450744743],[124.00990295410202,10.290029525756893],[124.00952911376999,10.28971958160406],[124.0092010498048,10.289400100708065],[124.00897979736328,10.28899955749506],[124.00871276855514,10.288619995117301],[124.00749206543003,10.287599563598633],[124.00602722167969,10.286769866943416],[124.00479888916016,10.286250114440861],[124.00456237793014,10.286149978637752],[124.0030975341798,10.285940170288029],[124.00142669677734,10.285670280456486],[124.00102996826195,10.285639762878532],[124.00000000000034,10.285559654235954],[123.9997329711914,10.285659790039062],[123.99931335449241,10.285260200500716],[123.99909973144565,10.284919738769588],[123.99880981445324,10.284640312195052],[123.99849700927734,10.28433036804222],[123.99820709228516,10.284009933471793],[123.99812316894531,10.283699989318961],[123.99822235107467,10.283419609069824],[123.99846649169967,10.28318977355957],[123.99868774414062,10.282979965210018],[123.99889373779297,10.282779693603572],[123.99907684326172,10.282560348510742],[123.99913024902344,10.282369613647461],[123.99915313720703,10.282279968261946],[123.99918365478527,10.281949996948242],[123.99916839599655,10.281829833984375],[123.99916076660156,10.281609535217399],[123.99910736084018,10.28131008148199],[123.99893188476585,10.281149864196891],[123.99868774414062,10.281029701233024],[123.99857330322266,10.28079986572277],[123.99852752685581,10.280500411987362],[123.99833679199253,10.280280113220215],[123.99812316894531,10.280030250549373],[123.9978866577153,10.27976036071783],[123.99761962890625,10.279490470886458],[123.9974136352539,10.27925014495861],[123.99703216552734,10.279100418090877],[123.99667358398438,10.278900146484489],[123.99633789062511,10.278639793396053],[123.99611663818405,10.27842998504633],[123.9960403442384,10.278360366821403],[123.99574279785202,10.278089523315543],[123.99545288085938,10.277830123901424],[123.9951400756836,10.277589797973746],[123.99500274658214,10.277500152587834],[123.99388885498092,10.27639007568365],[123.99388885498092,10.276260375976506],[123.99388885498092,10.276109695434513],[123.993408203125,10.275629997253418],[123.99333190918003,10.27556037902832],[123.99333190918003,10.2754297256472],[123.99333190918003,10.27499961853033],[123.99305725097656,10.27472019195568],[123.99305725097656,10.274439811706543],[123.99276733398438,10.274169921874943],[123.99276733398438,10.273610115051326],[123.99250030517624,10.27332973480236],[123.99250030517624,10.27278041839611],[123.99275970459018,10.27233028411888],[123.99284362792969,10.271860122680721],[123.9926528930664,10.271479606628645],[123.99243927001976,10.271160125732536],[123.99224853515648,10.270879745483342],[123.99210357666016,10.270620346069393],[123.99201965332031,10.270520210266113],[123.99192810058639,10.270400047302303],[123.9917221069336,10.270239830017317],[123.99150848388672,10.270099639892578],[123.99128723144565,10.269949913024846],[123.99125671386719,10.269920349121207],[123.99108123779308,10.269760131836051],[123.99088287353516,10.269539833068904],[123.99069976806652,10.26924991607666],[123.99053955078148,10.268930435180664],[123.9903564453125,10.268630027770996],[123.99022674560558,10.268300056457576],[123.99006652832077,10.26801967620861],[123.99001312255905,10.267680168151912],[123.9899368286134,10.267319679260197],[123.98977661132835,10.266980171203727],[123.98966217041027,10.266590118408317],[123.98944854736374,10.266240119934196],[123.98922729492188,10.265870094299373],[123.98906707763717,10.265460014343205],[123.9890365600586,10.265419960021916],[123.98880004882847,10.265179634094238],[123.98851776123058,10.26492023468029],[123.98819732666016,10.264690399170036],[123.98811340332077,10.264619827270621],[123.98790740966797,10.264450073242188],[123.98763275146484,10.264229774475211],[123.98738861084007,10.2639799118042],[123.98724365234375,10.263759613037053],[123.98719787597679,10.263710021972656],[123.98699188232433,10.263440132141113],[123.98681640625023,10.263139724731388],[123.98676300048828,10.263010025024414],[123.98664093017624,10.262829780578556],[123.98657989501999,10.262677192687988],[123.98568725585983,10.262100219726676],[123.98503875732422,10.261110305786133],[123.984169006348,10.26023006439209],[123.9838333129884,10.25994014740013],[123.98309326171898,10.259269714355582],[123.98259735107433,10.259070396423283],[123.9819107055664,10.258790016174316],[123.98055267334018,10.259010314941634],[123.98010253906295,10.259200096130428],[123.97989654541016,10.25940990447998],[123.97962951660156,10.259340286254826],[123.97898864746105,10.259559631347713],[123.97725677490246,10.259920120239258],[123.9747009277346,10.260769844055176],[123.97210693359386,10.261930465698242],[123.97088623046898,10.263010025024414],[123.97039031982433,10.26342964172369],[123.97032928466797,10.263520240783691],[123.97012329101585,10.2638196945191],[123.9699401855471,10.264160156250227],[123.96971893310558,10.264459609985465],[123.96949005126987,10.264749526977596],[123.96927642822311,10.265049934387264],[123.9690628051759,10.265319824218807],[123.96881103515625,10.26558971405035],[123.96855163574219,10.265850067138786],[123.96827697753952,10.266059875488509],[123.96798706054688,10.266220092773438],[123.96775817871139,10.26640987396246],[123.96756744384811,10.266599655151424],[123.96737670898483,10.266770362854004],[123.96721649169922,10.266960144042969],[123.96701049804722,10.267120361328125],[123.96674346923874,10.267239570617676],[123.9663696289067,10.267350196838379],[123.96588897705078,10.267600059509391],[123.96539306640625,10.267910003662223],[123.9649429321289,10.268230438232479],[123.96457672119175,10.268560409546012],[123.9642562866211,10.268850326538143],[123.96382904052757,10.269100189208928],[123.96334838867199,10.269319534301758],[123.9628829956057,10.269510269165039],[123.96241760253952,10.269729614257926],[123.96198272705124,10.269929885864485],[123.96160888671886,10.270130157470703],[123.96127319335983,10.270359992981014],[123.96090698242222,10.270589828491438],[123.96077728271507,10.270689964294547],[123.9605484008789,10.270859718322981],[123.96018981933628,10.271140098571777],[123.9598388671875,10.271459579467773],[123.95970153808605,10.271249771118221],[123.95816040039108,10.272910118103255],[123.95729064941406,10.274040222167969],[123.9574966430664,10.274550437927246],[123.95742797851574,10.274689674377498],[123.95707702636764,10.275380134582633],[123.95652008056675,10.276339530944767],[123.95590972900402,10.277190208435002],[123.95585632324219,10.277319908142147],[123.95556640625034,10.278010368347282],[123.95554351806686,10.278070449829102],[123.95554351806686,10.279459953308162],[123.95588684082043,10.280489921569938],[123.9561004638673,10.281109809875602],[123.95638275146518,10.282150268554801],[123.95596313476562,10.28318977355957],[123.95511627197311,10.283670425415096],[123.9549179077153,10.283670425415096],[123.9548492431644,10.283599853515682],[123.95414733886719,10.28318977355957],[123.95332336425815,10.283120155334586],[123.9529037475586,10.282910346984863],[123.95247650146496,10.282500267028922],[123.95171356201183,10.281049728393555],[123.95136260986362,10.280010223388672],[123.95059204101608,10.278699874877873],[123.94912719726597,10.277239799499625],[123.94863891601574,10.276479721069393],[123.9483032226567,10.276000022888297],[123.94793701171909,10.275719642639103],[123.94731903076183,10.275239944458065],[123.94619750976608,10.274479866027775],[123.9454269409182,10.274129867553711],[123.94521331787121,10.274060249328727],[123.94473266601574,10.273859977722111],[123.9441833496096,10.273719787597713],[123.94383239746094,10.273440361023063],[123.94355010986362,10.273030281067122],[123.94341278076229,10.272749900818155],[123.94245910644588,10.272009849548454],[123.9420623779298,10.271929740905875],[123.94161987304756,10.271829605102766],[123.94122314453136,10.271619796753043],[123.94093322753963,10.271280288696346],[123.94075775146507,10.27089977264427],[123.94075012207054,10.270500183105582],[123.94091796875011,10.270170211791992],[123.94114685058594,10.269920349121378],[123.94126892089844,10.269510269165039],[123.94109344482422,10.269319534301758],[123.94080352783249,10.269140243530387],[123.94052124023438,10.269009590148926],[123.9402770996096,10.26883983612089],[123.94016265869197,10.26856994628912],[123.94014739990234,10.268210411071891],[123.9401702880865,10.26780033111595],[123.94014739990234,10.267359733581486],[123.93998718261741,10.267040252685547],[123.93974304199219,10.266850471496525],[123.93946838378952,10.266730308532715],[123.93917083740234,10.266750335693416],[123.93888854980469,10.266389846801701],[123.93888854980469,10.26611042022705],[123.93885040283226,10.266070365905762],[123.9380569458009,10.265279769897518],[123.93781280517646,10.265520095825423],[123.93776702880871,10.265560150146712],[123.93776702880871,10.265830039978255],[123.93723297119209,10.266389846801701],[123.93723297119209,10.266670227051065],[123.93666839599678,10.267219543457088],[123.93665313720726,10.267519950866813],[123.93641662597702,10.267640113830623],[123.93630981445312,10.2678604125976],[123.9364013671875,10.268309593200911],[123.9366073608403,10.268879890441951],[123.93679809570358,10.26924991607683],[123.93685913086006,10.269510269165039],[123.9367904663086,10.269709587097168],[123.93659210205078,10.269909858703784],[123.93636322021507,10.27019023895275],[123.93623352050827,10.270620346069393],[123.935546875,10.270560264587402],[123.93527984619186,10.270560264587402],[123.93499755859375,10.270830154418945],[123.93472290039074,10.270830154418945],[123.93444824218807,10.271109580993823],[123.93444824218807,10.271670341491927],[123.93472290039074,10.271940231323299],[123.93499755859375,10.271940231323299],[123.93527984619186,10.272219657898177],[123.93639373779297,10.272219657898177],[123.93666839599678,10.272500038146973],[123.93694305419945,10.272500038146973],[123.9372024536134,10.272850036621264],[123.9374771118164,10.273220062256087],[123.93772888183594,10.273599624633903],[123.93789672851585,10.274000167846907],[123.93802642822266,10.274379730224666],[123.93814086914108,10.274789810180607],[123.93827056884788,10.2752304077149],[123.93837738037178,10.275750160217285],[123.93852996826183,10.276300430297795],[123.93872070312511,10.276809692382926],[123.93897247314487,10.27721023559576],[123.93929290771496,10.27742958068859],[123.93962097167969,10.277500152587834],[123.93994140625,10.277560234070052],[123.94022369384766,10.277680397033691],[123.94045257568371,10.27787971496582],[123.94064331054699,10.278129577636832],[123.94082641601574,10.27838993072504],[123.94096374511719,10.278599739074764],[123.9410018920903,10.278650283813477],[123.9412078857423,10.278900146484489],[123.94143676757858,10.279120445251465],[123.94170379638695,10.279290199279899],[123.94190979003906,10.279509544372559],[123.94209289550804,10.279729843139705],[123.94228363037132,10.27995967865013],[123.9424819946289,10.280200004577637],[123.94270324707031,10.280480384826603],[123.94287872314453,10.28079986572277],[123.94304656982445,10.281109809875602],[123.94361114501976,10.281669616699219],[123.94361114501976,10.281940460205078],[123.94444274902355,10.282779693603572],[123.94444274902355,10.283060073852596],[123.94416809082065,10.283329963684139],[123.94416809082065,10.283889770507756],[123.94361114501976,10.284440040588493],[123.94333648681686,10.284440040588493],[123.94277954101597,10.283889770507756],[123.94249725341797,10.283889770507756],[123.94222259521484,10.283610343933105],[123.9415512084961,10.283610343933105],[123.94082641601574,10.283610343933105],[123.94055175781284,10.283329963684139],[123.94055175781284,10.283060073852596],[123.94000244140625,10.282500267028922],[123.93985748291061,10.282199859619197],[123.93962860107422,10.281949996948242],[123.93939971923862,10.281700134277571],[123.93919372558594,10.281479835510254],[123.93903350830101,10.281279563903865],[123.93888854980469,10.281060218810978],[123.93871307373092,10.280850410461483],[123.9384689331057,10.280730247497786],[123.93824005126953,10.280610084533748],[123.93798828125023,10.280460357666243],[123.9377212524414,10.280229568481673],[123.93746185302734,10.27991962432884],[123.93724060058639,10.279569625854549],[123.93721771240246,10.27952957153326],[123.93704223632881,10.279219627380428],[123.93691253662121,10.27888011932373],[123.93678283691406,10.278519630432413],[123.93669128417969,10.278070449829102],[123.93657684326172,10.277620315551871],[123.9363784790039,10.277279853821085],[123.93611145019565,10.277050018310604],[123.93579864501976,10.276849746704215],[123.93547058105514,10.276559829711914],[123.93515014648472,10.276189804077262],[123.93492126464855,10.275730133056925],[123.9347381591798,10.27527046203636],[123.9345932006836,10.274869918823185],[123.93418884277412,10.274660110473633],[123.93401336669956,10.274909973144645],[123.933837890625,10.275250434875659],[123.933631896973,10.2754297256472],[123.93340301513683,10.27532958984392],[123.93312835693382,10.275079727173079],[123.9328002929692,10.27484035491949],[123.9324417114259,10.274709701538256],[123.9320831298835,10.274729728698787],[123.93171691894565,10.27484035491949],[123.93139648437557,10.275050163269043],[123.93108367919967,10.275309562683162],[123.93074798584053,10.275589942932129],[123.93044281005916,10.275910377502385],[123.93020629882812,10.27626991271984],[123.9301910400394,10.276700019836483],[123.93038177490268,10.277099609375227],[123.93061828613293,10.27746963500988],[123.93083953857445,10.277799606323242],[123.9310226440432,10.278079986572209],[123.93115997314453,10.278320312500114],[123.93126678466842,10.278510093689079],[123.93151855468818,10.278659820556811],[123.93186950683605,10.278840065002669],[123.93218231201172,10.279109954834212],[123.93247222900459,10.279379844665584],[123.93274688720726,10.27966022491455],[123.9330368041999,10.279890060424805],[123.93329620361385,10.280110359192122],[123.93343353271518,10.280240058898926],[123.9334869384769,10.280300140380916],[123.9334869384769,10.28054046630865],[123.93328857421886,10.28085994720459],[123.93325805664062,10.281299591064567],[123.93345642089844,10.28176021575922],[123.93377685546886,10.282150268554801],[123.93412017822266,10.282460212707633],[123.93444824218784,10.282699584961051],[123.93477630615268,10.282870292663574],[123.93509674072277,10.283049583435172],[123.93543243408203,10.283220291137695],[123.93572998046909,10.283470153808707],[123.93608093261741,10.28374004364025],[123.93643951416027,10.284049987793082],[123.93670654296875,10.284500122070312],[123.93682098388683,10.285039901733398],[123.93694305419945,10.285530090332088],[123.93713378906273,10.285929679870605],[123.93730163574253,10.28627014160162],[123.93750000000034,10.286569595337028],[123.93772888183594,10.28687953948986],[123.93797302246105,10.287210464477539],[123.93813323974655,10.287579536438102],[123.938232421875,10.288000106811637],[123.93827056884788,10.288459777831974],[123.93820190429722,10.288929939270133],[123.93816375732433,10.289349555969181],[123.93814086914108,10.289679527282772],[123.9380798339846,10.289910316467342],[123.93789672851585,10.290010452270621],[123.93759918212902,10.290040016174316],[123.93723297119186,10.290049552917594],[123.9368362426759,10.290089607238883],[123.9365234375,10.290129661560172],[123.93618774414062,10.29026985168457],[123.93582916259766,10.290519714355582],[123.9354171752932,10.290849685668945],[123.93511962890636,10.29121017456066],[123.93495941162143,10.291500091552791],[123.93486785888672,10.291740417480469],[123.93473052978527,10.29191970825201],[123.93454742431652,10.292099952697868],[123.93443298339855,10.29230976104759],[123.93434143066418,10.292539596557674],[123.93419647216831,10.29281997680664],[123.93399810791061,10.293180465698185],[123.93392181396484,10.293600082397461],[123.93389129638695,10.293970108032283],[123.93390655517578,10.294300079345703],[123.93402099609375,10.294599533081112],[123.93412017822266,10.294939994812239],[123.9341735839846,10.295319557190055],[123.93425750732456,10.295700073242301],[123.93448638916016,10.295949935913143],[123.93486785888672,10.296030044555721],[123.93544006347656,10.295940399169979],[123.93589019775413,10.295720100402889],[123.93612670898438,10.295410156250057],[123.93618011474632,10.295069694519043],[123.93617248535179,10.29473972320568],[123.93612670898438,10.294449806213379],[123.93611907958984,10.294199943542537],[123.93620300292969,10.293999671936149],[123.93636322021507,10.293860435485897],[123.9366073608403,10.293789863586426],[123.93685913085983,10.293820381164608],[123.93707275390625,10.293950080871582],[123.93721008300793,10.294179916381836],[123.93724060058639,10.294489860534668],[123.93711853027378,10.29485988616949],[123.93694305419945,10.295209884643612],[123.93679809570358,10.295530319213867],[123.93665313720726,10.295809745788574],[123.9365386962894,10.296110153198242],[123.9365386962894,10.29644966125494],[123.93656921386719,10.296770095825195],[123.9365234375,10.297039985656738],[123.9362716674807,10.297320365905705],[123.93583679199219,10.297639846801871],[123.93533325195358,10.298029899597282],[123.93511199951183,10.298359870910645],[123.93506622314453,10.298410415649528],[123.9350280761721,10.298830032348633],[123.93509674072277,10.29928970336914],[123.935340881348,10.299639701843262],[123.93559265136753,10.299920082092399],[123.93562316894531,10.299960136413688],[123.93580627441406,10.300160408020076],[123.93599700927734,10.300430297851676],[123.93621063232422,10.300740242004508],[123.9365234375,10.301010131836051],[123.9368133544923,10.301320075988883],[123.93713378906273,10.301469802856559],[123.93766784667969,10.301259994506836],[123.93813323974655,10.30097961425787],[123.93840026855503,10.300889968872184],[123.93856048584007,10.301079750060978],[123.93876647949264,10.301289558410701],[123.93885803222656,10.301580429077092],[123.93888092041016,10.301930427551213],[123.93892669677746,10.302280426025504],[123.93930053710949,10.302680015564022],[123.93968200683605,10.303039550781307],[123.93994903564453,10.303350448608398],[123.94004058837936,10.3036403656007],[123.93995666503906,10.303939819335938],[123.93982696533203,10.30430984497093],[123.93979644775413,10.304730415344295],[123.93994140625,10.305179595947266],[123.94007110595714,10.305569648742619],[123.94004058837936,10.30585956573509],[123.93984985351608,10.306010246276912],[123.93958282470714,10.30591964721674],[123.93930053710949,10.305620193481502],[123.93908691406295,10.30515003204357],[123.93872070312511,10.30459976196289],[123.9380798339846,10.304129600524902],[123.93744659423862,10.303999900818098],[123.93718719482467,10.30430984497093],[123.93698120117188,10.30469989776617],[123.93694305419945,10.30519008636486],[123.93697357177734,10.305509567260799],[123.93698120117188,10.305680274963379],[123.9372024536134,10.306090354919661],[123.93750762939476,10.306400299072493],[123.9378433227539,10.30663967132574],[123.93820953369175,10.30673980712902],[123.93849182128906,10.306929588317985],[123.93875885009811,10.307100296020565],[123.93898010253906,10.307330131530989],[123.93919372558594,10.307649612426758],[123.9394302368164,10.307979583740348],[123.939453125,10.30832958221447],[123.93972015380905,10.308609962463436],[123.94000244140625,10.308609962463436],[123.9402770996096,10.308890342712402],[123.94055175781284,10.308890342712402],[123.94222259521484,10.31056022644043],[123.94222259521484,10.310830116271973],[123.94304656982445,10.311670303344783],[123.94333648681686,10.311670303344783],[123.94361114501976,10.311940193176326],[123.9438934326173,10.311940193176326],[123.94416809082065,10.312219619750977],[123.94426727294933,10.312219619750977],[123.94471740722656,10.312219619750977],[123.9452514648442,10.31260013580328],[123.94568634033214,10.312890052795524],[123.94612121582031,10.312990188598633],[123.94654846191418,10.312849998474064],[123.94686126709007,10.312959671020508],[123.94716644287143,10.313119888305607],[123.94744110107422,10.313349723815918],[123.94773101806686,10.313619613647461],[123.94803619384766,10.313940048217887],[123.94834899902344,10.31427001953125],[123.94872283935547,10.314539909362793],[123.94908905029297,10.31476020812994],[123.9494094848634,10.314970016479492],[123.94975280761719,10.315059661865348],[123.9500503540039,10.315239906311035],[123.95043182373047,10.315279960632324],[123.95081329345703,10.315320014953613],[123.9511108398442,10.315520286560002],[123.95136260986362,10.315609931945858],[123.95144653320312,10.31564044952404],[123.95176696777344,10.315839767456339],[123.95211029052803,10.316109657287711],[123.95247650146496,10.316430091857967],[123.95279693603516,10.31686019897461],[123.9540863037115,10.317410469055346],[123.95465087890636,10.317819595336971],[123.9547576904298,10.31785964965826],[123.95482635498047,10.317890167236612],[123.95575714111362,10.318240165710733],[123.9574966430664,10.318209648132552],[123.95839691162132,10.318420410156193],[123.95916748046943,10.318420410156193],[123.95971679687511,10.318490028381348],[123.9603500366211,10.31875991821289],[123.96056365966808,10.318969726562614],[123.96070098876999,10.319109916687012],[123.96116638183616,10.319560050964412],[123.9616165161134,10.319729804992676],[123.96202087402366,10.319939613342399],[123.96243286132847,10.320119857788086],[123.96279144287155,10.320469856262207],[123.96320343017578,10.32083988189703],[123.96362304687534,10.32124996185297],[123.9640731811528,10.321640014648551],[123.96452331543003,10.321980476379395],[123.96489715576217,10.322369575500488],[123.96537780761719,10.32266044616722],[123.96578216552734,10.322979927062988],[123.96704864501964,10.323809623718375],[123.96788024902344,10.324370384216309],[123.96926116943371,10.325289726257381],[123.96971893310558,10.325599670410213],[123.97013092041038,10.325790405273494],[123.97061920166061,10.325889587402344],[123.9710464477539,10.326009750366211],[123.97136688232445,10.326219558715877],[123.9716491699221,10.326410293579158],[123.97248840332043,10.326680183410758],[123.97290802001999,10.326889991760254],[123.97332763671875,10.327030181884822],[123.9738235473634,10.32744026184082],[123.97437286376999,10.327719688415641],[123.97471618652344,10.327790260314885],[123.97521209716831,10.32793045043951],[123.97570037841797,10.328129768371582],[123.97583007812534,10.328330039978027],[123.97528076171898,10.328889846801815],[123.97499847412155,10.328889846801815],[123.97499847412155,10.329719543457031],[123.97528076171898,10.329999923705998],[123.97528076171898,10.330280303955192],[123.97589874267624,10.330630302429256],[123.97638702392578,10.33069992065441],[123.97693634033203,10.330559730530013],[123.97693634033203,10.329449653625488],[123.97743988037121,10.329380035400334],[123.97765350341808,10.329649925231877],[123.97765350341808,10.329790115356502],[123.97807312011753,10.330280303955192],[123.97884368896484,10.330280303955192],[123.97904205322266,10.330209732055721],[123.97911834716797,10.330209732055721],[123.97931671142578,10.330280303955192],[123.97946166992222,10.330619812011662],[123.9799499511721,10.331040382385254],[123.981201171875,10.331919670105037],[123.98166656494163,10.332099914550895],[123.98210144042969,10.332260131835994],[123.98248291015625,10.332500457763672],[123.98287963867199,10.332759857177848],[123.98330688476562,10.332980155944767],[123.98378753662143,10.333180427551383],[123.98426818847656,10.333379745483512],[123.98465728759766,10.33372020721447],[123.98499298095737,10.334119796752987],[123.98547363281261,10.334309577942008],[123.98613739013706,10.334250450134277],[123.98665618896518,10.334409713745117],[123.98708343505893,10.334469795227278],[123.98748016357445,10.334609985351676],[123.98780822753906,10.33450031280529],[123.98818206787143,10.334449768066406]]]]}},{"type":"Feature","properties":{"ID_0":177,"ISO":"PHL","NAME_0":"Philippines","ID_1":25,"NAME_1":"Cebu","ID_2":467,"NAME_2":"Liloan","NL_NAME_2":null,"VARNAME_2":null,"TYPE_2":"Bayan|Munisipyo","ENGTYPE_2":"Municipality","PROVINCE":"Cebu","REGION":"Central Visayas (Region VII)"},"geometry":{"type":"Polygon","coordinates":[[[123.95079803466831,10.476490020751953],[123.95134735107467,10.475859642028865],[123.95130157470749,10.475210189819336],[123.95115661621139,10.474260330200309],[123.95159912109386,10.473750114440861],[123.95259857177734,10.473299980163631],[123.95319366455078,10.47296047210699],[123.9539566040039,10.472149848938045],[123.95429992675804,10.471440315246639],[123.95423126220737,10.470509529113883],[123.95455932617199,10.469109535217228],[123.95599365234409,10.468310356140364],[123.95684051513683,10.467399597167969],[123.95713043212902,10.466679573059196],[123.95744323730491,10.466409683227596],[123.9581527709961,10.465789794921932],[123.95960235595703,10.465129852295036],[123.96032714843784,10.465040206909123],[123.96111297607422,10.465499877929688],[123.96237945556652,10.465880393981934],[123.96325683593773,10.46580982208252],[123.96392822265648,10.465089797973746],[123.96401977539085,10.46422004699707],[123.96375274658249,10.463720321655273],[123.96347045898438,10.463069915771598],[123.96321868896484,10.462679862976017],[123.96337890625034,10.461669921875],[123.9642333984375,10.4612398147583],[123.96476745605503,10.460619926452637],[123.96472930908203,10.460189819335938],[123.96437835693371,10.459930419921818],[123.96321105957031,10.45985031127924],[123.96241760253952,10.459870338440169],[123.96202087402366,10.459420204162598],[123.96272277832031,10.458510398864803],[123.96351623535168,10.457739830017147],[123.96375274658249,10.456780433654785],[123.96354675292991,10.455989837646598],[123.96272277832031,10.455530166626033],[123.96192932128929,10.454930305480957],[123.96192932128929,10.45431995391857],[123.96402740478538,10.453539848327637],[123.96456909179699,10.453310012817326],[123.96521759033249,10.452690124511662],[123.96597290039062,10.45143985748291],[123.96636199951217,10.450570106506461],[123.96676635742199,10.449799537658805],[123.96750640869186,10.449449539184684],[123.9683227539067,10.4493799209597],[123.96961975097668,10.449540138244629],[123.97046661376953,10.44987010955822],[123.97157287597702,10.449609756469783],[123.97245025634766,10.448840141296444],[123.97325897216808,10.447959899902344],[123.97368621826206,10.44783020019554],[123.97492980957031,10.447810173034611],[123.97637176513672,10.448140144348372],[123.97753143310547,10.448769569396973],[123.97802734375011,10.449069976806868],[123.97844696044956,10.449230194091797],[123.97931671142578,10.449009895324707],[123.97982788085949,10.448510169982853],[123.98069763183605,10.447589874267692],[123.98179626464844,10.447039604186955],[123.9822998046875,10.447190284728947],[123.98285675048828,10.447719573974666],[123.9838333129884,10.448140144348372],[123.98442077636753,10.447620391845817],[123.98401641845703,10.446929931640739],[123.98317718505871,10.445899963378963],[123.9830017089846,10.444709777832031],[123.98362731933594,10.444029808044547],[123.98502349853516,10.443739891052246],[123.98580169677734,10.44340038299572],[123.9861068725586,10.443059921264762],[123.98615264892601,10.442999839782715],[123.98650360107433,10.441840171813965],[123.98664093017624,10.441010475158748],[123.98706817626953,10.440010070801009],[123.98716735839855,10.439390182495345],[123.9867782592778,10.439020156860352],[123.98593139648449,10.43887042999279],[123.98557281494163,10.438159942626953],[123.98594665527378,10.437339782715071],[123.9864730834961,10.436690330505371],[123.98668670654297,10.435939788818416],[123.98748016357445,10.435199737548942],[123.988563537598,10.435370445251465],[123.98973846435547,10.436010360717887],[123.99092864990234,10.436149597167969],[123.99188232421875,10.435600280761776],[123.99334716796875,10.434599876403809],[123.99421691894577,10.434479713439998],[123.99609375,10.43451976776123],[123.99674987793014,10.434800148010254],[123.99736022949219,10.43544006347679],[123.99797058105491,10.437239646911621],[123.99858093261719,10.43787002563488],[123.99951934814453,10.438050270080566],[124.00010681152344,10.437840461731184],[124.00041961669922,10.437649726867903],[124.00068664550781,10.437410354614315],[124.00080108642578,10.436539649963379],[124.00126647949264,10.435449600219727],[124.00208282470749,10.434989929199219],[124.00264739990257,10.435199737548942],[124.00360107421898,10.435090065002498],[124.00383758544922,10.434269905090446],[124.00316619873047,10.433580398559798],[124.0029907226567,10.432609558105582],[124.00305938720737,10.431679725647086],[124.00334930419922,10.430529594421444],[124.0038223266605,10.429730415344181],[124.00457000732467,10.428819656372127],[124.00507354736328,10.428500175476188],[124.0057373046875,10.428680419921875],[124.00646972656295,10.429610252380371],[124.00688171386719,10.430600166321028],[124.00730133056675,10.431610107421932],[124.0079803466798,10.432559967040959],[124.00892639160168,10.433520317077637],[124.00945281982422,10.433919906616325],[124.0101318359375,10.434390068054256],[124.01033782958984,10.434430122375545],[124.01084899902366,10.43428039550787],[124.01083374023449,10.433830261230469],[124.01055145263706,10.43323993682867],[124.01029968261753,10.432769775390852],[124.01026916503918,10.432709693908691],[124.00997924804722,10.432330131530875],[124.00969696044933,10.43206977844244],[124.00952911376999,10.431799888610897],[124.00933074951217,10.431570053100813],[124.00926208496094,10.431489944458065],[124.00908660888717,10.431309700012207],[124.00894165039085,10.430709838867301],[124.00852203369186,10.428979873657283],[124.00795745849621,10.427319526672363],[124.00782012939487,10.426950454712028],[124.00740814208996,10.42586994171154],[124.00678253173828,10.424630165100211],[124.00636291503929,10.423520088195858],[124.00572967529331,10.422550201416072],[124.00498962402344,10.421099662780705],[124.00454711914074,10.420709609985352],[124.00411224365234,10.420319557189941],[124.00361633300827,10.419989585876522],[124.00314331054688,10.419659614562988],[124.00273132324253,10.419269561767578],[124.0022811889653,10.418959617614746],[124.00179290771507,10.418709754943961],[124.00141906738281,10.418370246887264],[124.00119018554699,10.41812992095953],[124.00054931640648,10.417449951171875],[124.00010681152344,10.416609764099064],[124.00000000000034,10.416390419006575],[123.99880981445324,10.415069580078239],[123.99832153320312,10.413069725036678],[123.99832153320312,10.411820411682186],[123.99845886230514,10.410030364990348],[123.9985961914067,10.40775012969982],[123.9992294311528,10.40581035614025],[124.00000000000034,10.404439926147461],[124.00070953369152,10.403869628906193],[124.00106048583984,10.403249740600529],[124.0012130737307,10.403010368347168],[124.00148010253918,10.402560234069938],[124.00182342529297,10.401519775390739],[124.00177764892612,10.400679588317928],[124.00227355957077,10.398599624633789],[124.00232696533203,10.398039817810115],[124.00240325927734,10.3975000381472],[124.00251007080078,10.39657974243164],[124.00254058837925,10.396309852600098],[124.00260925293014,10.396100044250545],[124.00277709960938,10.395859718322868],[124.00308227539062,10.395569801330623],[124.00463867187534,10.394399642944393],[124.00578308105503,10.393389701843375],[124.00582122802734,10.39336013793951],[124.0070037841798,10.392250061035156],[124.00813293457077,10.39087009429943],[124.00950622558605,10.389699935913029],[124.01055908203148,10.38893032073986],[124.01187133789074,10.388179779052734],[124.01287078857422,10.387749671936092],[124.01390075683616,10.387459754943961],[124.01423645019577,10.387160301208723],[124.01461029052734,10.386969566345442],[124.01500701904342,10.386940002441406],[124.01542663574241,10.386940002441406],[124.01583862304722,10.386919975280875],[124.01625061035156,10.386879920959586],[124.01666259765648,10.38683032989502],[124.0170669555664,10.386770248413143],[124.01746368408203,10.386730194091854],[124.01788330078136,10.386739730835018],[124.0183334350586,10.386859893798828],[124.01838684082054,10.386870384216252],[124.01882934570324,10.386960029602164],[124.01965332031284,10.38667964935297],[124.02027130126987,10.386469841003475],[124.02057647705101,10.38584995269781],[124.02069091796875,10.385640144348258],[124.02124786376976,10.384599685669059],[124.02139282226562,10.383429527282658],[124.02102661132824,10.382840156555176],[124.02075958251964,10.382390022277946],[124.0192337036134,10.381150245666618],[124.01838684082054,10.380040168762264],[124.01761627197288,10.379489898681754],[124.01603698730469,10.379119873046875],[124.01484680175793,10.378840446472225],[124.01394653320312,10.378259658813704],[124.01367187500045,10.378080368041992],[124.01296997070347,10.377530097961426],[124.01206970214878,10.376359939575423],[124.01167297363281,10.376219749450684],[124.01141357421886,10.37604999542259],[124.01123809814499,10.37594985961914],[124.01085662841842,10.3755397796632],[124.0105209350586,10.375040054321346],[124.0101318359375,10.374620437622127],[124.00993347167969,10.374119758606014],[124.00972747802768,10.373680114746207],[124.0095367431644,10.373250007629508],[124.00906372070312,10.372659683227539],[124.00891876220714,10.372380256652832],[124.00850677490234,10.371549606323356],[124.00820159912143,10.370860099792537],[124.00753021240234,10.369339942932243],[124.00697326660156,10.368379592895621],[124.0067977905278,10.367759704589957],[124.00665283203148,10.367620468139648],[124.00637817382812,10.367349624633789],[124.00641632080124,10.366709709167594],[124.00644683837902,10.366239547729435],[124.006591796875,10.36575984954834],[124.00602722167969,10.364789962768612],[124.00554656982422,10.364239692688045],[124.00540161132847,10.363409996032658],[124.00483703613304,10.363200187683162],[124.00457000732467,10.362580299377498],[124.00386810302768,10.362090110778809],[124.00392150878906,10.361439704894963],[124.00353240966797,10.36161994934082],[124.00312805175804,10.361579895019531],[124.00306701660156,10.361570358276595],[124.00253295898472,10.361519813537711],[124.00254821777366,10.361559867859],[124.00142669677734,10.362669944763184],[123.9973068237307,10.366180419921932],[123.99389648437534,10.36847972869873],[123.99146270751964,10.370490074157715],[123.99140167236374,10.370539665222282],[123.99047088623081,10.371310234069767],[123.98813629150402,10.37320995330822],[123.98442077636753,10.376239776611385],[123.98445892333984,10.376549720764217],[123.98442077636753,10.376720428466797],[123.984413146973,10.376779556274528],[123.98412322998058,10.376899719238338],[123.98390960693405,10.37705039978033],[123.98367309570335,10.377340316772461],[123.9835662841798,10.377429962158317],[123.98184204101574,10.380359649658203],[123.97856903076217,10.38397026062006],[123.97564697265659,10.387350082397518],[123.9713134765625,10.391920089721737],[123.97000885009777,10.393280029297102],[123.96788787841842,10.395640373230208],[123.95767974853516,10.406250000000227],[123.95683288574264,10.407239913940373],[123.95355987548828,10.411199569702262],[123.95069885253906,10.41489028930664],[123.9487075805664,10.416979789733944],[123.9467163085942,10.419770240783691],[123.94304656982445,10.424579620361328],[123.94241333007812,10.425559997558707],[123.93753814697266,10.433059692382812],[123.93435668945324,10.438810348510799],[123.93208312988327,10.44287014007574],[123.9287261962894,10.447469711303825],[123.92687988281295,10.450050354003906],[123.92569732666016,10.451629638671932],[123.92568969726585,10.45386981964134],[123.92566680908237,10.461870193481559],[123.92533874511719,10.46541976928711],[123.92582702636719,10.46973037719738],[123.92622375488281,10.47173023223877],[123.92603302001953,10.472920417785701],[123.92632293701183,10.472310066223145],[123.9279708862307,10.4700803756715],[123.92916870117233,10.469189643859977],[123.92951202392578,10.46924018859886],[123.93036651611374,10.46934032440197],[123.93119812011753,10.46881008148199],[123.93212890625,10.467989921569938],[123.93226623535179,10.467900276184082],[123.9329605102539,10.467829704284611],[123.9333190917971,10.468159675598201],[123.93341064453148,10.468580245971907],[123.93293762207054,10.469149589538688],[123.93231201171875,10.470049858093319],[123.93193054199219,10.470629692077694],[123.93180847167969,10.470979690551815],[123.93190765380893,10.471619606018066],[123.93215942382847,10.47200965881342],[123.9324417114259,10.472319602966252],[123.93322753906295,10.472430229187012],[123.93388366699241,10.472319602966252],[123.93427276611351,10.47155952453619],[123.93401336669956,10.470899581909293],[123.93395233154308,10.470330238342285],[123.93443298339855,10.46984958648693],[123.93520355224643,10.469840049743596],[123.93599700927734,10.47039985656744],[123.9368515014653,10.47035980224615],[123.9376373291019,10.469739913940487],[123.93865966796898,10.469280242919979],[123.9393234252932,10.46969032287609],[123.94003295898438,10.470589637756461],[123.94072723388683,10.471710205078239],[123.94165802001953,10.472809791564941],[123.94233703613327,10.473489761352653],[123.94303894042991,10.473990440368766],[123.94407653808605,10.47412014007574],[123.94470977783203,10.474570274353141],[123.94448852539108,10.475390434265194],[123.94407653808605,10.476110458373967],[123.94477081298828,10.476909637451229],[123.94538879394577,10.476810455322209],[123.94582366943405,10.476559638977278],[123.94625854492199,10.476469993591422],[123.94715881347702,10.4762802124024],[123.94822692871094,10.476659774780387],[123.94895172119163,10.476880073547363],[123.94950866699253,10.47692966461176],[123.95014190673828,10.476719856262207],[123.95079803466831,10.476490020751953]]]}},{"type":"Feature","properties":{"ID_0":177,"ISO":"PHL","NAME_0":"Philippines","ID_1":25,"NAME_1":"Cebu","ID_2":470,"NAME_2":"Mandaue City","NL_NAME_2":null,"VARNAME_2":null,"TYPE_2":"Lungsod|Siyudad","ENGTYPE_2":"City","PROVINCE":"Cebu","REGION":"Central Visayas (Region VII)"},"geometry":{"type":"Polygon","coordinates":[[[123.9589233398442,10.364839553833008],[123.96176147460938,10.358420372009391],[123.96202850341842,10.358690261840934],[123.96272277832031,10.359109878540039],[123.96382141113315,10.359439849853572],[123.96378326416016,10.359379768371582],[123.96389007568405,10.3591699600222],[123.96305847168003,10.358329772949219],[123.96305847168003,10.357219696044865],[123.96250152587913,10.356670379638672],[123.9622192382817,10.356670379638672],[123.96212005615257,10.356450080871696],[123.96206665039062,10.356109619140682],[123.96195983886719,10.355770111083984],[123.96190643310581,10.355509757995605],[123.9622573852539,10.355489730835018],[123.96283721923828,10.35554027557373],[123.96307373046898,10.35548019409191],[123.96338653564487,10.355400085449332],[123.96382141113315,10.355310440063477],[123.9642333984375,10.35513019561779],[123.964393615723,10.354689598083496],[123.96446990966808,10.354470252990836],[123.9645919799807,10.354240417480582],[123.96454620361328,10.353949546814022],[123.96465301513717,10.353659629821891],[123.96472167968784,10.353389739990348],[123.96482849121094,10.35315036773676],[123.96505737304699,10.352970123291072],[123.96531677246094,10.352760314941406],[123.96559143066406,10.35260009765625],[123.96575164794922,10.352339744567814],[123.966102600098,10.352140426635742],[123.96623992919956,10.351960182190055],[123.9661636352539,10.35171985626215],[123.96592712402366,10.351460456848201],[123.96553039550815,10.351229667663631],[123.96504974365246,10.350999832153377],[123.96457672119175,10.350709915161133],[123.96411132812511,10.350489616394157],[123.96375274658249,10.350230216980037],[123.96351623535168,10.349909782409782],[123.96331024169967,10.349590301513615],[123.96320343017578,10.349390029907227],[123.96311950683639,10.349249839782829],[123.96311950683639,10.34887981414795],[123.96341705322266,10.348520278930721],[123.96381378173862,10.348139762878475],[123.9642562866211,10.347809791564885],[123.96468353271496,10.347539901733342],[123.96472167968784,10.347510337829647],[123.96505737304699,10.347330093383789],[123.96542358398449,10.347209930419979],[123.96571350097668,10.347040176391715],[123.96595001220703,10.34677982330328],[123.96613311767578,10.34652042388916],[123.96588897705078,10.345859527587947],[123.96542358398449,10.34519004821783],[123.96539306640625,10.345170021057129],[123.96485137939464,10.344790458679313],[123.96430969238304,10.344550132751465],[123.96392822265648,10.344340324402083],[123.96376800537143,10.344120025634766],[123.9638671875,10.34387016296398],[123.96417236328125,10.343600273132381],[123.96452331543003,10.3434095382691],[123.96484375000045,10.343359947204704],[123.96508789062545,10.343440055847282],[123.96531677246094,10.343509674072266],[123.96559143066406,10.343489646911678],[123.96591949462925,10.343319892883244],[123.96630859375023,10.34307003021246],[123.96674346923874,10.342849731445312],[123.96714019775402,10.342679977417049],[123.96746826171875,10.342590332031364],[123.9677429199221,10.342550277710075],[123.96800231933605,10.342499732971191],[123.96822357177757,10.342679977417049],[123.9683609008789,10.342820167541618],[123.9683609008789,10.34302997589117],[123.96829223632824,10.343379974365291],[123.96814727783237,10.343649864196834],[123.9677429199221,10.344340324402083],[123.96752166748058,10.34552001953125],[123.96752166748058,10.34607028961193],[123.96766662597656,10.346280097961483],[123.96794128418014,10.346349716186637],[123.96814727783237,10.346209526062012],[123.96864318847656,10.345939636230469],[123.96864318847656,10.345589637756348],[123.96878051757847,10.345239639282283],[123.96961975097668,10.345239639282283],[123.96983337402355,10.344759941101188],[123.96983337402355,10.34461975097662],[123.96988677978516,10.344280242919922],[123.96996307373047,10.344280242919922],[123.97059631347668,10.34461975097662],[123.97087097168003,10.344900131225586],[123.97100830078159,10.345040321350154],[123.97149658203125,10.345379829406852],[123.97177886962925,10.345450401306266],[123.97281646728516,10.345450401306266],[123.97281646728516,10.345729827880973],[123.97261810302734,10.34607028961193],[123.97268676757824,10.346489906311035],[123.97303771972702,10.346699714660701],[123.97338104248047,10.346699714660701],[123.97373199462925,10.346349716186637],[123.97400665283214,10.345999717712516],[123.97435760498047,10.345170021057129],[123.97428894042969,10.344759941101188],[123.97422027587902,10.344209671020451],[123.97422027587902,10.34385967254633],[123.97415161132812,10.343509674072266],[123.97386932373081,10.342749595642204],[123.97386932373081,10.342340469360352],[123.97400665283214,10.34212970733654],[123.97408294677734,10.341509819030875],[123.97400665283214,10.341099739074707],[123.97380065918014,10.340749740600586],[123.97373199462925,10.340330123901367],[123.97351837158203,10.339559555053711],[123.97309875488327,10.339420318603572],[123.9728927612307,10.339139938354606],[123.9724731445317,10.338939666748047],[123.97197723388672,10.33866024017334],[123.97164154052768,10.339090347290039],[123.97142791748047,10.33936977386469],[123.97087097168003,10.339920043945426],[123.9703826904298,10.340399742126522],[123.97030639648472,10.340399742126522],[123.96988677978516,10.340330123901367],[123.96983337402355,10.340060234069824],[123.96983337402355,10.339779853820858],[123.96968841552734,10.339389801025447],[123.96936798095726,10.339289665222168],[123.9689865112307,10.339130401611328],[123.96864318847656,10.33891963958746],[123.96836853027344,10.338680267334098],[123.96819305419933,10.338399887084904],[123.96810150146496,10.338089942932072],[123.96804809570312,10.337710380554313],[123.96800231933605,10.337260246276912],[123.9680786132817,10.336759567260799],[123.96822357177757,10.336270332336369],[123.96822357177757,10.335579872131461],[123.96800994873081,10.335300445556584],[123.96772766113293,10.335370063781738],[123.96710205078125,10.336130142211971],[123.96710205078125,10.336689949035645],[123.96630859375023,10.337579727172852],[123.96513366699219,10.338410377502555],[123.96450042724632,10.338680267334098],[123.964149475098,10.338829994201774],[123.96289825439453,10.338829994201774],[123.96192169189476,10.33862018585205],[123.96101379394531,10.338479995727482],[123.96063232421875,10.338159561157227],[123.96053314208984,10.338069915771712],[123.96011352539085,10.337369918823299],[123.96011352539085,10.336480140686092],[123.96016693115234,10.335989952087402],[123.96031188964889,10.335579872131461],[123.96066284179699,10.335370063781738],[123.96101379394531,10.335300445556584],[123.9615707397461,10.33413028717041],[123.96240997314499,10.333499908447322],[123.96337890625034,10.331850051879883],[123.96437835693371,10.330809593200684],[123.96521759033249,10.32970046997076],[123.9653091430664,10.329469680786246],[123.96556854248047,10.328829765319824],[123.96568298339844,10.328399658203125],[123.96591949462925,10.327989578247013],[123.96571350097668,10.327910423278922],[123.96508026123092,10.327630043029785],[123.96459960937523,10.327630043029785],[123.96437835693371,10.327630043029785],[123.96402740478538,10.32769966125494],[123.96333312988293,10.32769966125494],[123.96312713623092,10.326729774475154],[123.96312713623092,10.326290130615348],[123.96312713623092,10.325770378112793],[123.96305847168003,10.325349807739258],[123.96292114257812,10.32501029968273],[123.96270751953125,10.324799537658691],[123.96208190917969,10.32466030120861],[123.96186828613281,10.324589729309196],[123.96138000488281,10.324250221252498],[123.96082305908203,10.324040412902946],[123.96069335937545,10.324060440063477],[123.96041107177734,10.32411003112793],[123.95870971679688,10.3236598968507],[123.95852661132812,10.323519706726131],[123.95831298828125,10.323309898376579],[123.95810699462913,10.323089599609602],[123.95806884765625,10.323049545288313],[123.9578628540039,10.322750091552734],[123.95771026611362,10.322440147399902],[123.9574966430664,10.322150230407829],[123.95645141601608,10.321510314941406],[123.95632934570347,10.321510314941406],[123.95519256591797,10.321510314941406],[123.95442962646484,10.321310043335018],[123.95410919189476,10.321080207824707],[123.95394134521484,10.320960044860897],[123.95390319824253,10.320919990539778],[123.95317077636719,10.320059776306266],[123.95137023925815,10.319439888000602],[123.95108032226562,10.319390296935978],[123.95085906982445,10.319219589233455],[123.95057678222679,10.319140434265194],[123.95034027099655,10.318980216980037],[123.95002746582065,10.318860054016227],[123.9497299194336,10.318650245666504],[123.94927978515625,10.318539619445744],[123.94886016845726,10.318340301513672],[123.94841003417969,10.318160057067985],[123.94796752929688,10.318120002746696],[123.94757843017578,10.31830978393549],[123.94719696044922,10.318479537963924],[123.9468765258789,10.318619728088322],[123.94682312011719,10.318869590759505],[123.9472122192384,10.319580078125],[123.947547912598,10.320150375366211],[123.94769287109386,10.320529937744197],[123.94767761230514,10.320659637451172],[123.94766998291061,10.320790290832633],[123.94751739501964,10.320989608764762],[123.94714355468773,10.321040153503475],[123.9469604492192,10.320859909057617],[123.94674682617199,10.320469856262207],[123.94661712646484,10.320179939270076],[123.94647979736351,10.319869995117244],[123.94612884521484,10.319259643554744],[123.94587707519543,10.319060325622786],[123.945556640625,10.3191499710083],[123.94515991210938,10.319279670715446],[123.94471740722656,10.319419860839844],[123.9446029663086,10.319479942321891],[123.9441833496096,10.319749832153434],[123.94368743896496,10.320099830627555],[123.94349670410168,10.320300102234114],[123.94313812255882,10.320509910583496],[123.94293212890636,10.320650100708065],[123.94251251220703,10.320929527282715],[123.94239044189499,10.321089744567871],[123.94229125976562,10.321209907531681],[123.9419631958009,10.321479797363281],[123.94181823730514,10.32157993316656],[123.9416732788086,10.321689605712947],[123.94132232666038,10.321900367736816],[123.94082641601574,10.322099685668945],[123.94055938720726,10.322239875793514],[123.93985748291061,10.322239875793514],[123.93972015380905,10.322099685668945],[123.93936920166016,10.321829795837346],[123.93936920166016,10.321339607238883],[123.93950653076183,10.321209907531681],[123.93978118896518,10.320759773254451],[123.93972778320347,10.320269584655762],[123.93968963623058,10.319970130920353],[123.93948364257824,10.319800376892147],[123.93908691406295,10.319709777832145],[123.93862915039074,10.319540023803711],[123.93817138671886,10.319270133972168],[123.93773651123047,10.318960189819336],[123.93730926513706,10.318710327148665],[123.93686676025425,10.318530082702637],[123.9365386962894,10.318329811096248],[123.9365005493164,10.31830978393549],[123.93615722656284,10.318059921264705],[123.93580627441406,10.317819595336971],[123.93540954589866,10.31754016876232],[123.93495941162143,10.317219734191895],[123.9344711303711,10.316869735717773],[123.93399047851608,10.316490173339957],[123.93359375000011,10.316200256347713],[123.93350219726585,10.316140174865666],[123.93300628662121,10.315830230712834],[123.93258666992188,10.315509796142578],[123.93226623535179,10.315099716186637],[123.9320526123048,10.31459999084484],[123.93182373046875,10.314229965209961],[123.9319534301759,10.313830375671444],[123.93203735351608,10.313409805298079],[123.93164825439499,10.313010215759391],[123.93126678466842,10.312589645385856],[123.9310531616211,10.312399864196834],[123.93084716796875,10.312259674072266],[123.93065643310547,10.3120698928833],[123.9307479858403,10.311710357666016],[123.93077850341797,10.311129570007381],[123.93055725097702,10.310589790344238],[123.93022155761719,10.31023025512701],[123.92991638183594,10.310050010681152],[123.92970275878906,10.310219764709586],[123.92933654785156,10.310930252075423],[123.92893218994163,10.311429977417049],[123.92833709716831,10.311570167541447],[123.92771911621128,10.311479568481502],[123.92726898193405,10.311400413513184],[123.92691802978527,10.311380386352653],[123.92659759521484,10.311360359191951],[123.9262924194336,10.311369895935059],[123.9259872436528,10.311519622802734],[123.92592620849655,10.311550140381087],[123.92552947998047,10.311880111694279],[123.92519378662121,10.312140464782715],[123.92484283447311,10.312319755554256],[123.9244766235355,10.312419891357422],[123.9242935180664,10.312299728393555],[123.92437744140625,10.311969757080192],[123.92465209960983,10.311579704284782],[123.92495727539062,10.311280250549373],[123.92503356933639,10.31122970581066],[123.92527770996105,10.311059951782227],[123.92542266845737,10.310919761657829],[123.92517852783214,10.31066036224371],[123.92471313476597,10.310159683227596],[123.92442321777355,10.309869766235295],[123.92420959472702,10.310139656066838],[123.92404174804699,10.310359954833984],[123.92353057861328,10.311160087585506],[123.92314910888672,10.31210994720459],[123.92327880859386,10.312580108642692],[123.9232864379884,10.312629699707088],[123.92344665527389,10.31317043304449],[123.92385101318371,10.314069747924862],[123.92413330078136,10.31575965881359],[123.92395782470737,10.317139625549316],[123.92407989501999,10.318039894104118],[123.92415618896507,10.3191499710083],[123.9241714477539,10.319219589233455],[123.92421722412155,10.319879531860408],[123.9237289428711,10.32172012329113],[123.92307281494186,10.322629928588867],[123.9226913452153,10.323949813842773],[123.9229736328125,10.324830055237044],[123.92314910888672,10.325519561767692],[123.92323303222656,10.326620101928711],[123.92299652099643,10.327770233154524],[123.92265319824219,10.32859992980957],[123.9213485717778,10.330459594726562],[123.92037963867188,10.331430435180607],[123.91934204101562,10.332830429077262],[123.91869354248058,10.3346204757691],[123.91742706298828,10.335760116577148],[123.91620635986374,10.335900306701888],[123.91851043701183,10.346599578857422],[123.91961669921875,10.354220390319824],[123.9201583862307,10.35758018493658],[123.921630859375,10.367859840393066],[123.9233627319336,10.376819610595817],[123.92445373535202,10.384940147400016],[123.92585754394565,10.397060394287223],[123.92666625976562,10.393529891967773],[123.92755889892578,10.391130447387638],[123.93052673339855,10.384819984435978],[123.93576049804688,10.381620407104549],[123.93985748291061,10.378820419311467],[123.942626953125,10.37675952911377],[123.94465637207043,10.375439643859863],[123.95287322998092,10.373020172119254],[123.95482635498047,10.37001037597679],[123.95567321777344,10.368200302124023],[123.9589233398442,10.364839553833008]]]}},{"type":"Feature","properties":{"ID_0":177,"ISO":"PHL","NAME_0":"Philippines","ID_1":25,"NAME_1":"Cebu","ID_2":490,"NAME_2":"Talisay City","NL_NAME_2":null,"VARNAME_2":null,"TYPE_2":"Lungsod|Siyudad","ENGTYPE_2":"City","PROVINCE":"Cebu","REGION":"Central Visayas (Region VII)"},"geometry":{"type":"Polygon","coordinates":[[[123.791259765625,10.328450202941838],[123.803466796875,10.326339721679915],[123.81204986572266,10.327260017395133],[123.81244659423874,10.326910018921012],[123.81317901611328,10.326939582824707],[123.81411743164062,10.327839851379508],[123.8144683837894,10.328229904174918],[123.81494903564464,10.328419685363883],[123.81655883789074,10.327260017395133],[123.81720733642624,10.32691955566412],[123.81802368164108,10.326669692993107],[123.81849670410179,10.327139854431266],[123.81880950927768,10.327790260314885],[123.81902313232422,10.328080177307356],[123.81951141357433,10.328180313110295],[123.82067108154308,10.32717037200922],[123.823486328125,10.324549674987907],[123.82450866699264,10.32161998748785],[123.82491302490268,10.320139884948787],[123.82405853271484,10.317259788513184],[123.82290649414062,10.315910339355582],[123.82241821289108,10.314160346984863],[123.82240295410179,10.312529563903809],[123.82164001464866,10.311240196228255],[123.8208465576173,10.309749603271484],[123.82029724121105,10.308670043945426],[123.81974029541061,10.307359695434684],[123.82804107666016,10.296540260314941],[123.82967376709018,10.294380187988224],[123.83966827392601,10.283029556274414],[123.84130859375034,10.28054046630865],[123.84297943115246,10.279999732971248],[123.84394836425793,10.279230117797852],[123.84641265869152,10.279069900512752],[123.84812927246105,10.278249740600643],[123.84966278076183,10.276769638061637],[123.85057830810547,10.275830268859863],[123.85119628906261,10.274860382080078],[123.85180664062534,10.273859977722111],[123.85254669189499,10.27190017700201],[123.85282135009788,10.270560264587402],[123.85308837890636,10.269820213317871],[123.85339355468773,10.269399642944336],[123.85739135742222,10.266550064087028],[123.8618621826173,10.263930320739803],[123.86319732666027,10.263030052185172],[123.86428833007812,10.262559890747184],[123.86570739746139,10.261949539184684],[123.86766815185547,10.261859893798771],[123.87296295166061,10.262060165405387],[123.87561798095726,10.262129783630314],[123.87522125244152,10.261480331421012],[123.87460327148438,10.26072025299078],[123.87418365478538,10.260379791259766],[123.87381744384766,10.260169982910213],[123.8737564086914,10.260160446167106],[123.87354278564487,10.260100364685115],[123.87304687500023,10.260169982910213],[123.87214660644577,10.260169982910213],[123.8720092773442,10.260100364685115],[123.8718719482423,10.259889602661246],[123.8717269897461,10.259619712829704],[123.87138366699264,10.259129524231184],[123.8709411621096,10.25829029083252],[123.8706665039067,10.258040428161678],[123.87045288085949,10.257760047912711],[123.87026977539074,10.25745010375988],[123.87007904052746,10.257149696350154],[123.86917877197266,10.256580352783203],[123.868408203125,10.256509780883789],[123.86798858642601,10.256090164184513],[123.86736297607422,10.255399703979606],[123.86737823486374,10.254579544067383],[123.86718750000045,10.254240036010856],[123.86694335937523,10.253840446472168],[123.86666870117233,10.253390312194938],[123.86638641357422,10.25292015075695],[123.86609649658249,10.252440452575684],[123.86575317382812,10.252030372619743],[123.86533355712936,10.251709938049316],[123.86496734619175,10.251350402832088],[123.86470031738327,10.25090026855463],[123.86444091796909,10.2504301071167],[123.86438751220737,10.250309944152832],[123.86419677734409,10.24993991851818],[123.86412048339844,10.249440193176383],[123.86392974853516,10.24899959564209],[123.86377716064464,10.248550415039176],[123.8632965087894,10.248270034789982],[123.86290740966808,10.24794006347679],[123.86253356933628,10.247790336608887],[123.86210632324253,10.247730255127067],[123.86161041259766,10.247540473938102],[123.86100769043003,10.247500419616813],[123.86036682128952,10.247500419616813],[123.85975646972668,10.247500419616813],[123.85920715332043,10.247460365295524],[123.85877990722656,10.247260093688965],[123.85839080810547,10.247220039367676],[123.8580093383789,10.247209548950252],[123.85764312744186,10.247159957885799],[123.85732269287155,10.2469997406007],[123.85698699951172,10.24689960479742],[123.85690307617199,10.246850013732967],[123.85665893554688,10.246700286865462],[123.856239318848,10.246580123901424],[123.855712890625,10.246549606323299],[123.85505676269531,10.246620178222713],[123.85444641113304,10.246520042419434],[123.85392761230469,10.246370315551701],[123.8535385131836,10.246109962463493],[123.85323333740234,10.24584007263195],[123.85295104980503,10.245599746704045],[123.85265350341797,10.24540996551525],[123.85241699218761,10.245200157165527],[123.85222625732433,10.24495983123802],[123.85209655761719,10.244779586791992],[123.85204315185581,10.244709968566838],[123.85183715820312,10.244420051574764],[123.85163879394531,10.24405956268322],[123.8513412475586,10.24368953704834],[123.85096740722702,10.2433500289917],[123.85057830810547,10.243060111999739],[123.85018920898438,10.242770195007267],[123.84986114501964,10.242420196533203],[123.84976959228538,10.242199897766227],[123.84974670410168,10.242159843444938],[123.84966278076183,10.241939544677962],[123.84931182861374,10.241570472717228],[123.84896087646484,10.241209983825684],[123.84863281250023,10.240850448608455],[123.84832763671886,10.24046993255621],[123.84799194335972,10.240139961242619],[123.84760284423862,10.239970207214355],[123.84726715087902,10.23978042602539],[123.84697723388683,10.239729881286678],[123.84668731689453,10.239709854125977],[123.8463973999028,10.239640235900993],[123.8460922241211,10.239540100097713],[123.84574890136753,10.239459991455305],[123.84535980224621,10.239439964294434],[123.8449478149414,10.239399909973145],[123.8445434570317,10.2391996383667],[123.84403991699253,10.239029884338436],[123.84352874755905,10.238789558410758],[123.84306335449219,10.238439559936467],[123.84293365478516,10.23832988739025],[123.8426208496096,10.23803997039795],[123.84221649169933,10.237649917602539],[123.84185791015648,10.237319946289176],[123.84145355224621,10.237139701843489],[123.84111785888706,10.236949920654354],[123.84078979492222,10.236769676208496],[123.84043884277344,10.236630439758358],[123.84010314941452,10.2364501953125],[123.83966827392601,10.236359596252498],[123.83925628662121,10.236209869384993],[123.83882904052768,10.236080169677848],[123.83846282958984,10.235830307006836],[123.83811187744152,10.235560417175293],[123.8377609252932,10.235300064086857],[123.83740997314453,10.235039710998649],[123.83706665039074,10.234809875488338],[123.83689880371116,10.234439849853516],[123.83666992187545,10.234169960021973],[123.83638763427734,10.234439849853516],[123.83585357666038,10.234439849853516],[123.83557128906295,10.234829902648926],[123.83550262451172,10.235179901123047],[123.83557128906295,10.235320091247615],[123.83557128906295,10.235619544983024],[123.83557128906295,10.236149787902832],[123.83550262451172,10.236490249633789],[123.8354263305664,10.236630439758358],[123.83522033691406,10.23684024810791],[123.83500671386764,10.237050056457633],[123.83473205566406,10.23738956451416],[123.83467864990246,10.237799644470272],[123.83466339111328,10.23793983459484],[123.83466339111328,10.23890018463129],[123.83466339111328,10.238949775695914],[123.83466339111328,10.239259719848746],[123.83457183837936,10.239259719848746],[123.83445739746094,10.239259719848746],[123.83416748046875,10.239049911499023],[123.83416748046875,10.23843002319336],[123.83416748046875,10.237810134887695],[123.83424377441452,10.237460136413574],[123.83438873291027,10.23684024810791],[123.83445739746094,10.2362899780274],[123.83445739746094,10.234490394592399],[123.83438873291027,10.234419822692985],[123.83424377441452,10.234140396118278],[123.83403778076195,10.234009742736816],[123.83381652832043,10.234009742736816],[123.83326721191418,10.234560012817383],[123.8326416015625,10.23490047454834],[123.83187866210938,10.235320091247615],[123.83033752441406,10.235799789428711],[123.82922363281295,10.236080169677848],[123.82837677001953,10.236539840698185],[123.82743072509777,10.23684024810791],[123.82704925537121,10.236960411071777],[123.82537841796875,10.23723030090332],[123.82462310791016,10.237429618835392],[123.8232192993164,10.237790107727108],[123.82206726074219,10.237790107727108],[123.82099914550781,10.237790107727108],[123.82050323486374,10.237790107727108],[123.81918334960972,10.237850189208984],[123.81799316406261,10.237919807434082],[123.81638336181675,10.237990379333553],[123.81572723388695,10.23787975311285],[123.81520080566406,10.237790107727108],[123.81484985351597,10.237759590149153],[123.81458282470726,10.237739562988224],[123.81398010253918,10.23797988891613],[123.81395721435547,10.238380432128963],[123.81403350830112,10.23882007598877],[123.814697265625,10.239480018615666],[123.81516265869186,10.239890098571834],[123.81572723388695,10.240630149841309],[123.81617736816418,10.241720199584961],[123.81629943847679,10.2430801391601],[123.81593322753952,10.244489669799862],[123.81581878662132,10.24464035034191],[123.8155670166019,10.245490074157829],[123.81491851806686,10.24625015258789],[123.81429290771507,10.246649742126579],[123.81360626220714,10.246970176697005],[123.81298065185547,10.247579574585075],[123.81237792968784,10.248720169067383],[123.81227874755871,10.250049591064453],[123.81257629394554,10.25129032135004],[123.81211090087936,10.25236988067627],[123.81198883056675,10.25327014923107],[123.81236267089855,10.25426959991455],[123.81237792968784,10.25547027587885],[123.81179809570347,10.256600379943961],[123.811561584473,10.257559776306152],[123.81188201904308,10.259079933166618],[123.81263732910202,10.25994014740013],[123.8133773803711,10.260919570922852],[123.81358337402389,10.262089729309082],[123.8127593994144,10.264200210571516],[123.81214904785156,10.26546955108654],[123.81063842773438,10.26587963104248],[123.80959320068371,10.266440391540584],[123.80821228027344,10.267379760742244],[123.80715942382858,10.26801967620861],[123.80602264404331,10.268739700317383],[123.80547332763672,10.269550323486328],[123.79778289794933,10.281599998474121],[123.79354858398438,10.280690193176326],[123.78536987304699,10.287799835205021],[123.78340148925804,10.317270278930778],[123.78267669677734,10.325550079345817],[123.7846374511721,10.326009750366211],[123.78527832031261,10.326319694519043],[123.78897094726562,10.327719688415641],[123.7897872924807,10.32818984985363],[123.79057312011753,10.328370094299316],[123.791259765625,10.328450202941838]]]}}]}