{"type":"FeatureCollection","features":[{"type":"Feature","properties":{"ID_0":177,"ISO":"PHL","NAME_0":"Philippines","ID_1":25,"NAME_1":"Cebu","ID_2":445,"NAME_2":"Asturias","NL_NAME_2":null,"VARNAME_2":null,"TYPE_2":"Bayan|Munisipyo","ENGTYPE_2":"Municipality","PROVINCE":"Cebu","REGION":"Central Visayas (Region VII)"},"geometry":{"type":"Polygon","coordinates":[[[123.93636322021507,10.64037036895752],[123.93477630615268,10.635689735412598],[123.93300628662121,10.627779960632381],[123.93176269531261,10.622360229492415],[123.92833709716831,10.612649917602596],[123.92369079589889,10.59107971191429],[123.92011260986328,10.58335018157959],[123.91845703125,10.579689979553336],[123.91731262207031,10.576600074768294],[123.90883636474643,10.555749893188477],[123.90823364257835,10.554969787597656],[123.90753173828125,10.553460121154785],[123.90667724609386,10.552490234375],[123.90550994873047,10.551580429077262],[123.90455627441406,10.55066967010498],[123.90339660644531,10.548819541931152],[123.9024429321289,10.547360420227164],[123.9022827148442,10.547109603881836],[123.90219116210938,10.545929908752555],[123.90223693847656,10.54407978057884],[123.90187072753906,10.542650222778377],[123.90196228027378,10.540960311889592],[123.90187072753906,10.540300369262695],[123.90141296386719,10.539730072021598],[123.90039825439464,10.539349555969352],[123.89946746826217,10.53880977630621],[123.89942932128918,10.537879943847713],[123.89898681640648,10.537199974060059],[123.89845275878906,10.536339759826717],[123.89851379394577,10.535400390625057],[123.89849853515636,10.534500122070426],[123.89684295654297,10.533349990844783],[123.89627075195312,10.53302001953125],[123.89203643798874,10.53302001953125],[123.89140319824264,10.532779693603572],[123.89087677001976,10.532090187072754],[123.8908309936528,10.531399726867619],[123.89021301269554,10.53098011016857],[123.88945007324241,10.530670166015739],[123.88913726806652,10.529879570007324],[123.88829040527378,10.528949737548828],[123.88762664794933,10.527899742126522],[123.88725280761741,10.52810001373291],[123.88680267333984,10.52888011932373],[123.88633728027344,10.529350280761832],[123.88587951660202,10.529069900512695],[123.88583374023438,10.52855014801031],[123.88542938232456,10.528169631958065],[123.8849334716798,10.528510093689022],[123.884521484375,10.529660224914664],[123.88392639160156,10.529060363769588],[123.88314056396518,10.529419898986816],[123.88317108154297,10.529780387878532],[123.88313293457065,10.53059005737316],[123.88246917724621,10.530500411987305],[123.88197326660156,10.53059005737316],[123.88152313232433,10.531439781188908],[123.88188934326183,10.532050132751465],[123.88147735595703,10.532449722290153],[123.88085937500023,10.532620429992733],[123.88037872314464,10.532719612121525],[123.87951660156284,10.532429695129451],[123.8791732788086,10.532739639282283],[123.87879943847656,10.532910346984806],[123.8778762817384,10.53256988525402],[123.87760925293003,10.532290458679142],[123.87792205810592,10.531949996948356],[123.87773895263706,10.531620025634766],[123.87721252441418,10.531599998474235],[123.87634277343795,10.532750129699707],[123.87571716308616,10.533349990844783],[123.8747787475586,10.533109664917106],[123.87423706054733,10.533209800720215],[123.87336730957031,10.533379554748649],[123.87264251709018,10.532779693603572],[123.8717727661134,10.53262996673584],[123.87059020996094,10.534199714660758],[123.86982727050781,10.53372955322277],[123.86958312988293,10.534440040588436],[123.86992645263706,10.53518009185791],[123.86985015869186,10.535699844360295],[123.87084197998058,10.535869598388729],[123.8709411621096,10.53610038757347],[123.86987304687511,10.537070274353255],[123.86924743652344,10.537469863891602],[123.86855316162121,10.538479804992676],[123.86802673339844,10.538789749145508],[123.86736297607422,10.53876972198492],[123.86740112304699,10.539819717407454],[123.86785888671875,10.540229797363224],[123.86766052246094,10.540740013122672],[123.8676910400394,10.541410446167049],[123.86834716796886,10.541609764099121],[123.86872863769543,10.541210174560604],[123.86891937255871,10.541449546814022],[123.86878204345737,10.542110443115234],[123.86817932128929,10.542599678039664],[123.86766052246094,10.542830467224235],[123.86689758300781,10.542969703674316],[123.8665771484375,10.542759895324764],[123.86627960205124,10.542090415954704],[123.86554718017578,10.542249679565543],[123.8653564453125,10.54284954071045],[123.86538696289074,10.543510437011719],[123.86521148681675,10.543990135192985],[123.86476135253952,10.544420242309627],[123.86414337158214,10.54413986206049],[123.86399078369186,10.543709754943848],[123.86356353759811,10.543359756469727],[123.86334991455078,10.543259620666618],[123.86292266845737,10.54246997833252],[123.8631362915039,10.542010307312125],[123.86248016357456,10.541600227356184],[123.86199188232422,10.54209995269781],[123.8612670898442,10.541970252990666],[123.86110687255871,10.541270256042424],[123.86065673828125,10.54088020324707],[123.86029815673828,10.541090011596793],[123.85987091064487,10.54158973693859],[123.85939788818371,10.541330337524471],[123.85952758789062,10.540929794311637],[123.85930633544945,10.540450096130371],[123.85880279541027,10.540670394897688],[123.85854339599632,10.541399955749625],[123.85846710205124,10.541919708251953],[123.8582916259769,10.54218006134056],[123.857421875,10.54209995269781],[123.85704040527344,10.541950225830135],[123.85646057128906,10.541999816894531],[123.85597991943405,10.54259014129633],[123.85511016845726,10.542539596557617],[123.85469818115234,10.541879653930664],[123.85463714599632,10.541350364685002],[123.854286193848,10.540900230407772],[123.85360717773438,10.540760040283203],[123.85323333740234,10.540189743041935],[123.85381317138672,10.539770126342887],[123.8541412353519,10.539739608764705],[123.85440826416061,10.539299964904728],[123.85440826416061,10.53925991058344],[123.8540496826173,10.538249969482422],[123.85382080078125,10.537540435791016],[123.85307312011764,10.536939620971623],[123.8521881103519,10.537699699401855],[123.85166931152378,10.537349700927734],[123.85104370117222,10.537599563598746],[123.8509521484375,10.5385103225708],[123.8511581420903,10.53919982910179],[123.85073852539062,10.539999961853141],[123.84956359863315,10.540149688720646],[123.84915161132812,10.539660453796444],[123.84871673583996,10.538729667663688],[123.848426818848,10.537590026855469],[123.84812164306652,10.536680221557674],[123.84773254394577,10.536439895629996],[123.84647369384766,10.536879539489973],[123.84509277343761,10.536310195922852],[123.84297943115246,10.535849571228027],[123.84116363525402,10.535980224609432],[123.84027099609375,10.536290168762264],[123.83970642089844,10.53672981262207],[123.83901977539097,10.536479949951286],[123.83904266357422,10.53466987609886],[123.83885955810547,10.533829689025879],[123.83814239501976,10.533639907836914],[123.8372421264653,10.534310340881461],[123.83580017089844,10.535909652710188],[123.83525848388706,10.53512001037609],[123.83425903320347,10.535019874572981],[123.83377075195312,10.536109924316406],[123.83325195312511,10.537260055542049],[123.83247375488327,10.537400245666447],[123.83090209960938,10.537269592285213],[123.83027648925781,10.537079811096191],[123.82924652099621,10.537240028381348],[123.82848358154308,10.537469863891602],[123.82659912109398,10.53754997253418],[123.82483673095749,10.537460327148494],[123.82276916503918,10.537520408630485],[123.82132720947277,10.536760330200423],[123.82015228271484,10.536970138549805],[123.81900787353516,10.537699699401855],[123.81765747070347,10.538800239563102],[123.8163223266605,10.540160179138297],[123.81584167480469,10.54113960266119],[123.8150863647461,10.540889739990348],[123.8147430419923,10.540019989013672],[123.81511688232467,10.538680076599064],[123.81532287597668,10.538470268249512],[123.81471252441406,10.537369728088493],[123.81379699707043,10.538049697875977],[123.8126678466798,10.53610038757347],[123.81214141845703,10.535169601440487],[123.81069946289062,10.5346298217774],[123.80892181396484,10.534660339355582],[123.8077621459961,10.53507995605463],[123.80684661865268,10.53590011596691],[123.80648803710938,10.536879539489973],[123.80570983886741,10.538299560546989],[123.80596160888717,10.539910316467285],[123.8060531616211,10.540760040283203],[123.80503082275402,10.541729927062988],[123.80388641357433,10.543219566345329],[123.8026504516605,10.543740272521973],[123.80229187011719,10.54376029968273],[123.80184936523438,10.543330192566032],[123.80092620849643,10.5430202484132],[123.79988098144543,10.5430202484132],[123.79871368408249,10.543510437011719],[123.79833221435592,10.544969558716048],[123.79730224609409,10.545820236206282],[123.79644012451183,10.545999526977482],[123.79434967041027,10.545940399169979],[123.7925796508789,10.546230316162223],[123.79126739501999,10.546799659729004],[123.79039001464878,10.547690391540527],[123.78898620605514,10.548899650573674],[123.78784179687545,10.5494899749757],[123.78675079345749,10.549699783325195],[123.78543853759766,10.549579620361385],[123.7846908569336,10.549260139465389],[123.78334045410156,10.549289703369084],[123.78150177001953,10.549860000610352],[123.78067016601562,10.549989700317496],[123.77935791015625,10.550100326538029],[123.7785110473634,10.550950050353947],[123.77755737304699,10.551460266113395],[123.77629852294922,10.551230430603141],[123.774940490723,10.551090240478572],[123.77355194091808,10.550740242004451],[123.77275848388672,10.550160408020076],[123.77187347412155,10.549340248107967],[123.77126312255871,10.54845046997093],[123.7702331542971,10.547229766845703],[123.76928710937523,10.546930313110465],[123.76837158203125,10.546810150146428],[123.76728057861351,10.546919822692871],[123.76622009277378,10.547369956970442],[123.7656402587894,10.547809600830078],[123.76508331298851,10.547980308532829],[123.76448059082031,10.547599792480526],[123.7636871337894,10.546859741211051],[123.76318359375023,10.546050071716365],[123.7636871337894,10.545060157775879],[123.76421356201183,10.544619560241756],[123.76540374755893,10.544249534606934],[123.76631927490246,10.543680191040153],[123.76641082763706,10.542940139770621],[123.76589965820358,10.541950225830135],[123.7649612426759,10.54108047485363],[123.76394653320335,10.540829658508358],[123.76290893554733,10.541290283203352],[123.76219940185558,10.542160034179688],[123.76130676269531,10.543190002441463],[123.76058959960949,10.543700218200684],[123.75995635986328,10.543939590454102],[123.74270629882847,10.542659759521484],[123.73296356201217,10.541819572448844],[123.72654724121128,10.541259765625],[123.72586822509777,10.541609764099121],[123.7250137329105,10.541419982910156],[123.72464752197288,10.541029930114746],[123.72398376464866,10.541049957275504],[123.72363281250034,10.541560173034895],[123.72296905517578,10.541049957275504],[123.72245025634777,10.540209770202694],[123.72207641601585,10.539239883423079],[123.72110748291027,10.538610458374137],[123.71965789794922,10.538419723510856],[123.71839141845703,10.53864955902111],[123.71697998046875,10.538330078124943],[123.71640014648438,10.53816032409668],[123.71501922607445,10.53794002532959],[123.71381378173828,10.538069725036735],[123.71248626708984,10.53816032409668],[123.71141815185581,10.537980079650822],[123.71105194091797,10.53750991821289],[123.71019744873047,10.537240028381348],[123.70934295654297,10.537260055542049],[123.7086791992192,10.537260055542049],[123.70810699462936,10.537170410156364],[123.70748138427757,10.537560462951774],[123.70696258544967,10.537579536438045],[123.70646667480503,10.537599563598746],[123.70619201660156,10.53754997253418],[123.70572662353516,10.537679672241325],[123.70572662353516,10.537830352783317],[123.70552062988281,10.53839015960699],[123.70538330078148,10.538800239563102],[123.70468902587902,10.539859771728743],[123.70462036132835,10.53997993469244],[123.7043380737307,10.540599822998104],[123.7039184570317,10.541359901428336],[123.7039184570317,10.541790008544979],[123.7039184570317,10.54343032836914],[123.70394897460949,10.54362964630127],[123.70398712158237,10.543849945068416],[123.70410919189499,10.543999671936092],[123.70426940917969,10.544190406799373],[123.70488739013683,10.544679641723576],[123.70530700683639,10.54502010345459],[123.70559692382812,10.545229911804313],[123.70600891113327,10.5455703735351],[123.70684814453159,10.546609878540039],[123.7076187133789,10.547349929809513],[123.70783996582043,10.54751014709484],[123.70807647705078,10.547699928283635],[123.70831298828136,10.547889709472656],[123.70851898193371,10.54811954498291],[123.70868682861374,10.548399925232047],[123.70897674560547,10.548649787902889],[123.70932769775425,10.548919677734602],[123.70967864990257,10.549269676208553],[123.70999145507812,10.549710273742619],[123.71029663085938,10.550140380859489],[123.71145629882812,10.551030158996525],[123.71230316162155,10.552069664001465],[123.71286010742188,10.553310394287053],[123.71289825439464,10.553939819336051],[123.71299743652378,10.555379867553768],[123.71299743652378,10.557069778442326],[123.71299743652378,10.557319641113509],[123.71257781982422,10.558770179748478],[123.71193695068371,10.559720039367903],[123.71166992187534,10.559720039367903],[123.71138763427746,10.5600004196167],[123.71138763427746,10.560560226440543],[123.71111297607445,10.560830116272086],[123.71111297607445,10.561109542846737],[123.71118164062511,10.561670303344727],[123.71173858642624,10.561949729919377],[123.71208190917969,10.56243038177496],[123.71221923828125,10.56305980682373],[123.71221923828125,10.564439773559627],[123.71193695068371,10.564720153808594],[123.71193695068371,10.5649995803833],[123.71166992187534,10.565279960632438],[123.71166992187534,10.565560340881404],[123.71193695068371,10.565830230712947],[123.7122268676759,10.56741046905529],[123.71272277832043,10.567819595336914],[123.71321105957054,10.568099975585938],[123.71354675292969,10.568309783935604],[123.71369934082077,10.568519592285156],[123.71473693847679,10.569549560546932],[123.71515655517578,10.56968975067133],[123.71634674072277,10.570380210876465],[123.71662139892612,10.57044982910162],[123.71719360351597,10.570590019226188],[123.71739196777378,10.570590019226188],[123.71781158447266,10.570659637451115],[123.71865081787155,10.570590019226188],[123.71898651123092,10.57044982910162],[123.71932983398438,10.57044982910162],[123.71941375732467,10.57044982910162],[123.7196197509769,10.570520401001204],[123.71980285644577,10.570619583129826],[123.71997070312511,10.570730209350586],[123.72059631347656,10.570929527282658],[123.72136688232422,10.571279525756779],[123.72241210937545,10.571490287780819],[123.72355651855514,10.571660041809082],[123.72403717041016,10.571519851684684],[123.72447204589844,10.571499824523926],[123.72450256347656,10.571479797363395],[123.72496795654331,10.571640014648494],[123.72601318359375,10.57166957855236],[123.72608947753952,10.57180023193365],[123.72630310058628,10.572150230407772],[123.72663879394543,10.572629928588867],[123.72692108154331,10.572910308838004],[123.72708892822266,10.573010444641113],[123.72733306884766,10.573140144348258],[123.72740936279308,10.573189735412654],[123.7281265258789,10.5738401412965],[123.72824096679688,10.573949813842717],[123.72839355468784,10.574090003967285],[123.72881317138672,10.57421970367426],[123.72894287109398,10.57421970367426],[123.72920989990268,10.57456970214838],[123.72928619384811,10.574669837951717],[123.72937774658203,10.574769973754996],[123.72958374023449,10.575110435485783],[123.72962188720703,10.575180053710938],[123.7300033569336,10.575559616088924],[123.72989654541038,10.575650215148869],[123.72944641113281,10.576109886169434],[123.72972106933639,10.57639026641857],[123.72972106933639,10.577779769897461],[123.72944641113281,10.578060150146598],[123.72944641113281,10.578889846801815],[123.72972106933639,10.579170227050781],[123.72972106933639,10.579449653625431],[123.7300033569336,10.579719543456974],[123.7300033569336,10.579999923706168],[123.73055267334018,10.580559730529785],[123.73055267334018,10.581110000610295],[123.7313919067384,10.58362960815424],[123.73146057128906,10.584600448608512],[123.73194122314453,10.585829734802246],[123.73194122314453,10.58638954162609],[123.73222351074219,10.586669921875057],[123.73222351074219,10.587220191955566],[123.73249816894531,10.587499618530217],[123.73278045654331,10.588129997253532],[123.73304748535179,10.58882045745861],[123.73278045654331,10.589440345764274],[123.73278045654331,10.589719772338924],[123.73304748535179,10.590000152587947],[123.73304748535179,10.590559959411564],[123.73332977294945,10.590829849243107],[123.73342895507835,10.591150283813533],[123.73381805419922,10.59243011474615],[123.73451232910156,10.593339920043945],[123.73473358154308,10.593890190124625],[123.73583221435581,10.595000267028809],[123.73583221435581,10.595279693603516],[123.7361068725586,10.595560073852653],[123.7361068725586,10.595829963684196],[123.73665618896518,10.59638977050787],[123.73734283447311,10.596650123596248],[123.7374496459961,10.596690177917537],[123.73786926269577,10.597310066223201],[123.73828887939476,10.597729682922477],[123.73863220214889,10.598070144653263],[123.73954010009766,10.598830223083496],[123.73989105224643,10.599320411682186],[123.74037933349621,10.600700378417912],[123.74044799804688,10.600910186767635],[123.74075317382824,10.601449966430721],[123.74079895019565,10.601530075073299],[123.74107360839844,10.601869583129996],[123.74136352539097,10.602290153503361],[123.74163055419945,10.602769851684627],[123.74205017089844,10.603260040283317],[123.7423324584961,10.603810310363826],[123.74265289306652,10.604339599609375],[123.74273681640625,10.604499816894645],[123.7427673339846,10.604539871215934],[123.74302673339855,10.604909896850586],[123.74314117431675,10.605139732360897],[123.7433090209961,10.60546970367443],[123.74344635009811,10.605879783630371],[123.74372100830101,10.606439590454215],[123.74389648437534,10.607089996337834],[123.74392700195312,10.607199668884277],[123.74405670166016,10.6075696945191],[123.744140625,10.607819557189941],[123.74429321289085,10.608300209045524],[123.74449157714866,10.608650207519588],[123.74476623535168,10.609199523926009],[123.74533081054699,10.610369682312012],[123.74566650390625,10.611269950866642],[123.74658203125023,10.613419532776106],[123.74720001220703,10.614830017089844],[123.7472915649414,10.614999771118278],[123.74748229980469,10.616660118103141],[123.74741363525402,10.61874008178711],[123.7466506958009,10.62073993682867],[123.74581146240268,10.622400283813704],[123.74524688720726,10.623649597167969],[123.74482727050781,10.6248197555542],[123.74365234375034,10.626480102539062],[123.74239349365257,10.62786006927513],[123.74141693115268,10.628970146179313],[123.74085998535179,10.63062953948969],[123.74111938476574,10.631440162658635],[123.7412109375,10.631730079651106],[123.74137878417969,10.632490158081168],[123.74149322509811,10.632980346679688],[123.74183654785156,10.633669853210506],[123.74226379394543,10.634220123291016],[123.74273681640625,10.634570121765137],[123.74310302734375,10.634639739990291],[123.7435531616211,10.634639739990291],[123.74490356445312,10.634639739990291],[123.74519348144531,10.63484001159668],[123.74539184570312,10.635049819946403],[123.74581146240268,10.6351900100708],[123.74607849121105,10.635219573974666],[123.74636840820324,10.635259628295955],[123.74651336669956,10.635399818420524],[123.74651336669956,10.635600090026912],[123.74616241455078,10.635669708252067],[123.74566650390625,10.63574028015131],[123.7443466186528,10.63574028015131],[123.74400329589855,10.636019706726188],[123.7442779541019,10.63628959655773],[123.74462890625,10.636429786682129],[123.74497222900436,10.636500358581543],[123.74539184570312,10.636639595031852],[123.74566650390625,10.63677978515625],[123.74588012695358,10.636989593505973],[123.74623107910156,10.637399673461914],[123.74707031250045,10.638090133666992],[123.74733734130893,10.63823032379156],[123.7476272583009,10.638440132141113],[123.74790191650425,10.638990402221623],[123.74846649169933,10.639450073242188],[123.74916076660179,10.63982009887701],[123.74984741210938,10.640170097351302],[123.7501373291019,10.640299797058105],[123.75066375732433,10.64081954956066],[123.75087738037132,10.64111042022705],[123.75105285644543,10.641320228576774],[123.75131225585938,10.641380310058594],[123.7516326904298,10.641420364379883],[123.75196075439453,10.641570091247615],[123.7523193359375,10.641779899597111],[123.75261688232456,10.642089843749943],[123.75283813476562,10.642459869384822],[123.75287628173851,10.642479896545524],[123.75309753417969,10.64291954040533],[123.75338745117222,10.643300056457633],[123.75354003906261,10.643489837646598],[123.75367736816406,10.643659591674862],[123.75386810302734,10.64395999908453],[123.75393676757858,10.644029617309684],[123.75418853759777,10.644379615783805],[123.75444793701172,10.644700050354231],[123.75469207763695,10.644769668579215],[123.75489807128952,10.644829750061035],[123.75524139404308,10.645039558410758],[123.75538635253906,10.645319938659895],[123.75538635253906,10.645429611206168],[123.75538635253906,10.645660400390739],[123.75531005859375,10.645870208740234],[123.75509643554722,10.646220207214355],[123.75489807128952,10.646490097045898],[123.75482177734375,10.646769523620605],[123.75489807128952,10.647660255432129],[123.75499725341797,10.647919654846248],[123.75525665283214,10.648300170898665],[123.75565338134811,10.64867973327648],[123.75618743896496,10.648960113525618],[123.75676727294933,10.649189949035701],[123.75729370117188,10.649470329284668],[123.75772094726574,10.649829864501953],[123.75803375244163,10.650259971618596],[123.75827789306686,10.650690078735465],[123.758338928223,10.650899887085018],[123.75872039794956,10.65095043182373],[123.75945281982433,10.651029586791992],[123.75994110107445,10.651060104370117],[123.76023864746139,10.651080131530875],[123.76045989990234,10.651080131530875],[123.7606430053711,10.651200294494686],[123.76183319091831,10.650890350341854],[123.7628631591798,10.651069641113281],[123.76509094238304,10.650349617004451],[123.77030181884777,10.648900032043457],[123.7776031494144,10.646920204162598],[123.79483032226597,10.640339851379395],[123.79586791992199,10.639949798583984],[123.79969787597668,10.6392698287965],[123.80735015869186,10.63887977600109],[123.81849670410179,10.639749526977596],[123.82457733154331,10.640390396118278],[123.83184814453148,10.641070365905762],[123.83746337890636,10.642120361328125],[123.83912658691406,10.642470359802246],[123.84236145019531,10.642789840698356],[123.84391784668014,10.643139839172477],[123.8521881103519,10.64430999755865],[123.85897827148483,10.645279884338436],[123.86518096923828,10.646860122680778],[123.87036132812534,10.648159980773926],[123.87458038330078,10.649220466613883],[123.88394927978516,10.651909828186035],[123.89019012451206,10.653499603271484],[123.89726257324241,10.655969619751204],[123.90714263916016,10.659709930420036],[123.91496276855469,10.66254043579113],[123.92143249511719,10.666020393371696],[123.92909240722668,10.670689582824707],[123.93392944335938,10.674079895019645],[123.93788909912132,10.676750183105582],[123.93927764892624,10.678350448608398],[123.94074249267612,10.679750442504883],[123.94265747070335,10.680979728698958],[123.94233703613327,10.676910400390852],[123.94177246093761,10.672180175781364],[123.94117736816406,10.667380332946891],[123.94032287597656,10.659259796142805],[123.93904876708984,10.652460098266602],[123.93776702880871,10.646690368652344],[123.93636322021507,10.64037036895752]]]},"id":0},{"type":"Feature","properties":{"ID_0":177,"ISO":"PHL","NAME_0":"Philippines","ID_1":25,"NAME_1":"Cebu","ID_2":447,"NAME_2":"Balamban","NL_NAME_2":null,"VARNAME_2":null,"TYPE_2":"Bayan|Munisipyo","ENGTYPE_2":"Municipality","PROVINCE":"Cebu","REGION":"Central Visayas (Region VII)"},"geometry":{"type":"Polygon","coordinates":[[[123.78334045410156,10.549289703369084],[123.7846908569336,10.549260139465389],[123.78543853759766,10.549579620361385],[123.78675079345749,10.549699783325195],[123.78784179687545,10.5494899749757],[123.78898620605514,10.548899650573674],[123.79039001464878,10.547690391540527],[123.79126739501999,10.546799659729004],[123.7925796508789,10.546230316162223],[123.79434967041027,10.545940399169979],[123.79644012451183,10.545999526977482],[123.79730224609409,10.545820236206282],[123.79833221435592,10.544969558716048],[123.79871368408249,10.543510437011719],[123.79988098144543,10.5430202484132],[123.80092620849643,10.5430202484132],[123.80184936523438,10.543330192566032],[123.80229187011719,10.54376029968273],[123.8026504516605,10.543740272521973],[123.80388641357433,10.543219566345329],[123.80503082275402,10.541729927062988],[123.8060531616211,10.540760040283203],[123.80596160888717,10.539910316467285],[123.80570983886741,10.538299560546989],[123.80648803710938,10.536879539489973],[123.80684661865268,10.53590011596691],[123.8077621459961,10.53507995605463],[123.80892181396484,10.534660339355582],[123.81069946289062,10.5346298217774],[123.81214141845703,10.535169601440487],[123.8126678466798,10.53610038757347],[123.81379699707043,10.538049697875977],[123.81471252441406,10.537369728088493],[123.81532287597668,10.538470268249512],[123.81511688232467,10.538680076599064],[123.8147430419923,10.540019989013672],[123.8150863647461,10.540889739990348],[123.81584167480469,10.54113960266119],[123.8163223266605,10.540160179138297],[123.81765747070347,10.538800239563102],[123.81900787353516,10.537699699401855],[123.82015228271484,10.536970138549805],[123.82132720947277,10.536760330200423],[123.82276916503918,10.537520408630485],[123.82483673095749,10.537460327148494],[123.82659912109398,10.53754997253418],[123.82848358154308,10.537469863891602],[123.82924652099621,10.537240028381348],[123.83027648925781,10.537079811096191],[123.83090209960938,10.537269592285213],[123.83247375488327,10.537400245666447],[123.83325195312511,10.537260055542049],[123.83377075195312,10.536109924316406],[123.83425903320347,10.535019874572981],[123.83525848388706,10.53512001037609],[123.83580017089844,10.535909652710188],[123.8372421264653,10.534310340881461],[123.83814239501976,10.533639907836914],[123.83885955810547,10.533829689025879],[123.83904266357422,10.53466987609886],[123.83901977539097,10.536479949951286],[123.83970642089844,10.53672981262207],[123.84027099609375,10.536290168762264],[123.84116363525402,10.535980224609432],[123.84297943115246,10.535849571228027],[123.84509277343761,10.536310195922852],[123.84647369384766,10.536879539489973],[123.84773254394577,10.536439895629996],[123.84812164306652,10.536680221557674],[123.848426818848,10.537590026855469],[123.84871673583996,10.538729667663688],[123.84915161132812,10.539660453796444],[123.84956359863315,10.540149688720646],[123.85073852539062,10.539999961853141],[123.8511581420903,10.53919982910179],[123.8509521484375,10.5385103225708],[123.85104370117222,10.537599563598746],[123.85166931152378,10.537349700927734],[123.8521881103519,10.537699699401855],[123.85307312011764,10.536939620971623],[123.85382080078125,10.537540435791016],[123.8540496826173,10.538249969482422],[123.85440826416061,10.53925991058344],[123.85440826416061,10.539299964904728],[123.8541412353519,10.539739608764705],[123.85381317138672,10.539770126342887],[123.85323333740234,10.540189743041935],[123.85360717773438,10.540760040283203],[123.854286193848,10.540900230407772],[123.85463714599632,10.541350364685002],[123.85469818115234,10.541879653930664],[123.85511016845726,10.542539596557617],[123.85597991943405,10.54259014129633],[123.85646057128906,10.541999816894531],[123.85704040527344,10.541950225830135],[123.85695648193393,10.54143047332775],[123.85730743408226,10.540519714355526],[123.85743713378906,10.539239883423079],[123.85730743408226,10.538020133972111],[123.8579330444336,10.536479949951286],[123.8578567504884,10.535770416259766],[123.85854339599632,10.534339904785156],[123.85955047607467,10.534310340881461],[123.86062622070347,10.534469604492301],[123.86074829101608,10.533220291137638],[123.86205291748058,10.533129692077637],[123.8631362915039,10.532460212707576],[123.86244964599621,10.530949592590389],[123.86148071289074,10.530229568481445],[123.86179351806663,10.529780387878532],[123.86222076416061,10.52925968170166],[123.86147308349621,10.5281600952149],[123.86163330078125,10.527700424194563],[123.86073303222668,10.526479721069336],[123.85968780517601,10.52639007568365],[123.85906219482422,10.525810241699219],[123.85820770263672,10.524069786071777],[123.85896301269531,10.523209571838436],[123.86003112792969,10.524470329284611],[123.86160278320335,10.524230003356934],[123.8636474609375,10.523260116577148],[123.86414337158214,10.522680282592773],[123.86424255371105,10.522150039672965],[123.86480712890625,10.520279884338379],[123.86564636230469,10.519289970398063],[123.86612701416016,10.518110275268555],[123.86615753173862,10.51778984069847],[123.8662567138673,10.516730308532829],[123.86643981933605,10.51529979705822],[123.86747741699219,10.514909744262638],[123.86810302734375,10.51624011993431],[123.86937713623047,10.516830444335938],[123.8705062866211,10.51710033416748],[123.87129211425781,10.518429756164494],[123.87245941162143,10.518950462341536],[123.87309265136764,10.518280029296989],[123.8737182617192,10.518320083618278],[123.87454223632824,10.518919944763184],[123.87539672851574,10.51959037780756],[123.87716674804722,10.519450187683162],[123.8782882690432,10.51858997344982],[123.87850189209018,10.517640113830623],[123.87931060791027,10.517580032348576],[123.88014984130905,10.517149925231934],[123.88124084472679,10.517370223999023],[123.88202667236328,10.517379760742188],[123.88249206543014,10.51723957061779],[123.88303375244152,10.516150474548454],[123.88217163085949,10.514820098876953],[123.88123321533237,10.513839721679744],[123.88130950927746,10.51331996917719],[123.88356018066406,10.513339996337947],[123.8846206665039,10.512760162353572],[123.88588714599621,10.512749671936149],[123.88646697998058,10.511930465698356],[123.8866195678711,10.511090278625716],[123.8861770629884,10.510270118713493],[123.88506317138695,10.51033973693842],[123.88440704345749,10.509050369262695],[123.88417816162121,10.507679939270076],[123.88432312011719,10.506770133972168],[123.88490295410156,10.505979537963924],[123.88538360595703,10.506019592285213],[123.88678741455078,10.505940437317122],[123.88773345947288,10.505319595336971],[123.88799285888683,10.504770278930778],[123.8874664306644,10.504249572753906],[123.88658142089866,10.504460334777946],[123.88506317138695,10.504549980163802],[123.88432312011719,10.503820419311523],[123.8849334716798,10.50294017791748],[123.88646697998058,10.502030372619856],[123.88803100585983,10.501859664916935],[123.88907623291016,10.50170993804943],[123.89026641845749,10.501580238342285],[123.89054107666016,10.50115966796875],[123.89083862304733,10.500289916992415],[123.8888168334961,10.493430137634391],[123.86274719238304,10.473600387573356],[123.83953857421886,10.455679893493766],[123.83775329589866,10.453920364379883],[123.83682250976562,10.453129768371639],[123.83467102050781,10.451649665832633],[123.83260345459007,10.450180053711051],[123.8305435180664,10.448699951171875],[123.828369140625,10.447600364685115],[123.82736968994186,10.44655990600586],[123.82698059082054,10.445759773254338],[123.82602691650413,10.444680213928336],[123.82405853271484,10.44369029998785],[123.82142639160168,10.44229984283453],[123.82121276855514,10.441439628601131],[123.82015228271484,10.441450119018555],[123.81944274902366,10.441800117492676],[123.81765747070347,10.440879821777344],[123.81658935546898,10.440099716186523],[123.81524658203148,10.439040184021223],[123.81372833251976,10.43867015838623],[123.81231689453159,10.437410354614315],[123.81067657470726,10.436579704284668],[123.80899810791016,10.435159683227653],[123.80815887451172,10.433329582214355],[123.80760192871128,10.43229961395275],[123.80683898925815,10.431630134582463],[123.80642700195312,10.430939674377555],[123.80587768554699,10.429949760437069],[123.80502319335949,10.42957973480219],[123.80372619628952,10.428009986877498],[123.8026123046875,10.427040100097884],[123.80169677734409,10.42702960968029],[123.80075836181663,10.427189826965389],[123.80081939697277,10.426750183105412],[123.80032348632812,10.42588996887207],[123.79962158203125,10.424839973449707],[123.79878234863315,10.423729896545353],[123.79834747314464,10.422639846801758],[123.79818725585983,10.422189712524528],[123.7977294921875,10.420680046081657],[123.7972564697269,10.419690132141113],[123.79741668701195,10.418769836425781],[123.79760742187523,10.418120384216422],[123.78643798828159,10.407179832458723],[123.77474212646518,10.395870208740291],[123.76973724365246,10.39064025878912],[123.76119995117222,10.395979881286735],[123.74273681640625,10.408639907837028],[123.74195098876953,10.409290313720646],[123.74125671386719,10.409919738769645],[123.7406234741211,10.411149978637638],[123.74031829833984,10.41205024719244],[123.74044799804688,10.413120269775334],[123.74111938476574,10.414360046386662],[123.74217987060581,10.415769577026424],[123.74252319335938,10.416720390319767],[123.74215698242188,10.417650222778263],[123.74211120605514,10.418549537658805],[123.74189758300793,10.418979644775504],[123.74104309082065,10.419699668884277],[123.73964691162143,10.41975021362316],[123.73858642578125,10.419659614562988],[123.7379302978519,10.42020034790039],[123.73695373535179,10.419540405273438],[123.73590850830101,10.419260025024471],[123.73509979248047,10.419500350952148],[123.73417663574253,10.4205904006958],[123.73297119140659,10.421739578247127],[123.73264312744175,10.422989845275879],[123.7320327758789,10.423139572143555],[123.73171234130882,10.424309730529785],[123.73127746582031,10.425180435180891],[123.73075866699241,10.42508983612072],[123.73033142089844,10.424460411071777],[123.72956848144531,10.424249649047908],[123.72894287109398,10.424980163574332],[123.72814178466842,10.426230430603084],[123.72676849365234,10.42704963684082],[123.72553253173862,10.426779747009277],[123.72434997558605,10.427570343017692],[123.72382354736362,10.428609848022404],[123.72315216064453,10.429730415344181],[123.72236633300804,10.429789543152083],[123.72168731689464,10.429860115051326],[123.72123718261719,10.430210113525447],[123.72112274169945,10.43074989318859],[123.72138977050815,10.431650161743221],[123.72170257568405,10.43220043182373],[123.72168731689464,10.432530403137264],[123.72087860107422,10.43284988403326],[123.720252990723,10.432740211486816],[123.71961212158249,10.432680130004996],[123.71880340576183,10.431989669799918],[123.71839141845703,10.431269645690918],[123.718017578125,10.430060386657772],[123.71700286865268,10.42965030670166],[123.71633148193371,10.429249763488826],[123.7157669067384,10.42796993255638],[123.71528625488315,10.427470207214412],[123.71430969238281,10.427470207214412],[123.71293640136764,10.426600456237907],[123.71221160888672,10.426090240478459],[123.71159362793014,10.42667007446289],[123.71095275878906,10.426650047302303],[123.71056365966797,10.426429748535156],[123.7096633911134,10.427189826965389],[123.70807647705078,10.426980018615723],[123.70712280273438,10.42716026306158],[123.7066879272461,10.427579879760799],[123.70609283447266,10.427559852600098],[123.70546722412121,10.42753982543951],[123.70539093017601,10.428649902343693],[123.70568847656295,10.429409980773926],[123.70568847656295,10.43039989471447],[123.70484161376953,10.430640220642317],[123.7034912109375,10.4302597045899],[123.70304870605469,10.430350303649846],[123.70298004150402,10.430370330810604],[123.70240020751964,10.430500030517578],[123.70156860351585,10.429759979248047],[123.7008666992192,10.429900169372615],[123.7006607055664,10.430760383606014],[123.69986724853516,10.432209968566838],[123.70001220703125,10.433429718017805],[123.69940948486362,10.434189796447868],[123.6983413696289,10.434189796447868],[123.69815826416016,10.434189796447868],[123.69799804687545,10.434809684753532],[123.69789123535156,10.435250282287654],[123.69728088378929,10.435859680175895],[123.69721984863281,10.437179565429744],[123.69724273681686,10.437430381774902],[123.69728851318405,10.4379301071167],[123.69693756103516,10.43828010559082],[123.69589996337936,10.439040184021223],[123.69497680664074,10.440469741821346],[123.69509887695312,10.440670013427791],[123.69525146484386,10.440939903259505],[123.69605255126953,10.441599845886287],[123.69624328613281,10.442399978637809],[123.6960372924807,10.443739891052246],[123.69567108154297,10.444160461425781],[123.69465637207031,10.445210456848145],[123.69341278076172,10.445839881896916],[123.69249725341808,10.445460319519157],[123.69181060791016,10.446379661560002],[123.69116210937511,10.446840286254883],[123.68978881835938,10.447799682617188],[123.68858337402378,10.448579788208008],[123.68679046630882,10.44839954376232],[123.68567657470737,10.44976997375494],[123.68579101562545,10.450900077819824],[123.68534851074253,10.451549530029524],[123.6841812133789,10.451530456543082],[123.68286895751987,10.451169967651367],[123.68200683593761,10.451689720153922],[123.68150329589844,10.452409744262695],[123.68057250976597,10.453370094299373],[123.6797485351567,10.453729629516602],[123.67919921875,10.453969955444279],[123.67754364013695,10.453840255737305],[123.67664337158249,10.45331954956066],[123.67632293701206,10.453300476074219],[123.67584991455078,10.453140258789062],[123.67513275146496,10.452850341796989],[123.67456054687511,10.452650070190373],[123.67469024658203,10.453109741210938],[123.67478179931686,10.453689575195312],[123.67501068115234,10.454250335693416],[123.67527770996094,10.4547700881958],[123.67552947998058,10.455249786377067],[123.6757431030278,10.45571041107172],[123.67603302001953,10.4560804367066],[123.67636108398438,10.456390380859432],[123.67665863037121,10.456640243530217],[123.67694091796886,10.456800460815543],[123.67722320556652,10.456950187683049],[123.67754364013695,10.45713996887207],[123.67791748046898,10.457380294799918],[123.67835235595749,10.457699775695858],[123.6800994873048,10.458600044250488],[123.68142700195324,10.459569931030273],[123.68260955810592,10.460260391235408],[123.68414306640659,10.46094989776617],[123.68483734130905,10.461090087890568],[123.68525695800793,10.461500167846737],[123.68553924560581,10.461709976196232],[123.6860275268557,10.462129592895508],[123.6865234375,10.462470054626522],[123.68699645996139,10.462750434875488],[123.68762969970737,10.462750434875488],[123.68846893310592,10.463089942932186],[123.6893081665039,10.463159561157283],[123.68998718261764,10.463159561157283],[123.69035339355469,10.463370323181152],[123.69055938720749,10.463580131530875],[123.69069671630882,10.463990211486816],[123.69069671630882,10.464469909668082],[123.69084167480469,10.464819908142204],[123.69111633300781,10.46510028839117],[123.69125366210972,10.465370178222713],[123.69154357910168,10.466059684753532],[123.69159698486328,10.466409683227596],[123.69159698486328,10.467169761657658],[123.69154357910168,10.467519760131779],[123.69139862060581,10.467720031738395],[123.69146728515648,10.46868991851818],[123.69154357910168,10.469109535217228],[123.69132995605514,10.46959018707281],[123.69132995605514,10.470490455627441],[123.69117736816429,10.470829963684139],[123.69111633300781,10.471039772033691],[123.69091033935547,10.471249580383358],[123.69069671630882,10.471320152282829],[123.69020843505871,10.471389770507756],[123.6899337768557,10.471590042114371],[123.68965148925804,10.471870422363509],[123.68937683105469,10.472149848938045],[123.68923187255905,10.472350120544434],[123.68923187255905,10.472490310669173],[123.68958282470703,10.472629547119084],[123.69000244140636,10.472700119018555],[123.69027709960938,10.47276973724371],[123.69069671630882,10.47276973724371],[123.69111633300781,10.472840309143294],[123.69159698486328,10.473119735717773],[123.69209289550827,10.473389625549373],[123.69216156005893,10.47367000579834],[123.69216156005893,10.47531986236595],[123.69216156005893,10.475879669189453],[123.69209289550827,10.475999832153263],[123.69174194335949,10.476570129394531],[123.69174194335949,10.47712039947504],[123.69196319580112,10.477680206299055],[123.6922302246096,10.477950096130598],[123.69309234619186,10.478380203247127],[123.69352722167969,10.478759765625057],[123.69394683837913,10.479129791259766],[123.69438934326183,10.479459762573299],[123.69481658935592,10.47980976104759],[123.69525146484386,10.480119705200423],[123.69564819335972,10.480349540710506],[123.69599914550781,10.480549812316951],[123.69632720947288,10.480759620666447],[123.69666290283249,10.480979919433594],[123.6967926025394,10.481120109558162],[123.69692993164097,10.481269836425895],[123.6971435546875,10.481659889221305],[123.69731140136753,10.482219696044922],[123.69744873046886,10.483010292053336],[123.69761657714889,10.483739852905217],[123.69801330566418,10.48412036895752],[123.6985015869144,10.484370231628532],[123.69896697998058,10.484680175781364],[123.69946289062534,10.484959602356184],[123.69994354248058,10.485210418701115],[123.70036315918003,10.485380172729549],[123.70081329345726,10.485420227050838],[123.70134735107422,10.485480308532658],[123.70171356201172,10.485859870910645],[123.70189666748047,10.48651027679449],[123.70207977294956,10.48721981048584],[123.70233154296898,10.487660408020133],[123.70269775390659,10.487979888916243],[123.7028198242192,10.48805999755865],[123.70310974121094,10.488280296325797],[123.70358276367233,10.488559722900618],[123.7040786743164,10.488800048828125],[123.7045669555664,10.48904037475586],[123.70493316650425,10.4893798828125],[123.70523071289062,10.489689826965332],[123.70543670654342,10.490010261535588],[123.70556640625034,10.490309715270996],[123.70572662353516,10.490579605102596],[123.7058715820317,10.490850448608398],[123.70606994628952,10.491109848022518],[123.7061233520509,10.491459846496639],[123.7061462402346,10.491820335388184],[123.70625305175827,10.492179870605412],[123.70616149902344,10.492580413818416],[123.70620727539108,10.493149757385197],[123.70665740966831,10.493729591369572],[123.70712280273438,10.493880271911621],[123.70747375488315,10.493920326232853],[123.70768737792969,10.494059562683333],[123.7079315185548,10.49417972564703],[123.70822143554699,10.494330406189022],[123.70857238769531,10.494509696960563],[123.70893859863315,10.494770050048828],[123.7093124389653,10.49507999420166],[123.70968627929733,10.495439529419059],[123.71000671386719,10.495889663696289],[123.71038818359375,10.496350288391113],[123.7108535766605,10.496780395507812],[123.71135711669967,10.4971799850465],[123.71190643310547,10.497500419616927],[123.71240234375,10.497759819030875],[123.71279907226574,10.497920036316032],[123.71314239501987,10.497940063476562],[123.71363067626953,10.497650146484489],[123.71388244628952,10.497579574585018],[123.71392059326172,10.49757003784191],[123.71398162841797,10.497540473938216],[123.71398162841797,10.497779846191463],[123.71396636962913,10.49841022491455],[123.714111328125,10.498820304870662],[123.71414184570347,10.498889923095817],[123.71415710449241,10.498940467834473],[123.71431732177734,10.499369621276855],[123.71459960937545,10.499580383300895],[123.71488189697266,10.5],[123.71501922607445,10.500269889831543],[123.71501922607445,10.500630378723258],[123.71501922607445,10.50082969665533],[123.71495056152344,10.501029968261776],[123.71481323242199,10.501239776611271],[123.71459960937545,10.501449584960994],[123.71425628662132,10.50164985656744],[123.71404266357433,10.501790046692008],[123.71383666992233,10.501859664916935],[123.71334838867188,10.502070426941145],[123.71312713623092,10.502189636230696],[123.7127685546875,10.50249004364025],[123.71237945556675,10.502820014953613],[123.71206665039085,10.50325965881359],[123.71193695068371,10.5038099288941],[123.71185302734409,10.504349708557243],[123.71170806884766,10.504730224609489],[123.7118072509769,10.505109786987305],[123.71221923828125,10.505279541015739],[123.71250152587936,10.505559921264705],[123.71250152587936,10.506110191345215],[123.71083068847702,10.507780075073242],[123.71083068847702,10.508350372314453],[123.71083068847702,10.509169578552246],[123.71056365966797,10.509440422058105],[123.71028137207065,10.509440422058105],[123.71003723144543,10.508489608764762],[123.70993041992188,10.50806045532238],[123.70944213867233,10.507220268249739],[123.70916748046875,10.507220268249739],[123.70861053466831,10.506669998169059],[123.7074966430664,10.506669998169059],[123.70722198486362,10.507129669189567],[123.70700836181663,10.507889747619629],[123.70693969726562,10.508310317993164],[123.70673370361328,10.508589744567871],[123.70659637451183,10.508999824523983],[123.70630645751953,10.509969711303938],[123.70628356933594,10.510230064392204],[123.70625305175827,10.510519981384277],[123.70625305175827,10.511630058288631],[123.70659637451183,10.512780189514274],[123.70694732666016,10.512780189514274],[123.7074966430664,10.513330459594783],[123.70777893066452,10.513330459594783],[123.70821380615234,10.513560295105094],[123.70865631103516,10.513750076294059],[123.70910644531273,10.5139999389649],[123.70950317382858,10.514329910278434],[123.70979309082031,10.514679908752555],[123.70995330810581,10.515029907226676],[123.71000671386719,10.515419960022086],[123.71008300781284,10.515819549560604],[123.71021270751999,10.516209602356014],[123.71045684814499,10.51653003692627],[123.71050262451172,10.516539573669547],[123.71079254150402,10.516739845275936],[123.71092987060547,10.516819953918514],[123.71101379394554,10.516850471496696],[123.7114486694336,10.517029762268066],[123.71196746826195,10.517230033874455],[123.71246337890625,10.517390251159782],[123.71275329589878,10.51749038696289],[123.7128677368164,10.51753044128418],[123.71330261230491,10.517660140991325],[123.71379852294922,10.51778984069847],[123.71431732177734,10.517959594726562],[123.71479034423874,10.518219947814998],[123.71514892578125,10.51852989196783],[123.71508026123047,10.518899917602653],[123.7146987915039,10.518799781799373],[123.71421051025436,10.518600463867415],[123.7136688232423,10.518389701843262],[123.71350860595749,10.518340110778809],[123.71315002441406,10.5182399749757],[123.71267700195312,10.518170356750545],[123.71218109130893,10.51807975769043],[123.7116470336914,10.517910003662166],[123.7110977172855,10.517640113830623],[123.7105712890625,10.517310142517204],[123.71041870117199,10.517210006714095],[123.71011352539062,10.517000198364371],[123.7097396850586,10.516670227050838],[123.70948028564464,10.516269683838004],[123.70928192138683,10.515850067138729],[123.70908355712902,10.515419960022086],[123.70880126953159,10.515080451965389],[123.70844268798851,10.5148096084597],[123.70805358886741,10.514599800109806],[123.7076568603519,10.51441955566412],[123.70728302001987,10.514249801635685],[123.70691680908226,10.514060020446891],[123.70655822753906,10.513890266418457],[123.70635986328125,10.513839721679744],[123.70616149902344,10.513790130615348],[123.70583343505871,10.513609886169661],[123.70511627197311,10.513500213623047],[123.70484161376953,10.513919830322493],[123.70498657226597,10.51426029205328],[123.70526123046886,10.514679908752555],[123.70526123046886,10.515230178833065],[123.70484161376953,10.516889572143668],[123.70427703857422,10.517999649047852],[123.70401000976562,10.51819992065424],[123.70365905761753,10.518480300903377],[123.70337677001964,10.519169807434196],[123.70330810546875,10.520000457763729],[123.70330810546875,10.520369529724064],[123.70330810546875,10.520480155944767],[123.70330810546875,10.521780014038143],[123.70330810546875,10.522700309753475],[123.70337677001964,10.522970199585075],[123.70379638671909,10.522970199585075],[123.7040786743164,10.522899627685604],[123.70427703857422,10.522899627685604],[123.70442962646507,10.523320198059139],[123.70449829101574,10.523940086364803],[123.70449829101574,10.524330139160213],[123.70449829101574,10.524419784545898],[123.70469665527355,10.52484035491949],[123.70484161376953,10.525320053100529],[123.70506286621139,10.526080131530819],[123.7051925659182,10.52670955657959],[123.70540618896484,10.52733039855957],[123.70540618896484,10.527669906616211],[123.70581817626999,10.529950141906795],[123.70594024658237,10.531959533691463],[123.7061462402346,10.532919883728141],[123.70635986328125,10.534170150756893],[123.70649719238281,10.534930229187125],[123.70649719238281,10.535280227661246],[123.70609283447266,10.535690307617188],[123.70580291748047,10.53623962402338],[123.70572662353516,10.536800384521541],[123.70572662353516,10.537679672241325],[123.70619201660156,10.53754997253418],[123.70646667480503,10.537599563598746],[123.70696258544967,10.537579536438045],[123.70748138427757,10.537560462951774],[123.70810699462936,10.537170410156364],[123.7086791992192,10.537260055542049],[123.70934295654297,10.537260055542049],[123.71019744873047,10.537240028381348],[123.71105194091797,10.53750991821289],[123.71141815185581,10.537980079650822],[123.71248626708984,10.53816032409668],[123.71381378173828,10.538069725036735],[123.71501922607445,10.53794002532959],[123.71640014648438,10.53816032409668],[123.71697998046875,10.538330078124943],[123.71839141845703,10.53864955902111],[123.71965789794922,10.538419723510856],[123.72110748291027,10.538610458374137],[123.72207641601585,10.539239883423079],[123.72245025634777,10.540209770202694],[123.72296905517578,10.541049957275504],[123.72363281250034,10.541560173034895],[123.72398376464866,10.541049957275504],[123.72464752197288,10.541029930114746],[123.7250137329105,10.541419982910156],[123.72586822509777,10.541609764099121],[123.72654724121128,10.541259765625],[123.73296356201217,10.541819572448844],[123.74270629882847,10.542659759521484],[123.75995635986328,10.543939590454102],[123.76058959960949,10.543700218200684],[123.76130676269531,10.543190002441463],[123.76219940185558,10.542160034179688],[123.76290893554733,10.541290283203352],[123.76394653320335,10.540829658508358],[123.7649612426759,10.54108047485363],[123.76589965820358,10.541950225830135],[123.76641082763706,10.542940139770621],[123.76631927490246,10.543680191040153],[123.76540374755893,10.544249534606934],[123.76421356201183,10.544619560241756],[123.7636871337894,10.545060157775879],[123.76318359375023,10.546050071716365],[123.7636871337894,10.546859741211051],[123.76448059082031,10.547599792480526],[123.76508331298851,10.547980308532829],[123.7656402587894,10.547809600830078],[123.76622009277378,10.547369956970442],[123.76728057861351,10.546919822692871],[123.76837158203125,10.546810150146428],[123.76928710937523,10.546930313110465],[123.7702331542971,10.547229766845703],[123.77126312255871,10.54845046997093],[123.77187347412155,10.549340248107967],[123.77275848388672,10.550160408020076],[123.77355194091808,10.550740242004451],[123.774940490723,10.551090240478572],[123.77629852294922,10.551230430603141],[123.77755737304699,10.551460266113395],[123.7785110473634,10.550950050353947],[123.77935791015625,10.550100326538029],[123.78067016601562,10.549989700317496],[123.78150177001953,10.549860000610352],[123.78334045410156,10.549289703369084]]]},"id":1},{"type":"Feature","properties":{"ID_0":177,"ISO":"PHL","NAME_0":"Philippines","ID_1":25,"NAME_1":"Cebu","ID_2":450,"NAME_2":"Bogo City","NL_NAME_2":null,"VARNAME_2":null,"TYPE_2":"Lungsod|Siyudad","ENGTYPE_2":"City","PROVINCE":"Cebu","REGION":"Central Visayas (Region VII)"},"geometry":{"type":"MultiPolygon","coordinates":[[[[123.951942443848,11.088330268859806],[123.95276641845726,11.08749961853033],[123.95330810546875,11.08753967285162],[123.95388793945324,11.087779998779297],[123.9541702270509,11.08749961853033],[123.95471954345703,11.08749961853033],[123.95500183105469,11.087779998779297],[123.95527648925781,11.087779998779297],[123.95555877685581,11.08749961853033],[123.9558334350586,11.08749961853033],[123.95610809326195,11.087220191955623],[123.95665740966808,11.087220191955623],[123.9569473266605,11.086939811706657],[123.95777893066452,11.086939811706657],[123.95805358886719,11.087220191955623],[123.95834350585938,11.087220191955623],[123.95861053466831,11.086939811706657],[123.9591674804692,11.086939811706657],[123.9594421386721,11.086669921875114],[123.95971679687511,11.086669921875114],[123.96028137207043,11.08611011505127],[123.96056365966808,11.08611011505127],[123.96083068847702,11.085829734802303],[123.96111297607422,11.085829734802303],[123.96250152587913,11.084440231323299],[123.96278381347679,11.084440231323299],[123.96333312988293,11.083889961242733],[123.96360778808594,11.083889961242733],[123.96415710449219,11.083330154418945],[123.96444702148438,11.083330154418945],[123.96498107910179,11.082790374755803],[123.96420288085972,11.081430435180664],[123.96489715576217,11.080490112304744],[123.9651870727539,11.079919815063477],[123.96540832519577,11.07948017120384],[123.96588897705078,11.078820228576717],[123.96621704101585,11.078359603882063],[123.96711730957031,11.077980041503906],[123.96739196777378,11.077099800109863],[123.96853637695347,11.075650215148983],[123.96888732910179,11.076160430908203],[123.96910095214878,11.07643985748291],[123.96874237060547,11.077369689941406],[123.96996307373047,11.076919555664176],[123.97184753417991,11.077369689941406],[123.97223663330078,11.077509880065975],[123.9722671508789,11.077529907226506],[123.97292327880893,11.077779769897688],[123.97360992431686,11.07798957824707],[123.97469329834018,11.077460289001579],[123.9752197265625,11.077099800109863],[123.9756317138673,11.076820373535156],[123.9764633178711,11.076069831848201],[123.97680664062523,11.075300216675032],[123.97666168212936,11.074669837951774],[123.9770278930664,11.073479652404842],[123.97722625732422,11.072970390319881],[123.97743225097702,11.07244014739996],[123.97733306884766,11.071319580078182],[123.97675323486328,11.06991004943859],[123.9762115478519,11.069379806518612],[123.97543334960938,11.069160461425781],[123.97482299804722,11.068960189819336],[123.97543334960938,11.068329811096248],[123.97682189941406,11.067139625549316],[123.97715759277355,11.066419601440373],[123.9774169921875,11.065859794616756],[123.97812652587925,11.065629959106445],[123.97947692871116,11.066260337829533],[123.98030090332043,11.067159652710075],[123.98091125488327,11.068499565124512],[123.9812698364259,11.069939613342228],[123.98124694824264,11.070980072021484],[123.98085784912155,11.070949554443303],[123.9800033569336,11.069829940796012],[123.97989654541016,11.069029808044661],[123.97928619384788,11.06842041015625],[123.97891998291016,11.069990158081112],[123.98040771484409,11.07149982452404],[123.98161315917969,11.072330474853516],[123.9821472167971,11.07324028015148],[123.98282623291061,11.073390007019157],[123.98278045654308,11.073329925537166],[123.98304748535156,11.073060035705623],[123.98332977294922,11.073060035705623],[123.98361206054688,11.0727796554566],[123.98528289794933,11.0727796554566],[123.98551940917969,11.073019981384334],[123.98555755615268,11.073060035705623],[123.98583221435558,11.073060035705623],[123.98665618896518,11.073889732360783],[123.98665618896518,11.074170112609977],[123.98750305175781,11.074999809265137],[123.98750305175781,11.07555961608898],[123.98777770996139,11.07583045959484],[123.98777770996139,11.07610988616949],[123.98805236816429,11.076390266418457],[123.98860931396518,11.076390266418457],[123.98889160156261,11.076669692993164],[123.98916625976562,11.076390266418457],[123.98999786376953,11.076390266418457],[123.99021148681686,11.076180458068961],[123.99083709716842,11.07555961608898],[123.99083709716842,11.074720382690487],[123.99138641357433,11.074170112609977],[123.99166870117222,11.074170112609977],[123.99305725097656,11.0727796554566],[123.99333190918003,11.0727796554566],[123.99360656738281,11.07250022888195],[123.99453735351585,11.07250022888195],[123.99472045898472,11.07250022888195],[123.99495697021484,11.072259902954102],[123.99500274658214,11.072219848632812],[123.99527740478527,11.072219848632812],[123.9955062866211,11.071990013122502],[123.9958267211914,11.071669578552246],[123.99610900878906,11.071669578552246],[123.99694824218784,11.070830345153752],[123.99694824218784,11.07056045532238],[123.99722290039062,11.070280075073242],[123.99722290039062,11.069729804992733],[123.99722290039062,11.06906986236578],[123.99722290039062,11.068329811096248],[123.99762725830078,11.067919731140137],[123.99777984619163,11.067779541015739],[123.99777984619163,11.067500114440861],[123.99770355224655,11.067410469055176],[123.99722290039062,11.066940307617244],[123.99722290039062,11.066149711609],[123.99722290039062,11.06610965728754],[123.9958267211914,11.064720153808707],[123.99555206298874,11.064720153808707],[123.99527740478527,11.06443977355957],[123.99516296386764,11.06443977355957],[123.99500274658214,11.06443977355957],[123.99416351318382,11.063610076904354],[123.99416351318382,11.063329696655387],[123.99388885498092,11.063059806823844],[123.99388885498092,11.0625],[123.99360656738281,11.062219619751033],[123.99360656738281,11.060830116271973],[123.99388885498092,11.06056022644043],[123.99388885498092,11.05916976928711],[123.99416351318382,11.058890342712402],[123.99416351318382,11.05832958221447],[123.99472045898472,11.057780265808049],[123.99472045898472,11.057220458984432],[123.99500274658214,11.056949615478743],[123.99639129638672,11.055560111999569],[123.99639129638672,11.055279731750545],[123.9958267211914,11.054719924926758],[123.9958267211914,11.053609848022575],[123.99694824218784,11.052499771118221],[123.99749755859398,11.051939964294547],[123.99777984619163,11.051939964294547],[123.99804687500011,11.051670074463004],[123.99833679199253,11.051939964294547],[123.99858856201172,11.051939964294547],[123.99944305419922,11.051939964294547],[123.9996566772461,11.051730155944824],[123.9997329711914,11.051670074463004],[124.00000000000034,11.051939964294547],[124.00026702880882,11.051670074463004],[124.00055694580124,11.051670074463004],[124.00105285644531,11.051529884338606],[124.00166320800793,11.051950454711971],[124.00195312500011,11.052220344543514],[124.00235748291038,11.052220344543514],[124.00277709960938,11.052780151367188],[124.00222015380905,11.053609848022575],[124.00250244140625,11.053890228271712],[124.00277709960938,11.053890228271712],[124.00305175781284,11.054169654846191],[124.00314331054688,11.054169654846191],[124.00360870361374,11.054169654846191],[124.00389862060547,11.05403041839611],[124.00393676757858,11.053999900817985],[124.00431823730514,11.053939819335938],[124.00463867187534,11.053979873657227],[124.00501251220737,11.054070472717399],[124.00508117675827,11.054080009460506],[124.00552368164108,11.05412960052496],[124.0061264038086,11.05414962768566],[124.00640106201172,11.054160118103255],[124.00681304931652,11.054169654846191],[124.0073471069336,11.054229736328239],[124.0074691772461,11.054240226745662],[124.00756072998092,11.054280281066951],[124.00805664062511,11.054470062256087],[124.00847625732422,11.054750442504883],[124.00855255126964,11.054800033569279],[124.00897979736328,11.055179595947266],[124.00920867919956,11.055379867553711],[124.00940704345737,11.055549621582145],[124.00982666015625,11.055910110473633],[124.01023101806686,11.056209564209041],[124.01058197021484,11.056500434875488],[124.01071166992188,11.056619644165039],[124.0108871459961,11.056779861450309],[124.01110839843761,11.057120323181152],[124.01126098632847,11.057479858398551],[124.01141357421886,11.057820320129338],[124.01158905029308,11.058050155639648],[124.01196289062511,11.058099746704215],[124.01216888427746,11.058150291442928],[124.01235961914074,11.058199882507324],[124.01260375976562,11.058309555053768],[124.01286315917969,11.058420181274641],[124.01344299316406,11.058629989624023],[124.01407623291027,11.058710098266545],[124.014686584473,11.058509826660156],[124.01516723632812,11.058190345764217],[124.01560974121105,11.057900428772086],[124.01603698730469,11.057669639587346],[124.01644897460949,11.057450294494856],[124.01685333251976,11.057270050048828],[124.01724243164085,11.057220458984432],[124.01761627197288,11.057259559631575],[124.01801300048828,11.057290077209586],[124.0184097290039,11.057209968567008],[124.01882171630905,11.057209968567008],[124.01927185058628,11.057250022888297],[124.0197525024414,11.057160377502385],[124.02027130126987,11.05706977844244],[124.020790100098,11.057149887084961],[124.02129364013717,11.057209968567008],[124.0217437744144,11.057270050048828],[124.02214050292969,11.057410240173397],[124.02252960205078,11.057589530944767],[124.02295684814476,11.057780265808049],[124.02340698242199,11.05797004699707],[124.02388763427746,11.058039665222225],[124.02433776855469,11.058119773864746],[124.02469635009766,11.058309555053768],[124.02509307861328,11.058540344238338],[124.02552795410168,11.05867958068859],[124.0256271362307,11.05871963500988],[124.0262908935548,11.058699607849121],[124.0265579223634,11.058540344238509],[124.02686309814464,11.058360099792651],[124.02729034423828,11.057950019836483],[124.02770233154308,11.057629585266056],[124.02812194824219,11.057450294494856],[124.02851867675781,11.057439804077262],[124.02886199951229,11.057439804077262],[124.02918243408237,11.057459831237793],[124.02951049804699,11.057510375976506],[124.02989196777355,11.05762004852295],[124.030380249024,11.057709693908805],[124.03101348876953,11.057760238647688],[124.03173828125023,11.057769775390625],[124.03234100341797,11.057700157165698],[124.03285217285168,11.057570457458723],[124.03288269042991,11.057539939880371],[124.03292083740234,11.05751991271984],[124.03323364257824,11.057290077209757],[124.03354644775413,11.056960105895996],[124.03382873535179,11.056610107421875],[124.03404235839844,11.056229591369629],[124.03424072265625,11.055870056152571],[124.0344467163086,11.055589675903377],[124.03468322753918,11.055390357971476],[124.03495025634777,11.055279731750545],[124.0353012084961,11.055250167846907],[124.0357131958009,11.055250167846907],[124.03610992431697,11.055270195007438],[124.03645324707031,11.055339813232592],[124.03674316406295,11.05548000335699],[124.03710174560547,11.055549621582315],[124.0374984741211,11.055669784545955],[124.03790283203136,11.055839538574219],[124.03830718994152,11.0560302734375],[124.03875732421875,11.05613040924078],[124.03919219970703,11.056260108947754],[124.03962707519543,11.056400299072322],[124.04010772705135,11.056529998779297],[124.04065704345703,11.056570053100586],[124.04081726074253,11.05652046203636],[124.04094696044967,11.0564804077149],[124.04120635986362,11.056409835815487],[124.04158782959018,11.055950164794922],[124.04184722900413,11.055430412292765],[124.04213714599678,11.054969787597713],[124.04234313964878,11.054550170898494],[124.04237365722656,11.054109573364371],[124.0422286987307,11.053700447082747],[124.04203796386741,11.053299903869743],[124.0418167114259,11.052880287170467],[124.0416336059576,11.052399635315112],[124.04136657714866,11.051969528198242],[124.04105377197277,11.051609992981184],[124.04074859619186,11.051289558410929],[124.04049682617244,11.050909996032942],[124.04046630859375,11.050809860229663],[124.04032135009788,11.050370216369856],[124.04015350341797,11.04981994628912],[124.04000854492199,11.049289703369368],[124.03987884521484,11.048749923706055],[124.03975677490234,11.048190116882608],[124.03964996337913,11.047610282898233],[124.03942871093761,11.047120094299544],[124.03914642333996,11.046710014343205],[124.03883361816406,11.04634952545166],[124.03843688964844,11.04601001739519],[124.03804016113281,11.045590400695914],[124.03764343261741,11.045109748840332],[124.03735351562511,11.044529914855957],[124.03727722167969,11.043869972229004],[124.03733062744152,11.043210029602278],[124.03749084472656,11.042610168457145],[124.03761291503906,11.042039871215877],[124.03753662109386,11.04148006439226],[124.03748321533203,11.040909767150993],[124.03737640380928,11.040369987488077],[124.03742218017578,11.039879798889388],[124.03759002685547,11.039469718933049],[124.03772735595714,11.03909015655529],[124.03780364990234,11.038689613342285],[124.03785705566406,11.038299560546875],[124.03801727294979,11.037940025329817],[124.03814697265659,11.037579536438102],[124.03829956054699,11.037220001220874],[124.03840637207054,11.036829948425293],[124.03856658935547,11.036439895629883],[124.03868865966808,11.03600978851324],[124.03883361816406,11.035610198974666],[124.03887176513683,11.035189628601131],[124.03885650634777,11.034740447998047],[124.03880310058594,11.034290313720817],[124.03885650634777,11.033860206604118],[124.03897857666038,11.033430099487248],[124.03914642333996,11.033020019531307],[124.03933715820324,11.032569885253906],[124.03946685791061,11.03207015991211],[124.0395736694336,11.031559944152832],[124.03943634033214,11.031020164489746],[124.03926849365257,11.030460357666072],[124.03912353515625,11.029899597167969],[124.03903198242233,11.029609680175895],[124.03896331787143,11.029370307922477],[124.03896331787143,11.028900146484318],[124.03912353515625,11.028510093688965],[124.03913879394531,11.028459548950252],[124.03926849365257,11.028109550476131],[124.03943634033214,11.027729988098145],[124.03959655761719,11.027319908142204],[124.03970336914062,11.026880264282227],[124.0397186279298,11.026410102844238],[124.03972625732456,11.025939941406307],[124.03971099853516,11.025489807128906],[124.03965759277389,11.025090217590389],[124.03951263427734,11.02476024627697],[124.03938293457031,11.024470329284725],[124.03923797607433,11.024189949035701],[124.0392074584961,11.024100303649846],[124.0391769409182,11.023949623108024],[124.03916168212925,11.023870468139762],[124.03906250000011,11.023550033569336],[124.03888702392601,11.023349761962947],[124.03868103027355,11.023189544677962],[124.03849029541027,11.022950172424373],[124.03838348388683,11.022600173950309],[124.03832244873092,11.022179603576717],[124.03825378417969,11.02173995971674],[124.03813171386764,11.021320343017692],[124.03809356689464,11.020850181579704],[124.03807830810592,11.02038955688488],[124.03809356689464,11.019920349121207],[124.03810882568371,11.019459724426383],[124.03816986083984,11.019049644470272],[124.0382690429692,11.018659591675032],[124.03830718994152,11.018469810485897],[124.0383529663086,11.018380165100211],[124.0383529663086,11.018340110778922],[124.03836059570312,11.018300056457633],[124.03852081298874,11.017950057983512],[124.03883361816406,11.017649650573787],[124.03914642333996,11.017299652099666],[124.03946685791061,11.016889572143555],[124.0397186279298,11.016429901123047],[124.03991699218784,11.01599025726324],[124.04007720947266,11.015439987182674],[124.0402984619144,11.014940261841048],[124.04052734375,11.014430046081657],[124.04061889648483,11.01410961151123],[124.04067230224621,11.013910293579102],[124.04062652587925,11.0133695602417],[124.04058837890636,11.012829780578613],[124.04061889648483,11.01229000091547],[124.04074859619186,11.01177978515625],[124.04096984863293,11.011300086975154],[124.04122161865234,11.010840415954647],[124.04122161865234,11.010339736938533],[124.04112243652344,11.010080337524414],[124.04103088378906,11.009819984436149],[124.04103088378906,11.00932979583763],[124.04116821289074,11.008870124816895],[124.04135131835949,11.008419990539494],[124.04145050048862,11.007989883422852],[124.04155731201195,11.007459640503043],[124.04151153564499,11.006919860839957],[124.04152679443371,11.00640964508051],[124.04168701171875,11.005949974060172],[124.04185485839844,11.005439758300724],[124.04192352294933,11.005270004272461],[124.04194641113327,11.005209922790641],[124.04194641113327,11.005000114440918],[124.04209899902355,11.004850387573242],[124.04222106933616,11.004719734191951],[124.04222106933616,11.004500389099121],[124.04222106933616,11.004170417785758],[124.0423965454105,11.0039901733399],[124.04250335693371,11.003890037536564],[124.04250335693371,11.00370025634777],[124.04250335693371,11.002679824829102],[124.04250335693371,11.002220153808594],[124.0423965454105,11.002120018005485],[124.04222106933616,11.001939773559627],[124.04222106933616,11.001669883728027],[124.04250335693371,11.001390457153548],[124.04250335693371,11.000559806823674],[124.04305267333996,11],[124.04313659667969,10.99948978424078],[124.04337310791038,10.998940467834586],[124.043701171875,10.998129844665641],[124.04374694824241,10.998009681701774],[124.04354858398472,10.997659683227482],[124.04337310791038,10.997269630432072],[124.04329681396518,10.996990203857422],[124.04325103759777,10.996820449829329],[124.0433502197269,10.996279716491756],[124.04341125488281,10.996150016784782],[124.0436019897461,10.995770454406795],[124.04370880126953,10.99522972106945],[124.04360961914108,10.994770050049055],[124.04358673095703,10.994660377502441],[124.04369354248047,10.994119644165096],[124.04389953613281,10.993430137634277],[124.04406738281284,10.992770195007324],[124.04434967041016,10.992489814758358],[124.04448699951183,10.99215030670166],[124.04460906982445,10.991789817810286],[124.04474639892578,10.991390228271598],[124.04489898681663,10.990949630737305],[124.0448913574221,10.990489959716797],[124.04477691650402,10.990079879760856],[124.0446929931644,10.989680290222111],[124.04448699951183,10.989410400390568],[124.04424285888717,10.989179611205998],[124.04399871826217,10.988889694213924],[124.04395294189453,10.988739967346191],[124.04385375976608,10.988419532775936],[124.04386901855503,10.987870216369743],[124.04387664794956,10.98777961730957],[124.04395294189453,10.987319946289006],[124.04379272460938,10.98678016662609],[124.04344177246105,10.986310005187988],[124.0430831909182,10.985870361328182],[124.0430831909182,10.985360145568904],[124.04322814941452,10.984530448913517],[124.04332733154297,10.983830451965332],[124.04342651367233,10.983149528503532],[124.04350280761719,10.981769561767635],[124.04342651367233,10.98066043853754],[124.04357147216797,10.979900360107479],[124.04361724853561,10.979149818420353],[124.04395294189453,10.978770256042594],[124.0441665649414,10.978349685669059],[124.04432678222679,10.977910041809025],[124.04444122314487,10.977410316467399],[124.04447174072266,10.97721004486084],[124.04448699951183,10.977044105529728],[124.03318786621128,10.979470252990836],[124.01938629150436,10.981579780578613],[123.98988342285202,10.986379623413086],[123.98645782470737,10.986909866333065],[123.98242950439476,10.98328971862793],[123.97666931152389,10.978670120239315],[123.97376251220703,10.975729942321777],[123.97052764892578,10.973589897155819],[123.96716308593761,10.972399711608944],[123.96395874023472,10.971119880676326],[123.96044158935547,10.970609664917049],[123.95787811279297,10.971260070800895],[123.95271301269531,10.97772026062023],[123.95545959472656,10.986989974975813],[123.95742797851574,10.99483966827404],[123.95890808105469,11.000249862670842],[123.96008300781261,11.008819580078239],[123.96045684814499,11.01420974731451],[123.96063232421875,11.017660140991211],[123.96096801757835,11.02262020111084],[123.96045684814499,11.03030967712408],[123.95997619628906,11.033220291137752],[123.95935058593773,11.036600112915039],[123.95847320556675,11.043459892272892],[123.95659637451172,11.05403041839611],[123.95565795898438,11.066309928894157],[123.95459747314499,11.072879791259766],[123.95301818847702,11.082799911499137],[123.95184326171875,11.086739540100098],[123.95146179199219,11.087439537048283],[123.95053863525436,11.088319778442383],[123.9508438110355,11.088330268859806],[123.9511108398442,11.088060379028434],[123.9513931274414,11.088330268859806],[123.951942443848,11.088330268859806]]]]}},{"type":"Feature","properties":{"ID_0":177,"ISO":"PHL","NAME_0":"Philippines","ID_1":25,"NAME_1":"Cebu","ID_2":452,"NAME_2":"Borbon","NL_NAME_2":null,"VARNAME_2":null,"TYPE_2":"Bayan|Munisipyo","ENGTYPE_2":"Municipality","PROVINCE":"Cebu","REGION":"Central Visayas (Region VII)"},"geometry":{"type":"Polygon","coordinates":[[[124.00946044921875,10.886409759521541],[124.00993347167969,10.886389732360783],[124.01048278808639,10.886619567871037],[124.01100921630871,10.886770248413086],[124.01171875,10.886930465698356],[124.01206207275402,10.886799812316895],[124.01229095458984,10.886719703674373],[124.01309967041061,10.886030197143555],[124.0139312744144,10.885399818420638],[124.01461791992233,10.8858003616333],[124.01542663574241,10.88584041595459],[124.01611328125,10.886329650879134],[124.01669311523438,10.887140274048079],[124.01759338378918,10.888130187988224],[124.01793670654331,10.888010025024414],[124.01905059814476,10.88764953613287],[124.01925659179733,10.887559890747184],[124.02002716064487,10.887220382690487],[124.02037811279308,10.887350082397461],[124.02092742919933,10.887539863586426],[124.02150726318371,10.888339996338118],[124.02178955078136,10.888199806213379],[124.02214050292969,10.888030052185286],[124.02345275878952,10.887829780578727],[124.02446746826206,10.888469696044922],[124.02536773681675,10.888930320739746],[124.02674865722668,10.889739990234432],[124.0281600952153,10.890569686889592],[124.02922821044933,10.890469551086483],[124.03000640869175,10.889909744262638],[124.03051757812534,10.889260292053336],[124.03151702880871,10.88903999328619],[124.03189849853527,10.88893985748291],[124.0318069458009,10.888420104980526],[124.0322418212894,10.887499809265137],[124.0328369140625,10.887069702148494],[124.03353881835949,10.886739730835075],[124.0347824096682,10.886210441589583],[124.0351333618164,10.885869979858398],[124.03582000732433,10.885250091552734],[124.03621673584007,10.885109901428166],[124.0369796752932,10.88523960113531],[124.03742980957043,10.885640144348145],[124.03795623779331,10.886320114135856],[124.0386581420903,10.887229919433594],[124.03954315185581,10.887040138244629],[124.04031372070335,10.886560440063533],[124.04099273681686,10.885789871215877],[124.04135894775402,10.88521957397461],[124.04165649414085,10.884280204773006],[124.04152679443371,10.883390426635742],[124.04193878173851,10.882430076599121],[124.04254913330078,10.881939888000602],[124.04387664794956,10.88123989105219],[124.04472351074219,10.8811998367309],[124.04548645019531,10.881609916687069],[124.04670715332054,10.881770133972168],[124.04856872558639,10.881839752197322],[124.0494537353519,10.881429672241211],[124.05003356933628,10.879969596862907],[124.05000305175781,10.879229545593375],[124.05032348632824,10.878840446472282],[124.05049133300793,10.878729820251579],[124.05040740966831,10.878680229186955],[124.04963684082043,10.87806034088129],[124.04888916015659,10.877309799194393],[124.04886627197266,10.87703990936285],[124.04881286621139,10.876740455627441],[124.04871368408226,10.876540184020996],[124.04863739013706,10.87639045715332],[124.04859161376964,10.875969886779785],[124.04846954345703,10.87555027008068],[124.04833984375,10.87510013580345],[124.04823303222679,10.874650001525879],[124.0480575561528,10.874250411987362],[124.04788970947266,10.873849868774528],[124.04773712158237,10.87341022491455],[124.04754638671909,10.87300014495861],[124.0475006103519,10.872520446777344],[124.04749298095737,10.87201976776123],[124.04747772216842,10.871529579162711],[124.04743194580124,10.871049880981445],[124.04734802246105,10.870619773864746],[124.04724121093795,10.870229721069336],[124.04720306396484,10.869879722595272],[124.04709625244186,10.869580268859863],[124.04698181152378,10.869279861450309],[124.04694366455078,10.868889808654728],[124.04691314697311,10.86874961853033],[124.04685974121139,10.868459701538086],[124.0467529296875,10.867989540100098],[124.04660797119163,10.8674898147583],[124.04628753662155,10.867119789123592],[124.04596710205112,10.866780281066951],[124.04573822021496,10.866379737854118],[124.04553222656261,10.865960121154842],[124.04527282714866,10.86555004119873],[124.04498291015636,10.86513996124279],[124.04463958740268,10.864760398864973],[124.04425048828159,10.864410400390682],[124.04390716552734,10.864029884338436],[124.04364013671886,10.86365032196045],[124.04350280761719,10.863240242004508],[124.04332733154297,10.862919807434082],[124.0431900024414,10.862629890441951],[124.04303741455124,10.862369537353572],[124.04284667968795,10.86211967468273],[124.04270172119163,10.861809730529899],[124.04241180419945,10.861579895019645],[124.04206085205078,10.861370086669922],[124.04173278808605,10.861109733581657],[124.04141998291016,10.860870361328068],[124.04122161865234,10.860710144042969],[124.04115295410168,10.860659599304427],[124.04096984863293,10.860429763794002],[124.04077148437511,10.86021995544445],[124.0406112670903,10.860010147094727],[124.04058837890636,10.859979629516602],[124.04055786132858,10.85966968536377],[124.0405502319336,10.859290122985954],[124.0405502319336,10.858830451965446],[124.04055786132858,10.858309745788574],[124.04058074951183,10.8577499389649],[124.04071807861328,10.857219696044979],[124.04081726074253,10.856739997863883],[124.04084014892578,10.856329917907715],[124.04087066650425,10.855990409851074],[124.04090118408203,10.855930328369197],[124.04097747802746,10.85571002960205],[124.04107666015648,10.855420112609977],[124.04110717773438,10.855079650878963],[124.04112243652344,10.854769706726131],[124.04112243652344,10.854700088501033],[124.04120635986362,10.85431957244873],[124.04132843017624,10.85416030883789],[124.04148864746094,10.853949546814079],[124.04167175292969,10.853429794311523],[124.04170227050827,10.853329658508414],[124.0418167114259,10.852890014648438],[124.04193115234386,10.85235977172863],[124.04193878173851,10.851819992065543],[124.04184722900413,10.851300239562988],[124.04151153564499,10.850870132446289],[124.04149627685547,10.850469589233512],[124.04141235351562,10.850079536438102],[124.04141998291016,10.849599838256836],[124.04152679443371,10.84922027587885],[124.04144287109409,10.848979949951172],[124.04084777832031,10.847319602966309],[124.04083251953125,10.84727954864502],[124.04070281982445,10.846710205078239],[124.04048156738293,10.84582996368431],[124.0402069091798,10.844929695129508],[124.03999328613327,10.844030380248967],[124.03991699218784,10.843199729919661],[124.03936767578148,10.842510223388672],[124.03825378417969,10.841540336608887],[124.03740692138672,10.84064960479742],[124.03678894042991,10.84016036987299],[124.03553009033237,10.840020179748592],[124.03489685058639,10.840439796447868],[124.03323364257824,10.840579986572266],[124.03286743164097,10.84037971496582],[124.03260040283249,10.840229988098145],[124.03211212158226,10.838850021362418],[124.03205871582031,10.838290214538574],[124.03196716308594,10.837470054626522],[124.03196716308594,10.836959838867244],[124.03196716308594,10.836150169372786],[124.03204345703159,10.835320472717228],[124.03218841552746,10.835009574890137],[124.03205108642612,10.834050178527946],[124.03199768066418,10.833680152893066],[124.03191375732456,10.83308029174816],[124.03191375732456,10.832320213317928],[124.03163146972668,10.831210136413574],[124.03138732910156,10.830780029296875],[124.031288146973,10.83059024810791],[124.03093719482422,10.829830169677848],[124.03038024902378,10.828789710998649],[124.03028106689464,10.828439712524528],[124.03016662597656,10.82802963256836],[124.0300979614259,10.8271999359132],[124.03009033203136,10.827050209045467],[124.030029296875,10.826029777526799],[124.03016662597656,10.82470989227295],[124.03016662597656,10.82361030578619],[124.03111267089844,10.820280075073299],[124.03111267089844,10.819720268249625],[124.03138732910156,10.819439888000488],[124.03138732910156,10.819169998168945],[124.03360748291016,10.816940307617301],[124.03360748291016,10.816670417785701],[124.03423309326172,10.814399719238338],[124.03436279296875,10.812999725342024],[124.03443908691406,10.81212043762207],[124.0345077514653,10.809700012207145],[124.03443908691406,10.807760238647575],[124.03423309326172,10.806019783020133],[124.03417205810547,10.805700302123967],[124.0341567993164,10.805230140686035],[124.0341567993164,10.80465030670166],[124.03411865234398,10.804050445556697],[124.03394317626999,10.803529739379883],[124.03388977050827,10.803050041198958],[124.03383636474632,10.802669525146541],[124.03368377685547,10.802399635314941],[124.03360748291016,10.802100181579533],[124.03354644775413,10.801799774170036],[124.03338623046909,10.801509857177734],[124.03334045410168,10.801139831543082],[124.03333282470714,10.800709724426213],[124.03331756591842,10.80043983459467],[124.03202819824264,10.800470352172852],[124.03131866455078,10.800169944763297],[124.0302505493164,10.800569534301815],[124.02915191650402,10.800620079040527],[124.02852630615234,10.800809860229549],[124.02790832519565,10.801919937133903],[124.02699279785156,10.80183029174799],[124.02599334716831,10.801930427551326],[124.02504730224643,10.802000045776424],[124.02400970459007,10.801429748535213],[124.0233306884769,10.801420211792049],[124.02282714843795,10.802049636840877],[124.02208709716808,10.802390098572005],[124.02104187011753,10.801799774170036],[124.0195999145509,10.801360130310059],[124.01847076416027,10.801890373230037],[124.01792144775436,10.802590370178223],[124.0169830322269,10.803779602050895],[124.01635742187511,10.803790092468319],[124.01582336425827,10.803660392761344],[124.01529693603516,10.80315971374523],[124.01522064208996,10.802269935607967],[124.01458740234375,10.801420211792049],[124.01374816894531,10.801460266113509],[124.01299285888672,10.801170349121037],[124.01200866699264,10.800290107727164],[124.00926208496094,10.80088996887207],[124.0065612792971,10.801619529724348],[124.00431060791016,10.801340103149471],[124.00321960449241,10.80125999450695],[124.0012130737307,10.801110267639217],[123.99656677246128,10.801969528198299],[123.99420166015625,10.802330017089844],[123.98780822753906,10.80420017242443],[123.9825668334961,10.80535984039318],[123.98066711425827,10.806189537048397],[123.97898101806652,10.806489944458065],[123.97853088378906,10.806819915771484],[123.97796630859375,10.80788993835472],[123.9776229858403,10.809419631957951],[123.97686767578136,10.80967044830328],[123.97592926025402,10.810110092163086],[123.9764862060548,10.811100006103572],[123.97575378417991,10.8123397827149],[123.9751663208009,10.81315994262701],[123.97464752197266,10.813460350036678],[123.97328948974655,10.813429832458553],[123.97168731689453,10.81396961212181],[123.97068023681675,10.81422042846674],[123.96999359130905,10.814180374145451],[123.96881103515625,10.814880371093864],[123.96827697753952,10.815890312194938],[123.9676437377932,10.815759658813477],[123.96676635742199,10.814900398254451],[123.96573638916038,10.814800262451115],[123.96436309814453,10.815039634704704],[123.9634780883789,10.815099716186523],[123.96298980712936,10.815779685974235],[123.96253967285156,10.815400123596419],[123.96228790283237,10.81641960144043],[123.96147155761753,10.817279815673771],[123.96067810058605,10.817150115966797],[123.96013641357456,10.816960334777832],[123.95781707763683,10.816679954528865],[123.95697021484398,10.817259788513411],[123.95725250244163,10.817870140075797],[123.9574966430664,10.818249702453556],[123.95664215087936,10.818940162658691],[123.95680236816406,10.819589614868164],[123.95594024658237,10.819589614868164],[123.95500183105469,10.819620132446516],[123.9544067382817,10.820349693298454],[123.9538803100586,10.821310043335075],[123.95311737060547,10.821780204773063],[123.95274353027355,10.822569847106934],[123.95182037353538,10.823599815368766],[123.95197296142578,10.824549674987793],[123.95191955566452,10.824990272522086],[123.95108032226562,10.825790405273438],[123.95110321044967,10.82621955871582],[123.95097351074264,10.827369689941463],[123.95021057128952,10.828180313110408],[123.94967651367188,10.828180313110408],[123.94877624511719,10.828129768371696],[123.94773101806686,10.828860282898063],[123.94748687744186,10.829400062561149],[123.94741058349643,10.830599784851017],[123.94750976562511,10.83129978179943],[123.94732666015636,10.832489967346191],[123.94690704345749,10.833160400390739],[123.94627380371128,10.833550453186092],[123.94557952880905,10.833950042724666],[123.94523620605491,10.834620475768986],[123.94497680664062,10.836520195007267],[123.94455718994175,10.83716011047369],[123.94406890869152,10.837869644165039],[123.94344329833984,10.83833980560297],[123.94251251220703,10.838509559631404],[123.9417495727539,10.838239669799862],[123.94023132324264,10.837949752807617],[123.93920898437534,10.83782958984375],[123.93842315673828,10.83726024627697],[123.93755340576172,10.8362398147583],[123.93665313720726,10.836460113525618],[123.93640899658203,10.837409973144474],[123.93591308593784,10.83806037902832],[123.93525695800781,10.838720321655273],[123.93483734130882,10.838839530944824],[123.93451690673874,10.839059829711971],[123.9346694946289,10.839759826660156],[123.93446350097679,10.84109973907482],[123.93470001220749,10.841699600219727],[123.93544006347656,10.841870307922477],[123.93586730957043,10.842109680175838],[123.93607330322277,10.84253025054943],[123.93649291992222,10.844039916992301],[123.93746185302734,10.844220161437988],[123.93820190429722,10.844579696655387],[123.93908691406295,10.84465026855463],[123.93968200683605,10.845149993896484],[123.93920898437534,10.84578990936285],[123.93840789794922,10.845990180969295],[123.93766021728516,10.846050262451286],[123.93779754638695,10.846429824829102],[123.93853759765636,10.84702014923107],[123.93923950195312,10.847100257873649],[123.94008636474632,10.848170280456543],[123.94039916992188,10.84862995147705],[123.9406967163086,10.849459648132438],[123.94100952148449,10.850520133972225],[123.94183349609409,10.850850105285758],[123.94213104248047,10.85167026519781],[123.94207000732456,10.852560043335075],[123.94257354736374,10.852879524231184],[123.94267272949219,10.853230476379395],[123.94188690185581,10.85443019866949],[123.94140625000011,10.854840278625602],[123.94097137451172,10.855319976806697],[123.9406967163086,10.855719566345215],[123.94090270996094,10.856780052185172],[123.94051361083984,10.857520103454647],[123.93982696533203,10.857419967651367],[123.93936920166016,10.857370376586971],[123.93879699707031,10.857760429382324],[123.93869018554688,10.858719825744686],[123.93923187255882,10.859649658203182],[123.93958282470714,10.86067008972168],[123.94068145751987,10.86231994628912],[123.94149017333996,10.862660408020133],[123.94158935546886,10.863699913024846],[123.94209289550804,10.864569664001692],[123.9426422119144,10.86443042755127],[123.94339752197277,10.863989830017317],[123.94371032714866,10.86359024047863],[123.94403839111328,10.863909721374569],[123.9441833496096,10.864930152893066],[123.9439468383789,10.865420341491927],[123.94407653808605,10.866209983825684],[123.94454193115246,10.86629962921154],[123.94506835937534,10.866020202636662],[123.94568634033214,10.865909576415959],[123.94635009765636,10.866290092468262],[123.94653320312545,10.86674976348877],[123.94651794433594,10.867480278015137],[123.94645690918003,10.867899894714583],[123.94631958007812,10.86884975433344],[123.94641113281284,10.869549751281852],[123.94642639160156,10.869620323181096],[123.94709777832077,10.870519638061637],[123.9472122192384,10.871700286865234],[123.94650268554688,10.872349739074764],[123.94599914550804,10.873029708862248],[123.94577789306652,10.873399734497127],[123.94586944580078,10.873950004577637],[123.94637298583996,10.87467002868658],[123.94715881347702,10.874979972839412],[123.94761657714866,10.87537956237793],[123.94786071777389,10.87613964080822],[123.94920349121139,10.87749004364025],[123.9508438110355,10.879170417785645],[123.95369720458996,10.881480216980094],[123.95596313476562,10.88570976257347],[123.95659637451172,10.88761043548584],[123.95768737792969,10.889900207519531],[123.96015167236328,10.892600059509505],[123.97309112548874,10.890890121460018],[123.98706817626953,10.888919830322322],[123.98912811279331,10.888569831848201],[123.99080657958996,10.888110160827694],[124.0086593627932,10.88689994812023],[124.00946044921875,10.886409759521541]]]}},{"type":"Feature","properties":{"ID_0":177,"ISO":"PHL","NAME_0":"Philippines","ID_1":25,"NAME_1":"Cebu","ID_2":454,"NAME_2":"Carmen","NL_NAME_2":null,"VARNAME_2":null,"TYPE_2":"Bayan|Munisipyo","ENGTYPE_2":"Municipality","PROVINCE":"Cebu","REGION":"Central Visayas (Region VII)"},"geometry":{"type":"MultiPolygon","coordinates":[[[[124.01683044433605,10.610799789428711],[124.02184295654297,10.609809875488395],[124.02680969238281,10.610280036926326],[124.02668762207077,10.609729766845817],[124.0266571044923,10.609180450439396],[124.026611328125,10.608659744262752],[124.02651977539097,10.608149528503475],[124.02644348144577,10.607649803161848],[124.02660369873047,10.607159614562988],[124.026611328125,10.606579780578613],[124.02664184570358,10.605190277099553],[124.02687072753929,10.604080200195426],[124.02691650390625,10.603810310363826],[124.0271987915039,10.602359771728516],[124.02778625488327,10.601599693298454],[124.02815246582031,10.601129531860295],[124.0283432006836,10.600890159606934],[124.02851104736328,10.600640296936263],[124.02861785888706,10.60035037994379],[124.02870178222656,10.600060462951888],[124.02868652343773,10.599989891052303],[124.02868652343773,10.599849700927678],[124.03044128417969,10.598210334777832],[124.03082275390625,10.597829818725586],[124.0308990478519,10.597749710083008],[124.0318298339846,10.596819877624512],[124.03273773193405,10.595580101013184],[124.03298950195358,10.594360351562614],[124.03302001953125,10.594200134277457],[124.03315734863293,10.591360092163086],[124.03336334228561,10.588179588317928],[124.03328704833984,10.58603954315197],[124.03315734863293,10.584730148315657],[124.03328704833984,10.583550453185978],[124.03378295898438,10.582240104675407],[124.03376007080112,10.581939697265682],[124.03370666503918,10.58141040802002],[124.03318786621128,10.580550193786678],[124.03315734863293,10.58051013946556],[124.03238677978527,10.580030441284293],[124.0322494506836,10.580030441284293],[124.03156280517578,10.580030441284293],[124.03072357177734,10.58051013946556],[124.03044128417969,10.581270217895621],[124.03029632568371,10.58195972442627],[124.03085327148449,10.58230972290039],[124.03127288818405,10.582719802856502],[124.03161621093761,10.583069801330623],[124.03161621093761,10.583760261535872],[124.0314178466798,10.583970069885254],[124.03092956542969,10.584380149841536],[124.03092956542969,10.585069656372184],[124.03161621093761,10.58603954315197],[124.0318298339846,10.586520195007324],[124.03191375732456,10.587349891662711],[124.03191375732456,10.588459968566895],[124.03161621093761,10.589630126953068],[124.03115081787143,10.590149879455794],[124.03111267089844,10.590279579162598],[124.03083038330124,10.590559959411564],[124.0304565429692,10.590559959411564],[124.03028106689464,10.590559959411564],[124.02995300293003,10.590299606323356],[124.02969360351608,10.590089797973633],[124.02941894531261,10.589929580688477],[124.02916717529342,10.589739799499512],[124.0289077758789,10.589599609375114],[124.0286788940432,10.589449882507381],[124.02845764160156,10.589289665222282],[124.02819824218761,10.589159965515137],[124.0273666381836,10.588540077209473],[124.02597045898438,10.588470458984489],[124.02516174316452,10.58897972106945],[124.02498626709018,10.589090347290153],[124.0244369506836,10.5897798538208],[124.0235290527346,10.589989662170524],[124.02282714843795,10.589989662170524],[124.02192687988327,10.589989662170524],[124.0213012695317,10.5897798538208],[124.02026367187511,10.588809967041016],[124.01969146728527,10.587920188903809],[124.01941680908214,10.587340354919434],[124.01927947998047,10.587019920349178],[124.01899719238281,10.586190223693961],[124.01925659179733,10.585300445556754],[124.01934814453125,10.585009574890137],[124.01989746093784,10.584389686584473],[124.02088165283203,10.584039688110408],[124.02192687988327,10.583979606628361],[124.02262115478516,10.583909988403434],[124.02290344238281,10.58362960815424],[124.02326965332065,10.583359718322697],[124.02362823486351,10.583109855651912],[124.02366638183594,10.583080291748047],[124.02413177490234,10.582050323486442],[124.02433776855469,10.581609725952148],[124.02471923828125,10.581299781799316],[124.02516174316452,10.581060409545898],[124.02546691894531,10.58008003234869],[124.0263824462894,10.57952976226818],[124.02700805664062,10.579319953918457],[124.02718353271484,10.578989982605094],[124.0274124145509,10.578550338745117],[124.0273666381836,10.578180313110408],[124.02739715576217,10.577580451965332],[124.02748107910156,10.577300071716365],[124.02755737304688,10.577030181884822],[124.02754974365234,10.57678031921398],[124.02754974365234,10.576629638671989],[124.02738189697266,10.57639026641857],[124.02610015869152,10.575699806213493],[124.02516174316452,10.574899673461971],[124.02512359619152,10.574870109558105],[124.02449798583984,10.574319839477596],[124.0239181518557,10.573909759521428],[124.02314758300804,10.573380470275936],[124.02310180664062,10.57334995269781],[124.02218627929722,10.572239875793457],[124.02178192138672,10.571279525756779],[124.02191162109398,10.570739746093864],[124.02198791503963,10.570400238037166],[124.02218627929744,10.570050239563045],[124.02230072021553,10.569600105285645],[124.02249145507881,10.569210052490462],[124.02271270751953,10.568869590759277],[124.02285003662121,10.568559646606445],[124.02304840087902,10.568340301513786],[124.02333068847713,10.568059921264819],[124.02333068847713,10.567779541015852],[124.0244369506836,10.567779541015852],[124.02471923828125,10.568059921264819],[124.02471923828125,10.568329811096191],[124.0250015258789,10.568610191345329],[124.0250015258789,10.569169998169173],[124.02471923828125,10.569439888000545],[124.02471923828125,10.570560455322322],[124.02528381347656,10.571109771728516],[124.02528381347656,10.57221984863287],[124.02623748779297,10.572230339050293],[124.02720642089889,10.572790145874137],[124.0280532836914,10.573479652404785],[124.02916717529365,10.574440002441406],[124.02971649169933,10.574440002441406],[124.02971649169933,10.573889732361067],[124.02999877929744,10.573610305786417],[124.02999877929744,10.573329925537053],[124.02861022949253,10.57194042205822],[124.0283432006836,10.57194042205822],[124.0283432006836,10.571109771728516],[124.0280532836914,10.570560455322322],[124.02861022949253,10.569999694824162],[124.02861022949253,10.569439888000545],[124.02749633789062,10.568329811096191],[124.02749633789062,10.568059921264819],[124.02722167968761,10.567779541015852],[124.02722167968761,10.567500114441145],[124.02639007568382,10.566670417785588],[124.02583312988281,10.566670417785588],[124.02555847168003,10.566390037536621],[124.02583312988281,10.566109657287825],[124.02583312988281,10.564439773559627],[124.0244369506836,10.56305980682373],[124.02361297607433,10.56305980682373],[124.02337646484375,10.562849998474178],[124.023193359375,10.562700271606673],[124.02313232421932,10.56264972686779],[124.02303314208996,10.562279701233138],[124.02288818359409,10.561860084533691],[124.02297973632812,10.561289787292424],[124.02311706542969,10.560750007629508],[124.02321624755871,10.560540199279785],[124.0233230590826,10.560310363769531],[124.02359008789108,10.560009956359806],[124.02382659912178,10.559800148010481],[124.02410125732445,10.559610366821289],[124.02438354492199,10.559410095215071],[124.02474975585949,10.559359550476188],[124.02509307861328,10.559180259704817],[124.02548980712936,10.55900001525896],[124.02587890625045,10.558850288391056],[124.02625274658249,10.558710098266658],[124.02648925781273,10.558520317077694],[124.02684020996105,10.558389663696403],[124.0270462036134,10.558099746704329],[124.02700805664062,10.55766963958763],[124.02658843994163,10.557279586792049],[124.02599334716854,10.55702018737793],[124.02538299560547,10.556870460510424],[124.02498626709018,10.556599617004395],[124.02478027343818,10.556269645690975],[124.02478027343818,10.555919647217081],[124.02501678466797,10.555560111999455],[124.0254211425787,10.555230140686092],[124.02586364746094,10.554770469665527],[124.02593994140659,10.554089546203556],[124.02575683593784,10.55348968505865],[124.02578735351562,10.553359985351676],[124.02545928955078,10.553279876709098],[124.0223693847662,10.55403995513916],[124.01264190673885,10.558409690857161],[124.00695037841797,10.562020301819018],[124.00417327880882,10.563969612121696],[124.00257873535156,10.564800262451172],[123.99781036376953,10.567709922790527],[123.99658203125,10.568440437316895],[123.99344635009811,10.570030212402344],[123.98766326904331,10.572750091552678],[123.98641204833996,10.573320388793945],[123.9817123413086,10.575420379638615],[123.97048187255871,10.580459594726676],[123.96765136718773,10.581230163574332],[123.96441650390625,10.582539558410645],[123.96153259277378,10.583800315857161],[123.95651245117222,10.585769653320426],[123.95110321044967,10.587599754333553],[123.94840240478516,10.58878040313732],[123.9468765258789,10.589300155639705],[123.94407653808605,10.590229988098201],[123.94139862060558,10.590900421142578],[123.94004058837936,10.591429710388411],[123.93782806396518,10.59197998046875],[123.93467712402344,10.592490196228027],[123.93144989013672,10.592659950256461],[123.92888641357422,10.592570304870549],[123.92635345459007,10.591770172119197],[123.92369079589889,10.59107971191429],[123.92833709716831,10.612649917602596],[123.93176269531261,10.622360229492415],[123.93300628662121,10.627779960632381],[123.93477630615268,10.635689735412598],[123.93636322021507,10.64037036895752],[123.93874359130871,10.640000343322868],[123.94046020507824,10.63930988311779],[123.94341278076206,10.638460159301871],[123.94725799560547,10.637189865112532],[123.9510726928711,10.63599967956543],[123.95456695556652,10.634110450744572],[123.9635620117192,10.630109786987362],[123.96582794189464,10.629380226135254],[123.97189331054733,10.628000259399528],[123.9762115478519,10.62693977355957],[123.97885131835938,10.626119613647688],[123.98108673095714,10.624589920043888],[123.99651336669933,10.618049621581974],[123.99936676025436,10.616909980773926],[124.0069580078125,10.61433029174799],[124.0111236572269,10.612739562988281],[124.01683044433605,10.610799789428711]]]]}},{"type":"Feature","properties":{"ID_0":177,"ISO":"PHL","NAME_0":"Philippines","ID_1":25,"NAME_1":"Cebu","ID_2":455,"NAME_2":"Catmon","NL_NAME_2":null,"VARNAME_2":null,"TYPE_2":"Bayan|Munisipyo","ENGTYPE_2":"Municipality","PROVINCE":"Cebu","REGION":"Central Visayas (Region VII)"},"geometry":{"type":"Polygon","coordinates":[[[124.01490020751953,10.731829643249512],[124.01528930664062,10.731450080871696],[124.01566314697266,10.730830192566032],[124.01570129394565,10.730750083923283],[124.01563262939499,10.730199813842773],[124.01569366455112,10.729240417480582],[124.01570129394565,10.72908973693859],[124.01535034179688,10.728099822998104],[124.0152816772461,10.727390289306754],[124.01526641845737,10.726650238037223],[124.0152816772461,10.725899696350098],[124.0152816772461,10.725159645080623],[124.01526641845737,10.724450111389217],[124.01516723632812,10.723810195922852],[124.01502990722668,10.723299980163631],[124.01499938964889,10.722820281982536],[124.01500701904342,10.722379684448242],[124.01500701904342,10.721249580383358],[124.01500701904342,10.720800399780387],[124.01516723632812,10.720100402831974],[124.0152816772461,10.719539642334212],[124.01529693603516,10.719490051269645],[124.01557159423874,10.718449592590446],[124.01625823974621,10.717780113220158],[124.01631927490234,10.717399597168082],[124.01612091064453,10.717069625854492],[124.0159530639653,10.716770172119084],[124.01590728759788,10.716719627380428],[124.01583862304722,10.716320037841854],[124.01583862304722,10.715940475463924],[124.0158462524414,10.715880393981877],[124.01586151123047,10.715589523315487],[124.01587677001964,10.715270042419547],[124.01587677001964,10.714960098266715],[124.01583862304722,10.71465969085699],[124.01580810546898,10.714590072631836],[124.01573181152344,10.71444034576416],[124.01550292968784,10.713419914245662],[124.01553344726562,10.71300983428955],[124.01538848876999,10.712590217590275],[124.01524353027389,10.712089538574162],[124.0151596069336,10.711939811706657],[124.01499938964889,10.711609840393066],[124.01473236083996,10.711119651794377],[124.01451110839844,10.710590362548885],[124.01439666748047,10.710000038147086],[124.01421356201172,10.709469795227108],[124.0141372680664,10.708919525146598],[124.01403045654297,10.708450317382926],[124.01389312744152,10.708029747009391],[124.01373291015659,10.707610130310115],[124.01358795166027,10.707209587097111],[124.01338958740234,10.70683956146246],[124.013221740723,10.706399917602653],[124.01303100585972,10.705969810485783],[124.0128173828125,10.705550193786735],[124.01277923584018,10.704999923706055],[124.01222229003906,10.704449653625488],[124.01222229003906,10.700909614563102],[124.0124282836914,10.700079917907715],[124.01271057128952,10.699040412902775],[124.0130615234375,10.698579788208121],[124.01313781738304,10.69826984405529],[124.01331329345714,10.697999954223746],[124.01345825195312,10.697660446167049],[124.01354980468784,10.697480201721191],[124.0136489868164,10.697299957275334],[124.01387786865246,10.696960449218807],[124.01407623291027,10.696590423583984],[124.01419830322266,10.696149826049862],[124.01441192626953,10.695690155029524],[124.01457977294922,10.695119857788086],[124.01470184326172,10.694459915161133],[124.01471710205078,10.6936998367309],[124.01471710205078,10.692919731140137],[124.01477813720703,10.69215011596674],[124.01499938964889,10.691470146179427],[124.01525878906284,10.690850257873763],[124.01542663574241,10.690270423889217],[124.01555633544922,10.689729690551985],[124.01567840576172,10.68927001953125],[124.01580810546898,10.68889045715332],[124.01583862304722,10.688520431518612],[124.01590728759788,10.688170433044547],[124.01606750488293,10.687829971313704],[124.01611328125,10.687419891357422],[124.01611328125,10.686960220336857],[124.01611328125,10.686479568481502],[124.01616668701183,10.685979843139648],[124.01635742187511,10.685489654540959],[124.01645660400425,10.684949874877873],[124.01667785644531,10.684430122375488],[124.0168228149414,10.684109687805233],[124.01689910888672,10.68391036987316],[124.01693725585949,10.683320045471135],[124.01693725585949,10.682729721069336],[124.01689147949219,10.68216991424572],[124.01672363281295,10.68167972564703],[124.01661682128906,10.681180000305176],[124.01643371582031,10.68074035644537],[124.01638793945358,10.680319786072005],[124.01641082763706,10.679929733276424],[124.01653289794967,10.679570198059196],[124.01664733886753,10.679200172424373],[124.01676940918014,10.67879962921154],[124.01693725585949,10.678380012512264],[124.01708984375,10.677900314330998],[124.01725006103516,10.677359580993596],[124.0175018310548,10.676839828491268],[124.01777648925781,10.676320075988883],[124.01805877685592,10.675820350647086],[124.01837921142601,10.675370216369629],[124.01872253417969,10.674980163574276],[124.01902770996105,10.674579620361442],[124.01925659179733,10.674160003662166],[124.01947784423828,10.67372035980219],[124.01972961425781,10.673319816589355],[124.01999664306652,10.672940254211426],[124.02027130126987,10.672559738159123],[124.02049255371094,10.672149658203182],[124.02065277099643,10.671699523925781],[124.02081298828125,10.671270370483398],[124.02092742919933,10.670829772949276],[124.0212631225586,10.670559883117733],[124.02136230468784,10.67016983032238],[124.02137756347656,10.669989585876522],[124.02139282226562,10.669730186462346],[124.02143859863304,10.669269561767521],[124.02155303955112,10.66880035400385],[124.02159881591808,10.668450355529785],[124.02159881591808,10.668310165405387],[124.02160644531284,10.667779922485408],[124.02146911621094,10.667280197143555],[124.02140045166016,10.666729927063216],[124.02137756347656,10.66621017456049],[124.02139282226562,10.665789604187125],[124.02111053466842,10.664059638977278],[124.02108001708984,10.661890029907454],[124.0209426879884,10.661479949951172],[124.02085113525425,10.661029815673942],[124.0208663940432,10.660539627075252],[124.0210189819336,10.66007041931175],[124.02114868164085,10.65958023071289],[124.0213012695317,10.659110069274902],[124.02137756347656,10.658659934997502],[124.02143859863304,10.658269882202148],[124.02159118652344,10.657959938049316],[124.02165222167969,10.657649993896484],[124.02166748046875,10.657309532165641],[124.02171325683605,10.65695953369135],[124.0218963623048,10.656660079956112],[124.0219879150394,10.65625],[124.02217102050793,10.655850410461653],[124.022216796875,10.655380249023494],[124.02230834960983,10.654950141906852],[124.02249908447311,10.654629707336426],[124.02269744873081,10.654350280761719],[124.02282714843795,10.65404987335205],[124.0230102539067,10.65380001068138],[124.02316284179688,10.653530120849666],[124.02332305908237,10.65326976776123],[124.02343750000023,10.652959823608398],[124.02358245849655,10.652620315551701],[124.02366638183594,10.652199745178336],[124.02388763427746,10.651809692382756],[124.02413177490234,10.651430130004996],[124.0243606567384,10.651120185852164],[124.0244598388673,10.651009559631404],[124.02455139160168,10.650899887085018],[124.02471923828125,10.65056037902832],[124.0252685546875,10.649439811706543],[124.02590179443371,10.648050308227482],[124.0266571044923,10.646129608154354],[124.02667236328136,10.645730018615666],[124.0266571044923,10.64523029327404],[124.02662658691406,10.644709587097168],[124.02661895751953,10.644610404968375],[124.02660369873047,10.644530296325797],[124.02646636962902,10.643930435180721],[124.02639007568382,10.643429756164608],[124.02632904052768,10.64319038391136],[124.02623748779297,10.642820358276367],[124.02620697021507,10.642729759216365],[124.0261383056644,10.642510414123535],[124.02600860595726,10.64186000823986],[124.02586364746094,10.641329765319881],[124.02583312988281,10.64081954956066],[124.02583312988281,10.6403102874757],[124.02587890625045,10.63976001739502],[124.02616119384766,10.638050079345703],[124.02628326416027,10.637700080871582],[124.02644348144577,10.637220382690543],[124.02706909179733,10.636050224304142],[124.02765655517612,10.635319709777946],[124.02818298339855,10.634670257568416],[124.02880096435581,10.633700370788631],[124.02897644043014,10.6332302093507],[124.0290298461914,10.632989883422795],[124.0291137695317,10.632659912109602],[124.02857971191418,10.63082027435297],[124.0280914306644,10.629639625549373],[124.02787017822266,10.627160072326717],[124.02778625488327,10.626830101013184],[124.02777099609375,10.626509666442928],[124.0276870727539,10.626199722290096],[124.02754211425804,10.625909805297965],[124.02749633789062,10.625559806823674],[124.0274887084961,10.625189781189192],[124.02742004394543,10.624810218811035],[124.02726745605514,10.624420166015625],[124.02722930908214,10.6239595413208],[124.02722930908214,10.623470306396598],[124.02725219726585,10.62300014495844],[124.02735137939476,10.622540473938102],[124.0274887084961,10.622079849243278],[124.02760314941418,10.621589660644759],[124.02774047851562,10.621120452881087],[124.02781677246105,10.620659828186263],[124.02797698974655,10.620329856872502],[124.02802276611374,10.61907958984375],[124.02806091308594,10.617970466613883],[124.0280532836914,10.617639541626204],[124.0280532836914,10.6173095703125],[124.0280532836914,10.616970062255973],[124.0280532836914,10.616570472717285],[124.02806091308594,10.616129875183333],[124.0280532836914,10.615630149841365],[124.02800750732433,10.615079879760799],[124.02783203125045,10.614509582519588],[124.02777862548874,10.61392021179222],[124.02774047851562,10.613349914550781],[124.02758789062545,10.612839698791731],[124.02747344970737,10.612319946289176],[124.02726745605514,10.611829757690487],[124.02713012695324,10.611310005187931],[124.02694702148472,10.610810279846305],[124.02680969238281,10.610280036926326],[124.02184295654297,10.609809875488395],[124.01683044433605,10.610799789428711],[124.0111236572269,10.612739562988281],[124.0069580078125,10.61433029174799],[123.99936676025436,10.616909980773926],[123.99651336669933,10.618049621581974],[123.98108673095714,10.624589920043888],[123.97885131835938,10.626119613647688],[123.9762115478519,10.62693977355957],[123.97189331054733,10.628000259399528],[123.96582794189464,10.629380226135254],[123.9635620117192,10.630109786987362],[123.95456695556652,10.634110450744572],[123.9510726928711,10.63599967956543],[123.94725799560547,10.637189865112532],[123.94341278076206,10.638460159301871],[123.94046020507824,10.63930988311779],[123.93874359130871,10.640000343322868],[123.93636322021507,10.64037036895752],[123.93776702880871,10.646690368652344],[123.93904876708984,10.652460098266602],[123.94032287597656,10.659259796142805],[123.94117736816406,10.667380332946891],[123.94177246093761,10.672180175781364],[123.94233703613327,10.676910400390852],[123.94265747070335,10.680979728698958],[123.94381713867188,10.681409835815487],[123.9440536499028,10.682180404663143],[123.9446487426759,10.682239532470646],[123.94499969482467,10.683030128479231],[123.94489288330078,10.683400154113713],[123.94412994384766,10.683710098266545],[123.94364166259766,10.684040069580135],[123.94454956054722,10.684459686279354],[123.94499969482467,10.684320449829102],[123.94557952880905,10.684920310974178],[123.94519805908249,10.68556022644043],[123.94522857666027,10.686260223388672],[123.9468994140625,10.6879501342774],[123.94862365722702,10.689880371093977],[123.94888305664097,10.69099044799816],[123.94860076904297,10.691880226135368],[123.94925689697311,10.692339897155762],[123.94988250732433,10.69299030303955],[123.94960784912121,10.693559646606502],[123.94911956787121,10.693460464477539],[123.94824218750045,10.693610191345215],[123.94805145263717,10.694310188293457],[123.94857025146507,10.694629669189396],[123.94908142089878,10.695409774780387],[123.94848632812545,10.695380210876692],[123.9483032226567,10.69612979888916],[123.94844818115246,10.69661998748802],[123.947792053223,10.697330474853516],[123.94818115234409,10.698289871215877],[123.94883728027355,10.699029922485352],[123.94812011718784,10.699449539184627],[123.94774627685581,10.700090408325309],[123.94962310791038,10.699790000915584],[123.95085906982445,10.7006196975708],[123.95176696777344,10.701459884643782],[123.95243072509766,10.701569557190055],[123.95227813720714,10.703129768371639],[123.95242309570312,10.703920364379996],[123.95323181152355,10.703689575195256],[123.95437622070324,10.704000473022575],[123.95408630371128,10.70487022399908],[123.95451354980469,10.705630302429313],[123.95555114746139,10.706700325012207],[123.9554672241211,10.707610130310115],[123.95478057861374,10.70903015136713],[123.95500183105469,10.71000957489025],[123.95630645751999,10.710709571838436],[123.95620727539085,10.711720466613826],[123.95657348632847,10.712679862976188],[123.9574966430664,10.71310997009283],[123.95802307128952,10.711660385131779],[123.95825958251953,10.711310386657658],[123.95909118652344,10.712329864502067],[123.95909881591797,10.713330268859977],[123.95909881591797,10.713589668273926],[123.95957946777344,10.713959693908748],[123.9605484008789,10.713419914245662],[123.96137237548828,10.714320182800293],[123.96201324462902,10.71615028381342],[123.96465301513717,10.718629837036076],[123.96504211425793,10.720060348510685],[123.96595764160156,10.720809936523551],[123.96614837646484,10.72136020660406],[123.96572875976597,10.722599983215389],[123.96592712402366,10.723660469055119],[123.9670181274414,10.72346019744873],[123.96795654296909,10.724089622497502],[123.96823120117188,10.724889755249023],[123.96884918212936,10.724720001220817],[123.96925354003918,10.724249839782829],[123.96974182128929,10.724140167236385],[123.97128295898438,10.724639892578239],[123.97207641601562,10.725230216980208],[123.97319030761719,10.725259780883903],[123.97419738769543,10.7255601882934],[123.97421264648449,10.726260185241813],[123.9752578735355,10.728010177612418],[123.9761199951173,10.728280067443961],[123.97744750976574,10.728260040283203],[123.97894287109375,10.728839874267578],[123.98040008544933,10.730139732360954],[123.98159790039062,10.729660034179688],[123.98230743408214,10.730340003967513],[123.9833374023442,10.730270385742188],[123.98465728759766,10.72996997833252],[123.98552703857422,10.730110168457088],[123.9874267578125,10.727999687194767],[123.98798370361362,10.728039741516056],[123.9899597167971,10.72898960113531],[123.99107360839844,10.729280471801871],[123.99527740478527,10.727350234985465],[123.99624633789097,10.727450370788574],[123.99700164794956,10.728070259094238],[123.99709320068371,10.729249954223746],[123.99803924560558,10.729740142822209],[123.99904632568393,10.729559898376579],[123.99952697753906,10.729920387268066],[124.00055694580124,10.730680465698356],[124.00200653076172,10.731140136718864],[124.00305938720737,10.730859756469727],[124.00366973876964,10.729319572448674],[124.00408935546875,10.728940010070914],[124.0058364868164,10.729669570922965],[124.00813293457077,10.730620384216309],[124.00863647460972,10.731349945068416],[124.01007080078136,10.731780052185059],[124.01155090332031,10.731829643249512],[124.01355743408203,10.731690406799373],[124.01422882080078,10.732110023498649],[124.01429748535202,10.732729911804313],[124.01438140869163,10.73262023925787],[124.01480102539062,10.731929779052962],[124.01490020751953,10.731829643249512]]]},"id":5},{"type":"Feature","properties":{"ID_0":177,"ISO":"PHL","NAME_0":"Philippines","ID_1":25,"NAME_1":"Cebu","ID_2":457,"NAME_2":"Compostela","NL_NAME_2":null,"VARNAME_2":null,"TYPE_2":"Bayan|Munisipyo","ENGTYPE_2":"Municipality","PROVINCE":"Cebu","REGION":"Central Visayas (Region VII)"},"geometry":{"type":"Polygon","coordinates":[[[123.98789978027344,10.491909980773869],[123.99149322509788,10.490030288696516],[123.99511718750023,10.486809730529899],[123.99655914306686,10.485850334167537],[123.99806213378918,10.48488998413086],[124.0009384155278,10.483480453491268],[124.00176239013683,10.48268985748291],[124.00462341308605,10.481109619140568],[124.00652313232422,10.478980064392033],[124.00829315185547,10.478509902954102],[124.00956726074219,10.477620124816895],[124.01029205322311,10.476940155029354],[124.01125335693393,10.476289749145565],[124.01197814941418,10.476030349731445],[124.01512145996128,10.474760055541935],[124.01676940918014,10.473649978637752],[124.01821899414062,10.47227954864502],[124.02079772949253,10.470219612121582],[124.02104187011753,10.470020294189453],[124.02092742919933,10.469829559326172],[124.02084350585972,10.469349861145133],[124.02076721191429,10.468870162963867],[124.02056884765636,10.468509674072322],[124.02037811279308,10.468159675598201],[124.02017974853527,10.467789649963322],[124.01994323730469,10.467430114746094],[124.0196762084961,10.467040061950684],[124.01936340332031,10.466679573059196],[124.01915740966797,10.466389656066895],[124.01908874511719,10.46630001068121],[124.01885223388683,10.465900421142692],[124.01860809326172,10.465539932250977],[124.01850891113315,10.465410232544002],[124.01834869384766,10.46520042419445],[124.01812744140659,10.46487045288086],[124.01801300048828,10.464489936828613],[124.01783752441406,10.464150428771916],[124.01770782470714,10.463749885559082],[124.01737213134766,10.4627304077149],[124.01709747314499,10.462389945983944],[124.01687622070312,10.462109565734977],[124.01629638671875,10.461330413818473],[124.0158462524414,10.460900306701774],[124.01555633544922,10.460430145263672],[124.01538848876999,10.460020065307674],[124.01531982421909,10.459589958191032],[124.01524353027389,10.458640098571777],[124.01503753662121,10.457940101623592],[124.0147628784182,10.456009864807129],[124.01445770263683,10.45506954193121],[124.01406097412121,10.453800201416016],[124.01352691650436,10.452560424804688],[124.01332092285168,10.452130317688045],[124.01316833496128,10.451899528503475],[124.0130615234375,10.451729774475211],[124.0128173828125,10.451339721679801],[124.01260375976562,10.450940132141113],[124.01238250732467,10.450530052185172],[124.01217651367199,10.450099945068473],[124.01196289062511,10.449709892272892],[124.01181030273483,10.449319839477539],[124.01177215576183,10.449210166931266],[124.01168060302746,10.44894981384283],[124.01159667968761,10.448579788208008],[124.01141357421886,10.44828033447277],[124.01133728027344,10.448100090027083],[124.01127624511719,10.447959899902344],[124.01110076904297,10.447680473327637],[124.01091766357433,10.447429656982536],[124.0108032226567,10.447119712829704],[124.01062774658214,10.44682979583746],[124.01056671142601,10.446430206298885],[124.01055908203148,10.445980072021484],[124.01053619384777,10.445509910583553],[124.01045989990246,10.445050239562988],[124.01029205322311,10.444580078125057],[124.01019287109375,10.444049835205078],[124.01029968261753,10.44340038299572],[124.01036071777378,10.443209648132438],[124.01051330566406,10.442700386047306],[124.01055908203148,10.441940307617244],[124.01055145263706,10.441180229187012],[124.01035308837925,10.440449714660645],[124.01027679443382,10.439720153808537],[124.01026916503918,10.439009666442928],[124.01027679443382,10.438369750976676],[124.01033020019531,10.437780380249023],[124.01074218750034,10.436169624328727],[124.0108871459961,10.43527984619152],[124.01084899902366,10.43428039550787],[124.01033782958984,10.434430122375545],[124.0101318359375,10.434390068054256],[124.00945281982422,10.433919906616325],[124.00892639160168,10.433520317077637],[124.0079803466798,10.432559967040959],[124.00730133056675,10.431610107421932],[124.00688171386719,10.430600166321028],[124.00646972656295,10.429610252380371],[124.0057373046875,10.428680419921875],[124.00507354736328,10.428500175476188],[124.00457000732467,10.428819656372127],[124.0038223266605,10.429730415344181],[124.00334930419922,10.430529594421444],[124.00305938720737,10.431679725647086],[124.0029907226567,10.432609558105582],[124.00316619873047,10.433580398559798],[124.00383758544922,10.434269905090446],[124.00360107421898,10.435090065002498],[124.00264739990257,10.435199737548942],[124.00208282470749,10.434989929199219],[124.00126647949264,10.435449600219727],[124.00080108642578,10.436539649963379],[124.00068664550781,10.437410354614315],[124.00041961669922,10.437649726867903],[124.00010681152344,10.437840461731184],[123.99951934814453,10.438050270080566],[123.99858093261719,10.43787002563488],[123.99797058105491,10.437239646911621],[123.99736022949219,10.43544006347679],[123.99674987793014,10.434800148010254],[123.99609375,10.43451976776123],[123.99421691894577,10.434479713439998],[123.99334716796875,10.434599876403809],[123.99188232421875,10.435600280761776],[123.99092864990234,10.436149597167969],[123.98973846435547,10.436010360717887],[123.988563537598,10.435370445251465],[123.98748016357445,10.435199737548942],[123.98668670654297,10.435939788818416],[123.9864730834961,10.436690330505371],[123.98594665527378,10.437339782715071],[123.98557281494163,10.438159942626953],[123.98593139648449,10.43887042999279],[123.9867782592778,10.439020156860352],[123.98716735839855,10.439390182495345],[123.98706817626953,10.440010070801009],[123.98664093017624,10.441010475158748],[123.98650360107433,10.441840171813965],[123.98615264892601,10.442999839782715],[123.9861068725586,10.443059921264762],[123.98580169677734,10.44340038299572],[123.98502349853516,10.443739891052246],[123.98362731933594,10.444029808044547],[123.9830017089846,10.444709777832031],[123.98317718505871,10.445899963378963],[123.98401641845703,10.446929931640739],[123.98442077636753,10.447620391845817],[123.9838333129884,10.448140144348372],[123.98285675048828,10.447719573974666],[123.9822998046875,10.447190284728947],[123.98179626464844,10.447039604186955],[123.98069763183605,10.447589874267692],[123.97982788085949,10.448510169982853],[123.97931671142578,10.449009895324707],[123.97844696044956,10.449230194091797],[123.97802734375011,10.449069976806868],[123.97753143310547,10.448769569396973],[123.97637176513672,10.448140144348372],[123.97492980957031,10.447810173034611],[123.97368621826206,10.44783020019554],[123.97325897216808,10.447959899902344],[123.97245025634766,10.448840141296444],[123.97157287597702,10.449609756469783],[123.97046661376953,10.44987010955822],[123.96961975097668,10.449540138244629],[123.9683227539067,10.4493799209597],[123.96750640869186,10.449449539184684],[123.96676635742199,10.449799537658805],[123.96636199951217,10.450570106506461],[123.96597290039062,10.45143985748291],[123.96521759033249,10.452690124511662],[123.96456909179699,10.453310012817326],[123.96402740478538,10.453539848327637],[123.96192932128929,10.45431995391857],[123.96192932128929,10.454930305480957],[123.96272277832031,10.455530166626033],[123.96354675292991,10.455989837646598],[123.96375274658249,10.456780433654785],[123.96351623535168,10.457739830017147],[123.96272277832031,10.458510398864803],[123.96202087402366,10.459420204162598],[123.96241760253952,10.459870338440169],[123.96321105957031,10.45985031127924],[123.96437835693371,10.459930419921818],[123.96472930908203,10.460189819335938],[123.96476745605503,10.460619926452637],[123.9642333984375,10.4612398147583],[123.96337890625034,10.461669921875],[123.96321868896484,10.462679862976017],[123.96347045898438,10.463069915771598],[123.96375274658249,10.463720321655273],[123.96401977539085,10.46422004699707],[123.96392822265648,10.465089797973746],[123.96325683593773,10.46580982208252],[123.96237945556652,10.465880393981934],[123.96111297607422,10.465499877929688],[123.96032714843784,10.465040206909123],[123.95960235595703,10.465129852295036],[123.9581527709961,10.465789794921932],[123.95744323730491,10.466409683227596],[123.95713043212902,10.466679573059196],[123.95684051513683,10.467399597167969],[123.95599365234409,10.468310356140364],[123.95455932617199,10.469109535217228],[123.95423126220737,10.470509529113883],[123.95429992675804,10.471440315246639],[123.9539566040039,10.472149848938045],[123.95319366455078,10.47296047210699],[123.95259857177734,10.473299980163631],[123.95159912109386,10.473750114440861],[123.95115661621139,10.474260330200309],[123.95130157470749,10.475210189819336],[123.95134735107467,10.475859642028865],[123.95079803466831,10.476490020751953],[123.95014190673828,10.476719856262207],[123.94950866699253,10.47692966461176],[123.94895172119163,10.476880073547363],[123.94822692871094,10.476659774780387],[123.94715881347702,10.4762802124024],[123.94625854492199,10.476469993591422],[123.94582366943405,10.476559638977278],[123.94538879394577,10.476810455322209],[123.94477081298828,10.476909637451229],[123.94407653808605,10.476110458373967],[123.94448852539108,10.475390434265194],[123.94470977783203,10.474570274353141],[123.94407653808605,10.47412014007574],[123.94303894042991,10.473990440368766],[123.94233703613327,10.473489761352653],[123.94165802001953,10.472809791564941],[123.94072723388683,10.471710205078239],[123.94003295898438,10.470589637756461],[123.9393234252932,10.46969032287609],[123.93865966796898,10.469280242919979],[123.9376373291019,10.469739913940487],[123.9368515014653,10.47035980224615],[123.93599700927734,10.47039985656744],[123.93520355224643,10.469840049743596],[123.93443298339855,10.46984958648693],[123.93395233154308,10.470330238342285],[123.93401336669956,10.470899581909293],[123.93427276611351,10.47155952453619],[123.93388366699241,10.472319602966252],[123.93322753906295,10.472430229187012],[123.9324417114259,10.472319602966252],[123.93215942382847,10.47200965881342],[123.93190765380893,10.471619606018066],[123.93180847167969,10.470979690551815],[123.93193054199219,10.470629692077694],[123.93231201171875,10.470049858093319],[123.93293762207054,10.469149589538688],[123.93341064453148,10.468580245971907],[123.9333190917971,10.468159675598201],[123.9329605102539,10.467829704284611],[123.93226623535179,10.467900276184082],[123.93212890625,10.467989921569938],[123.93119812011753,10.46881008148199],[123.93036651611374,10.46934032440197],[123.92951202392578,10.46924018859886],[123.92916870117233,10.469189643859977],[123.9279708862307,10.4700803756715],[123.92632293701183,10.472310066223145],[123.92603302001953,10.472920417785701],[123.9254302978519,10.473449707031364],[123.9249191284182,10.473719596862907],[123.92436981201172,10.473270416259822],[123.92357635498081,10.47261047363287],[123.92233276367199,10.472559928894157],[123.9208374023442,10.473190307617244],[123.92057037353516,10.47404956817627],[123.92053222656273,10.474849700927791],[123.92051696777378,10.47620010375988],[123.91940307617188,10.47896957397461],[123.91816711425827,10.48169040679943],[123.91694641113281,10.484000205993652],[123.91593170166027,10.484649658203352],[123.9145736694336,10.485079765319881],[123.9125137329105,10.48561000823986],[123.91094207763672,10.485529899597282],[123.90936279296886,10.485659599304256],[123.90648651123058,10.485679626464787],[123.90418243408249,10.486089706420898],[123.90174102783214,10.486989974975586],[123.90012359619163,10.487890243530387],[123.8988723754884,10.489049911499137],[123.89758300781284,10.4900999069215],[123.89617156982467,10.490790367126579],[123.8954696655278,10.490770339965877],[123.89447021484386,10.490209579467717],[123.89324951171909,10.489480018615836],[123.8926925659182,10.489410400390852],[123.89183044433616,10.489839553833235],[123.89057159423862,10.491000175476131],[123.88957214355503,10.49225997924799],[123.8888168334961,10.493430137634391],[123.89083862304733,10.500289916992415],[123.90210723876964,10.50092983245844],[123.9180908203125,10.501139640808162],[123.9258728027346,10.501399993896598],[123.93647003173874,10.50177001953125],[123.94875335693393,10.502400398254338],[123.9607925415039,10.503390312194881],[123.96749114990234,10.500439643859977],[123.97016906738281,10.499199867248649],[123.98040771484409,10.494589805603141],[123.98789978027344,10.491909980773869]]]}},{"type":"Feature","properties":{"ID_0":177,"ISO":"PHL","NAME_0":"Philippines","ID_1":25,"NAME_1":"Cebu","ID_2":458,"NAME_2":"Consolacion","NL_NAME_2":null,"VARNAME_2":null,"TYPE_2":"Bayan|Munisipyo","ENGTYPE_2":"Municipality","PROVINCE":"Cebu","REGION":"Central Visayas (Region VII)"},"geometry":{"type":"MultiPolygon","coordinates":[[[[123.99389648437534,10.36847972869873],[123.9973068237307,10.366180419921932],[124.00142669677734,10.362669944763184],[124.00254821777366,10.361559867859],[124.00253295898472,10.361519813537711],[124.00306701660156,10.361570358276595],[124.00312805175804,10.361579895019531],[124.00353240966797,10.36161994934082],[124.00392150878906,10.361439704894963],[124.00393676757858,10.36112976074213],[124.00393676757858,10.361089706420842],[124.00393676757858,10.360919952392578],[124.00346374511719,10.360300064086914],[124.00261688232433,10.359669685363826],[124.00222015380905,10.359550476074276],[124.0016098022461,10.359359741210994],[124.00055694580124,10.359149932861328],[124.00039672851562,10.35906982421875],[124.00000000000034,10.358889579773063],[123.99961090087936,10.358880043029728],[123.99912261962913,10.358869552612305],[123.99835205078148,10.358590126037825],[123.99786376953136,10.35851955413824],[123.99752044677768,10.358449935913086],[123.99674987793014,10.358110427856559],[123.9960632324221,10.357830047607422],[123.99556732177746,10.357549667358455],[123.99501037597668,10.357210159301758],[123.9945220947269,10.356789588928223],[123.99291229248058,10.356519699096623],[123.99214935302746,10.356240272521973],[123.99117279052746,10.355890274047852],[123.99054718017578,10.355819702148438],[123.99005889892601,10.355620384216309],[123.98970794677768,10.355409622192496],[123.9890823364259,10.355199813842773],[123.98880004882847,10.354789733886832],[123.98916625976562,10.354439735412711],[123.9894409179692,10.354169845581168],[123.9894409179692,10.353610038757324],[123.98964691162121,10.353409767150879],[123.9897232055664,10.353329658508358],[123.9897232055664,10.353059768676815],[123.98999786376953,10.352780342102278],[123.98999786376953,10.351940155029297],[123.99028015136753,10.351670265197754],[123.99028015136753,10.351389884948958],[123.99054718017578,10.35111045837408],[123.99054718017578,10.350830078124943],[123.9907913208009,10.35060024261486],[123.99083709716842,10.35056018829357],[123.99083709716842,10.350279808044434],[123.99070739746128,10.35015010833763],[123.99054718017578,10.350000381469727],[123.99044036865257,10.350000381469727],[123.99028015136753,10.350000381469727],[123.99019622802734,10.350079536438045],[123.98992156982422,10.350359916687012],[123.98860931396518,10.351670265197754],[123.98860931396518,10.352219581604004],[123.9883270263673,10.352499961853141],[123.9883270263673,10.353329658508358],[123.98805236816429,10.353610038757324],[123.98805236816429,10.353890419006461],[123.98777770996139,10.354169845581168],[123.98750305175781,10.354169845581168],[123.98750305175781,10.354430198669377],[123.98599243164062,10.354319572448844],[123.98529815673874,10.353980064392147],[123.98452758789085,10.35369968414318],[123.98423767089866,10.353590011596737],[123.98403167724643,10.353509902954215],[123.9836196899414,10.353349685669059],[123.9831314086914,10.352800369262638],[123.98304748535156,10.352780342102278],[123.9822235107423,10.351940155029297],[123.98278045654308,10.351389884948958],[123.98304748535156,10.351389884948958],[123.98388671875,10.35056018829357],[123.98444366455078,10.35056018829357],[123.98500061035179,10.350000381469727],[123.98500061035179,10.34916973114025],[123.98444366455078,10.348609924316406],[123.984169006348,10.348609924316406],[123.98304748535156,10.34972000122076],[123.98278045654308,10.34972000122076],[123.9822235107423,10.350279808044434],[123.98194122314487,10.350279808044434],[123.98166656494163,10.35056018829357],[123.98139190673828,10.35056018829357],[123.98110961914108,10.350279808044434],[123.98110961914108,10.350000381469727],[123.98082733154297,10.34972000122076],[123.98082733154297,10.34916973114025],[123.97972106933639,10.348059654236067],[123.97972106933639,10.347780227661246],[123.97944641113293,10.347499847412053],[123.97915649414074,10.347499847412053],[123.97833251953148,10.34832954406744],[123.977783203125,10.34832954406744],[123.97750091552768,10.348609924316406],[123.97721862792969,10.348609924316406],[123.97666931152389,10.34916973114025],[123.97766113281273,10.350159645080566],[123.977783203125,10.350279808044434],[123.977783203125,10.35056018829357],[123.97767639160202,10.350799560546989],[123.97730255126987,10.350729942322005],[123.97691345214889,10.350580215454158],[123.97653198242233,10.350460052490462],[123.9761962890625,10.35056018829357],[123.97583007812534,10.35077953338623],[123.97543334960938,10.350979804992676],[123.9750137329105,10.351180076599235],[123.97464752197266,10.351400375366211],[123.97432708740257,10.35149955749523],[123.97412872314476,10.351389884948958],[123.97402954101574,10.351099967956486],[123.97402954101574,10.351030349731559],[123.9741821289067,10.350589752197266],[123.97416687011719,10.350279808044434],[123.97528076171898,10.349439620971793],[123.97528076171898,10.348609924316406],[123.97471618652344,10.348059654236067],[123.97444152832065,10.34832954406744],[123.97416687011719,10.348059654236067],[123.97389221191406,10.348059654236067],[123.97334289550793,10.348609924316406],[123.97055816650436,10.348609924316406],[123.96916961669945,10.350000381469727],[123.96916961669945,10.350279808044434],[123.96861267089844,10.350830078124943],[123.96888732910179,10.35111045837408],[123.96861267089844,10.351389884948958],[123.96861267089844,10.352219581604004],[123.96916961669945,10.352780342102278],[123.96916961669945,10.353059768676815],[123.96943664550793,10.353329658508358],[123.96971893310558,10.353059768676815],[123.97000122070324,10.353329658508358],[123.97029113769543,10.3533096313476],[123.97045135498047,10.353469848632926],[123.97073364257812,10.353810310363713],[123.97107696533226,10.354229927062988],[123.97149658203125,10.354570388793945],[123.97154998779308,10.35464000701927],[123.97177124023472,10.354920387268066],[123.97177124023472,10.355680465698299],[123.97161102294922,10.355779647827148],[123.97142791748047,10.355890274047852],[123.97142791748047,10.35608959197998],[123.97149658203125,10.356280326843262],[123.97157287597702,10.356439590454102],[123.97184753417991,10.356719970703239],[123.97184753417991,10.357339859008903],[123.97202301025425,10.357649803161735],[123.9721908569336,10.357959747314567],[123.97258758544956,10.358420372009391],[123.97303009033203,10.358929634094352],[123.97316741943393,10.359140396118164],[123.97319793701172,10.359499931335392],[123.97324371337902,10.359970092773551],[123.97277832031284,10.360280036926383],[123.97334289550793,10.360830307006893],[123.97360992431686,10.36056041717535],[123.97370910644531,10.36056041717535],[123.97499847412155,10.36056041717535],[123.97556304931663,10.359999656677246],[123.97583007812534,10.360280036926383],[123.97611236572277,10.360280036926383],[123.97638702392578,10.36056041717535],[123.97611236572277,10.360830307006893],[123.97611236572277,10.361390113830566],[123.97556304931663,10.361940383911076],[123.97556304931663,10.362219810485954],[123.97583007812534,10.36250019073509],[123.97583007812534,10.36277961730957],[123.97528076171898,10.363329887390137],[123.97499847412155,10.363329887390137],[123.97471618652344,10.363610267639274],[123.97444152832065,10.363610267639274],[123.97473907470703,10.36460018157959],[123.97483062744175,10.365099906921444],[123.97499847412155,10.365650177001953],[123.97518157959007,10.366230010986328],[123.97528076171898,10.366399765014762],[123.97541809082031,10.366649627685604],[123.97570037841797,10.366880416870117],[123.9759674072269,10.366900444030875],[123.9761962890625,10.366740226745549],[123.97643280029297,10.366459846496582],[123.97663879394531,10.366239547729435],[123.97675323486328,10.36612987518322],[123.97711944580112,10.3658704757691],[123.97749328613315,10.365779876709098],[123.97770690917969,10.365900039672965],[123.9777526855471,10.36614990234375],[123.97773742675815,10.366459846496582],[123.97776031494163,10.366769790649414],[123.97783660888683,10.36693000793457],[123.97788238525425,10.367010116577092],[123.97805023193405,10.367179870605526],[123.97831726074253,10.367250442504996],[123.97860717773449,10.3673095703125],[123.97888183593784,10.367449760437125],[123.97913360595703,10.367589950561523],[123.97920989990268,10.36763954162609],[123.97942352294922,10.367779731750488],[123.97958374023483,10.367879867553768],[123.9799499511721,10.368060111999625],[123.9800033569336,10.36808967590332],[123.98042297363304,10.36832046508789],[123.98081207275413,10.36847972869873],[123.98120880126953,10.368399620056152],[123.98164367675793,10.368269920349348],[123.98209381103516,10.368100166320914],[123.98253631591797,10.368009567260742],[123.98301696777389,10.3680295944215],[123.98301696777389,10.368590354919434],[123.98269653320347,10.368670463562012],[123.9822769165039,10.368769645690975],[123.98181152343795,10.368940353393555],[123.98148345947311,10.369250297546387],[123.9814224243164,10.369609832763786],[123.98146820068371,10.369979858398438],[123.98152923583984,10.370340347289982],[123.98153686523438,10.370690345764103],[123.98169708251987,10.3710298538208],[123.98193359375034,10.371350288391227],[123.98220062255905,10.3716201782226],[123.98242187500011,10.371919631958008],[123.9825668334961,10.372289657592887],[123.98277282714889,10.372639656066951],[123.9829788208009,10.372980117797965],[123.98323822021484,10.373270034790039],[123.9834213256836,10.37355995178234],[123.98355102539074,10.373820304870605],[123.98359680175815,10.374090194702148],[123.9836196899414,10.374349594116438],[123.98368072509766,10.374609947204704],[123.9838333129884,10.374870300292912],[123.98396301269577,10.37516975402832],[123.98415374755905,10.375479698181152],[123.98429870605514,10.375840187072697],[123.98442077636753,10.376239776611385],[123.98813629150402,10.37320995330822],[123.99047088623081,10.371310234069767],[123.99140167236374,10.370539665222282],[123.99146270751964,10.370490074157715],[123.99389648437534,10.36847972869873]]],[[[123.98184204101574,10.380359649658203],[123.9835662841798,10.377429962158317],[123.98319244384788,10.377739906311149],[123.9829788208009,10.377820014953727],[123.98277282714889,10.37804985046398],[123.98253631591797,10.378310203552246],[123.98230743408214,10.37852001190197],[123.98204040527355,10.3785400390625],[123.98177337646484,10.378350257873535],[123.98150634765659,10.377969741821232],[123.98127746582043,10.377530097961426],[123.98101043701172,10.37724971771246],[123.98068237304699,10.377220153808594],[123.98032379150402,10.377459526062012],[123.9799499511721,10.377719879150447],[123.97963714599621,10.377759933471737],[123.97930145263672,10.377719879150447],[123.97895050048874,10.377579689025879],[123.97860717773449,10.377429962158317],[123.97833251953148,10.377160072326774],[123.978271484375,10.376689910888615],[123.97837829589889,10.376239776611385],[123.97856903076217,10.37588977813732],[123.97872161865234,10.375610351562614],[123.97879791259777,10.37534046173107],[123.97870635986351,10.375069618225211],[123.97859954833996,10.3748197555542],[123.97844696044956,10.374589920043945],[123.97834014892578,10.374380111694393],[123.97820281982433,10.374210357665959],[123.97799682617233,10.37407016754156],[123.97782135009777,10.373900413513127],[123.97769165039097,10.373689651489485],[123.97757720947266,10.373479843139592],[123.97753906250011,10.373229980468807],[123.97721862792969,10.373060226440543],[123.97693634033203,10.37277984619135],[123.97638702392578,10.3725004196167],[123.97611236572277,10.372220039367733],[123.97583007812534,10.372220039367733],[123.97444152832065,10.370829582214412],[123.97444152832065,10.370280265808333],[123.97416687011719,10.369999885559196],[123.97395324707031,10.369500160217399],[123.97357177734375,10.369290351867676],[123.97313690185547,10.36896991729742],[123.97270965576217,10.368659973144588],[123.97236633300781,10.368359565734863],[123.97210693359386,10.368009567260742],[123.97197723388672,10.367549896240234],[123.97184753417991,10.367280006408691],[123.97177886962925,10.367070198059139],[123.97184753417991,10.366860389709586],[123.97184753417991,10.36485958099371],[123.97203063964866,10.364654541015682],[123.97234344482456,10.364100456237793],[123.97234344482456,10.363750457763672],[123.97206115722656,10.363470077514705],[123.97210693359386,10.363300323486442],[123.97219848632824,10.362919807434196],[123.9722671508789,10.362509727478027],[123.97219848632824,10.362019538879338],[123.97189331054733,10.361339569092024],[123.9716491699221,10.360799789428768],[123.97135162353527,10.360190391540527],[123.97096252441418,10.359789848327864],[123.97077941894543,10.359609603881836],[123.97020721435558,10.359609603881836],[123.96987152099643,10.359809875488224],[123.96923828125011,10.360429763793888],[123.96896362304722,10.360919952392578],[123.96865844726608,10.361140251159725],[123.96840667724632,10.361330032348746],[123.96806335449219,10.361680030822868],[123.96784973144531,10.362019538879338],[123.96749877929688,10.36244010925293],[123.96701049804722,10.362850189209041],[123.96687316894565,10.362850189209041],[123.96643829345737,10.362360000610352],[123.96621704101585,10.362219810485954],[123.96604919433628,10.362000465393123],[123.9660110473634,10.361669540405217],[123.96587371826172,10.361040115356445],[123.96559906005905,10.360699653625488],[123.96553039550815,10.36056041717535],[123.96531677246094,10.360349655151367],[123.9651107788086,10.36001014709484],[123.96497344970726,10.359939575195426],[123.96427154541061,10.359939575195426],[123.96392059326183,10.359589576721305],[123.96382141113315,10.359439849853572],[123.96272277832031,10.359109878540039],[123.96202850341842,10.358690261840934],[123.96176147460938,10.358420372009391],[123.9589233398442,10.364839553833008],[123.95567321777344,10.368200302124023],[123.95482635498047,10.37001037597679],[123.95287322998092,10.373020172119254],[123.94465637207043,10.375439643859863],[123.942626953125,10.37675952911377],[123.93985748291061,10.378820419311467],[123.93576049804688,10.381620407104549],[123.93052673339855,10.384819984435978],[123.92755889892578,10.391130447387638],[123.92666625976562,10.393529891967773],[123.92585754394565,10.397060394287223],[123.92548370361362,10.39918041229248],[123.92489624023449,10.401000022888184],[123.92445373535202,10.40299034118658],[123.92449188232422,10.40575027465826],[123.92478942871139,10.414340019226302],[123.92505645751953,10.418820381164664],[123.92537689208996,10.428239822387923],[123.92539978027366,10.434339523315373],[123.92569732666016,10.451629638671932],[123.92687988281295,10.450050354003906],[123.9287261962894,10.447469711303825],[123.93208312988327,10.44287014007574],[123.93435668945324,10.438810348510799],[123.93753814697266,10.433059692382812],[123.94241333007812,10.425559997558707],[123.94304656982445,10.424579620361328],[123.9467163085942,10.419770240783691],[123.9487075805664,10.416979789733944],[123.95069885253906,10.41489028930664],[123.95355987548828,10.411199569702262],[123.95683288574264,10.407239913940373],[123.95767974853516,10.406250000000227],[123.96788787841842,10.395640373230208],[123.97000885009777,10.393280029297102],[123.9713134765625,10.391920089721737],[123.97564697265659,10.387350082397518],[123.97856903076217,10.38397026062006],[123.98184204101574,10.380359649658203]]]]}},{"type":"Feature","properties":{"ID_0":177,"ISO":"PHL","NAME_0":"Philippines","ID_1":25,"NAME_1":"Cebu","ID_2":460,"NAME_2":"Daanbantayan","NL_NAME_2":null,"VARNAME_2":null,"TYPE_2":"Bayan|Munisipyo","ENGTYPE_2":"Municipality","PROVINCE":"Cebu","REGION":"Central Visayas (Region VII)"},"geometry":{"type":"MultiPolygon","coordinates":[[[[124.0622482299807,11.278889656066838],[124.06226348876953,11.278570175170898],[124.06233215332043,11.278240203857706],[124.06249237060592,11.277899742126522],[124.06272125244152,11.277540206909293],[124.06285858154297,11.277090072631893],[124.0626831054692,11.276470184326229],[124.06281280517635,11.275959968566951],[124.06307983398449,11.27550983428955],[124.06345367431686,11.27509975433361],[124.06388854980537,11.274789810180778],[124.06407928466865,11.274479866027946],[124.06410217285156,11.27445030212408],[124.06400299072266,11.274029731750716],[124.06371307373081,11.273650169372559],[124.06334686279297,11.273349761963061],[124.06302642822266,11.27309989929222],[124.0627670288086,11.272879600524902],[124.06252288818371,11.272689819335938],[124.06230926513717,11.272470474243448],[124.06211853027389,11.272210121155013],[124.06189727783203,11.271909713745117],[124.06160736084018,11.271610260009709],[124.0612869262701,11.271269798278922],[124.06099700927746,11.270879745483512],[124.06070709228572,11.270540237426815],[124.06050109863281,11.270219802856388],[124.0603332519537,11.269929885864485],[124.0592727661134,11.269680023193473],[124.05877685546875,11.269399642944336],[124.05861663818416,11.268879890442122],[124.05847930908203,11.2685098648073],[124.05845642089844,11.268400192260856],[124.05835723877021,11.268090248108024],[124.05834960937568,11.267829895019588],[124.05828857421875,11.267399787902946],[124.05821990966808,11.267259597778548],[124.0581588745124,11.266819953918741],[124.05803680419979,11.266320228576717],[124.05780029296909,11.266229629516545],[124.05753326416061,11.266090393066634],[124.05738830566429,11.265810012817496],[124.05687713623047,11.265600204467773],[124.05661773681652,11.26533031463623],[124.05654907226562,11.265049934387264],[124.05654907226562,11.2645902633667],[124.0565414428711,11.264499664306925],[124.05763244628906,11.26397991180437],[124.0577163696289,11.263839721679972],[124.05737304687511,11.263279914855957],[124.05724334716797,11.262729644775618],[124.05724334716797,11.262040138244629],[124.05687713623047,11.261420249938965],[124.05660247802746,11.261139869689998],[124.05639648437545,11.2608003616333],[124.05632781982479,11.260519981384334],[124.05632781982479,11.260250091552962],[124.0570983886721,11.259559631347656],[124.05737304687511,11.259469985961971],[124.0577163696289,11.25934982299816],[124.05793762207043,11.25934982299816],[124.05876922607422,11.25934982299816],[124.05975341796909,11.259360313415584],[124.06008148193393,11.259099960327148],[124.06047058105503,11.258870124816895],[124.06086730957031,11.258580207824934],[124.06124114990234,11.258159637451229],[124.06130981445312,11.257650375366438],[124.0615234375,11.257229804992733],[124.06263732910179,11.256679534912223],[124.06360626220703,11.256540298461914],[124.06416320800804,11.256759643554744],[124.06462860107433,11.256890296936035],[124.0651016235355,11.256939888000431],[124.06555175781295,11.256950378418026],[124.0659637451173,11.256950378418026],[124.06635284423851,11.256939888000431],[124.06668853759811,11.256939888000431],[124.06701660156273,11.256970405578613],[124.06732940673862,11.257089614868164],[124.06775665283214,11.257260322570858],[124.06842041015636,11.257300376892147],[124.06890869140659,11.257209777831974],[124.06920623779308,11.257140159607047],[124.06941223144577,11.25695991516119],[124.06964111328125,11.256669998169059],[124.06993103027389,11.25631046295166],[124.06996154785168,11.25625038146984],[124.07018280029342,11.25586032867443],[124.07019805908237,11.255459785461426],[124.0702133178711,11.255330085754622],[124.07005310058628,11.254839897155762],[124.06990814208984,11.254389762878532],[124.06971740722656,11.254030227661133],[124.06952667236328,11.253700256347713],[124.06935119628906,11.25337028503418],[124.06912231445335,11.253069877624625],[124.0688705444336,11.252799987793082],[124.06862640380871,11.25255012512207],[124.06841278076217,11.252269744873104],[124.06822967529308,11.251930236816406],[124.06803131103561,11.251560211181754],[124.06775665283214,11.251190185546932],[124.06742858886719,11.25084018707281],[124.06704711914062,11.250499725341797],[124.06670379638683,11.250129699707145],[124.06640625,11.249739646911564],[124.06617736816452,11.249340057373047],[124.06609344482422,11.248880386352539],[124.06594848632824,11.24845027923584],[124.06578063964866,11.248040199279899],[124.06549835205101,11.247699737548885],[124.06523895263706,11.247329711914062],[124.06495666503906,11.2469997406007],[124.064697265625,11.246720314025993],[124.0644683837894,11.24647045135498],[124.06429290771484,11.246210098266602],[124.0641326904298,11.24590015411377],[124.06395721435581,11.245550155639648],[124.06390380859409,11.245030403137434],[124.06384277343761,11.244440078735465],[124.06363677978561,11.243849754333496],[124.06347656250011,11.243229866027832],[124.06329345703136,11.242679595947266],[124.06316375732422,11.242150306701774],[124.06295013427768,11.241769790649528],[124.06265258789062,11.241499900817985],[124.06244659423851,11.241209983825684],[124.06221008300781,11.240929603576888],[124.06194305419933,11.240659713745174],[124.06166839599643,11.240369796752873],[124.0613937377932,11.240070343017635],[124.06111145019554,11.239760398864803],[124.06083679199264,11.239450454711971],[124.06057739257812,11.239130020141545],[124.06038665771484,11.23876953125],[124.06011962890625,11.238479614257926],[124.05977630615257,11.238240242004508],[124.05947113037121,11.237970352172965],[124.05917358398449,11.237689971923828],[124.05885314941406,11.237409591674862],[124.05848693847702,11.237190246581974],[124.05814361572277,11.23694038391119],[124.05777740478561,11.2366695404055],[124.05741882324253,11.236379623413029],[124.05705261230469,11.236049652099837],[124.05668640136719,11.235659599304256],[124.05634307861351,11.235210418701172],[124.05592346191406,11.23480033874523],[124.05551147460972,11.234399795532227],[124.05513763427734,11.234009742736816],[124.05481719970726,11.23359012603754],[124.05451965332043,11.233169555664006],[124.0541229248048,11.232810020446777],[124.0537109375,11.232480049133414],[124.05332946777344,11.232139587402571],[124.05294036865234,11.2318496704101],[124.05251312255893,11.231610298156738],[124.05207061767612,11.23139953613287],[124.05156707763695,11.231209754944075],[124.05104064941406,11.231069564819336],[124.05053710937545,11.230839729309082],[124.05003356933628,11.230589866638411],[124.04953002929733,11.230330467224121],[124.04910278320312,11.22998046875],[124.0487670898442,11.229570388794059],[124.04860687255871,11.229049682617188],[124.04847717285156,11.228540420532283],[124.04823303222679,11.228119850158691],[124.0479431152346,11.227800369262923],[124.04766082763695,11.227510452270451],[124.04741668701172,11.227239608764648],[124.04721069335938,11.226969718933105],[124.04705810546886,11.226759910583553],[124.04699707031273,11.226690292358398],[124.04685211181686,11.226329803466854],[124.0466537475586,11.225979804992733],[124.04640960693393,11.2256698608399],[124.04621887207065,11.225350379943961],[124.04608917236374,11.22500038146984],[124.04598236083984,11.22461032867426],[124.04606628417969,11.224149703979606],[124.04609680175827,11.223600387573185],[124.04609680175827,11.223030090332145],[124.04605865478516,11.222490310669059],[124.04592895507824,11.222029685974178],[124.04588317871094,11.221830368042106],[124.0458221435548,11.221599578857536],[124.04579162597656,11.221139907836971],[124.04570770263717,11.220649719238281],[124.04564666748081,11.22056961059576],[124.04541778564453,11.220219612121639],[124.04521942138672,11.219790458679256],[124.04534149169933,11.219360351562727],[124.04560852050781,11.218950271606445],[124.04554748535168,11.218520164489746],[124.0454330444336,11.218159675598201],[124.04519653320358,11.217909812927246],[124.0448684692384,11.217760086059684],[124.0445327758789,11.217599868774414],[124.04415893554688,11.21747016906744],[124.04382324218761,11.217269897460994],[124.04347991943405,11.217060089111271],[124.04322052001953,11.216759681701774],[124.04311370849643,11.216389656066895],[124.0430831909182,11.215970039367676],[124.04286193847668,11.215570449829158],[124.04257202148438,11.21516036987299],[124.04232025146507,11.214699745178166],[124.0422592163086,11.214179992675838],[124.04232788085983,11.21372985839838],[124.04250335693371,11.213410377502441],[124.0426635742192,11.213129997253645],[124.04267883300793,11.213089942932356],[124.04273223876987,11.212800025939885],[124.04280853271484,11.212409973144531],[124.04295349121094,11.212010383606014],[124.04299926757812,11.211569786071891],[124.04290008544967,11.211139678955021],[124.04271697998092,11.210740089416504],[124.0424575805664,11.21037960052496],[124.04213714599655,11.210049629211426],[124.04178619384766,11.209739685058594],[124.04141235351562,11.20946979522705],[124.04105377197277,11.209230422973633],[124.0406875610355,11.20901966094982],[124.04032135009788,11.208809852600098],[124.03996276855469,11.208550453186149],[124.0396194458009,11.208209991455135],[124.03929901123081,11.207810401916618],[124.03898620605491,11.207420349121037],[124.03872680664097,11.207039833068961],[124.03842163085938,11.206740379333723],[124.03787994384766,11.206859588623274],[124.03752899169933,11.206660270690975],[124.03752899169933,11.206170082092285],[124.037391662598,11.205209732055664],[124.03726196289085,11.204489707946891],[124.0372467041019,11.204449653625602],[124.03720092773472,11.203169822692985],[124.03694915771496,11.202790260315169],[124.03678894042991,11.202429771423454],[124.03690338134766,11.202070236206055],[124.03717041015648,11.201700210571403],[124.03745269775413,11.201310157775993],[124.03768157958984,11.200860023498592],[124.03775787353561,11.20032024383545],[124.03774261474632,11.199740409851074],[124.03764343261741,11.199190139770735],[124.03753662109386,11.19867038726801],[124.03752899169933,11.198189735412654],[124.03758239746128,11.19773006439209],[124.03768920898438,11.19727993011486],[124.03771972656261,11.196860313415641],[124.03772735595714,11.19678974151617],[124.03764343261741,11.196269989013615],[124.03765106201195,11.196209907531966],[124.03756713867233,11.1957302093507],[124.03765869140625,11.195219993591309],[124.0379333496096,11.194809913635368],[124.03811645507824,11.194370269775334],[124.03827667236374,11.193920135498104],[124.03833007812545,11.193420410156477],[124.03833007812545,11.192930221557617],[124.03833007812545,11.192460060119686],[124.03833770751987,11.19198036193859],[124.03836822509766,11.191479682922477],[124.03848266601574,11.190959930419922],[124.03859710693382,11.190409660339412],[124.03868865966808,11.189860343933333],[124.03865051269577,11.189310073852653],[124.03868103027355,11.188790321350098],[124.03880310058594,11.188449859619084],[124.03880310058594,11.188349723815975],[124.03887939453136,11.187939643859863],[124.03885650634777,11.18770980834961],[124.03885650634777,11.187560081481877],[124.03874206542969,11.187210083007756],[124.03859710693382,11.186840057373274],[124.03843688964844,11.186429977416992],[124.03836059570312,11.185930252075138],[124.03838348388683,11.185370445251522],[124.03849029541027,11.184840202331543],[124.03854370117188,11.184720039367676],[124.03869628906273,11.184359550476131],[124.038818359375,11.183859825134505],[124.03884124755905,11.183369636535645],[124.03884124755905,11.183329582214355],[124.03887939453136,11.182829856872559],[124.03898620605491,11.18235969543457],[124.03913116455078,11.181969642639217],[124.0392074584961,11.181579589843807],[124.03919219970703,11.181440353393498],[124.03914642333996,11.18120002746582],[124.03884887695358,11.180820465087834],[124.0384521484375,11.180470466613713],[124.03810882568371,11.180089950561637],[124.03784942626953,11.179699897766056],[124.03772735595714,11.179309844970703],[124.03761291503906,11.178950309753418],[124.0375213623048,11.178549766540641],[124.03743743896518,11.178050041198787],[124.03723907470714,11.177510261535872],[124.03701019287143,11.176919937133903],[124.03681945800815,11.176349639892805],[124.03674316406295,11.175840377807674],[124.03679656982467,11.175410270691032],[124.0368423461914,11.175049781799316],[124.0367202758789,11.174719810485897],[124.03661346435592,11.174369812011776],[124.03645324707031,11.174079895019531],[124.03642272949264,11.174039840698242],[124.03621673584007,11.173720359802303],[124.03601837158214,11.173419952392578],[124.0358123779298,11.173170089721737],[124.03565979003952,11.172909736633358],[124.03565216064499,11.17269039154047],[124.03565216064499,11.17261028289795],[124.03584289550827,11.17218017578125],[124.03607940673828,11.17166996002203],[124.03623199462936,11.171070098877067],[124.03607940673828,11.170439720153809],[124.0360488891605,11.170379638671989],[124.03589630126953,11.170060157775822],[124.03579711914108,11.169859886169434],[124.03550720214844,11.16934013366722],[124.035400390625,11.168999671936092],[124.03534698486362,11.168820381164494],[124.03534698486362,11.168519973754996],[124.03534698486362,11.168330192565975],[124.03547668457065,11.167900085449332],[124.03555297851585,11.167449951171932],[124.03556823730469,11.166990280151367],[124.03559112548828,11.166520118713436],[124.03563690185558,11.166210174560604],[124.03566741943393,11.166099548339844],[124.03566741943393,11.166049957275618],[124.03587341308594,11.165630340576172],[124.0361328125,11.165249824523926],[124.03639221191418,11.16487026214594],[124.03661346435592,11.164469718933162],[124.03668212890659,11.164030075073356],[124.03649139404331,11.163599967956657],[124.03623199462936,11.163169860839787],[124.03616333007812,11.163000106811523],[124.03604125976608,11.16271018981945],[124.03605651855503,11.162549972534123],[124.03610229492222,11.162249565124625],[124.03621673584007,11.161879539489746],[124.03634643554688,11.161589622497672],[124.03636932373092,11.161270141601506],[124.03632354736328,11.160989761352539],[124.0362930297855,11.160650253295842],[124.03634643554688,11.160360336303768],[124.03633880615234,11.16030025482172],[124.03640747070335,11.159919738769645],[124.03645324707031,11.159489631652775],[124.03653717041016,11.159000396728572],[124.03665924072266,11.158470153808594],[124.03659057617199,11.157939910888615],[124.03634643554688,11.157469749450684],[124.03604125976608,11.157050132751408],[124.03591156005893,11.156889915466309],[124.0357131958009,11.156649589538631],[124.03563690185558,11.156120300292912],[124.03575134277344,11.155550003051871],[124.03589630126953,11.154930114746207],[124.03601837158214,11.154410362243652],[124.03604125976608,11.15429973602295],[124.03603363037155,11.153630256652832],[124.03591156005893,11.152959823608455],[124.03584289550827,11.152509689331055],[124.03582000732433,11.152350425720215],[124.03579711914108,11.152299880981559],[124.03563690185558,11.151700019836426],[124.0356063842778,11.15116024017334],[124.03558349609375,11.150719642639388],[124.03556060791016,11.150239944458121],[124.03555297851585,11.149789810180891],[124.03556060791016,11.14933967590332],[124.03556060791016,11.149259567260742],[124.03555297851585,11.148909568786621],[124.03547668457065,11.148489952087402],[124.0352935791019,11.148130416870117],[124.03507995605514,11.147800445556754],[124.03494262695312,11.147459983825797],[124.03475952148449,11.147150039672965],[124.03457641601597,11.14678955078125],[124.03439331054722,11.146409988403434],[124.0341796875,11.146059989929313],[124.03395843505893,11.14579010009777],[124.03372955322277,11.145620346069336],[124.03343963623081,11.145560264587516],[124.03311157226562,11.145669937133732],[124.0326614379884,11.145799636840877],[124.03247833251987,11.14568996429449],[124.03227233886719,11.145569801330794],[124.03199768066418,11.144860267639274],[124.03176879882812,11.144410133361873],[124.03177642822266,11.143890380859489],[124.03192901611351,11.143440246582259],[124.03204345703159,11.143050193786678],[124.0318832397461,11.14274978637701],[124.03163909912132,11.142600059509277],[124.03160858154308,11.142580032348746],[124.03146362304733,11.142569541931152],[124.03128051757847,11.142560005187988],[124.03095245361362,11.142680168151855],[124.0306167602539,11.14286994934082],[124.03060913085938,11.143050193786678],[124.03043365478516,11.143389701843375],[124.02960205078125,11.143409729003906],[124.02954864501999,11.143409729003906],[124.02944946289085,11.143409729003906],[124.029296875,11.143130302429427],[124.02903747558605,11.142629623413313],[124.02866363525425,11.142270088195914],[124.0283203125,11.14186954498291],[124.02812194824219,11.14142036437994],[124.0280532836914,11.140979766845703],[124.02797698974655,11.140569686889762],[124.02783966064499,11.140199661254883],[124.02781677246105,11.139789581298942],[124.02786254882812,11.13938045501709],[124.02787017822266,11.139329910278434],[124.02776336669922,11.138879776000977],[124.02761840820324,11.138460159301758],[124.02745819091842,11.138059616089095],[124.02722930908214,11.137680053710938],[124.0271224975586,11.13749980926508],[124.02699279785156,11.137269973754996],[124.02675628662143,11.136799812316895],[124.0265808105471,11.136529922485295],[124.02646636962902,11.136360168457088],[124.02617645263683,11.135919570922965],[124.02587127685592,11.135560035705566],[124.02558135986328,11.13512039184576],[124.02555847168003,11.135060310363713],[124.02541351318371,11.13473033905035],[124.02538299560547,11.134659767150879],[124.02523803710972,11.13418006896984],[124.02507019042969,11.133700370788574],[124.0250015258789,11.133250236511344],[124.02496337890648,11.133197784423828],[124.0248718261721,11.133099555969295],[124.0196762084961,11.135510444641113],[124.0161590576173,11.142689704894963],[124.00981903076172,11.154609680175781],[124.00209808349643,11.169989585876579],[123.99851989746105,11.170579910278548],[123.99046325683628,11.178179740905762],[123.98689270019565,11.181229591369856],[123.97519683837936,11.192070007324276],[123.96791839599621,11.199020385742301],[123.96543121337902,11.201620101928825],[123.9652099609375,11.2018404006958],[123.96160888671886,11.20557022094738],[123.96150970458984,11.205659866333065],[123.96135711669945,11.205780029296875],[123.96143341064464,11.205829620361328],[123.9619369506836,11.206110000610465],[123.96278381347679,11.206939697265682],[123.96305847168003,11.206939697265682],[123.96415710449219,11.20806026458746],[123.96444702148438,11.20806026458746],[123.96472167968784,11.208330154419002],[123.96499633789062,11.208330154419002],[123.96555328369163,11.208889961242619],[123.96555328369163,11.209170341491813],[123.96611022949253,11.209719657898006],[123.96749877929688,11.21082973480219],[123.96778106689453,11.21082973480219],[123.9680786132817,11.211130142211914],[123.96861267089844,11.211669921875],[123.96861267089844,11.211720466613883],[123.96861267089844,11.211939811706543],[123.96909332275436,11.212420463562125],[123.96943664550793,11.212779998779524],[123.96971893310558,11.212779998779524],[123.97028350830078,11.213330268859863],[123.97083282470703,11.213330268859863],[123.97110748291016,11.21360969543457],[123.97165679931663,11.21360969543457],[123.97334289550793,11.21527957916254],[123.97334289550793,11.215559959411735],[123.97389221191406,11.216110229492415],[123.97471618652344,11.216110229492415],[123.97528076171898,11.216670036315918],[123.97556304931663,11.216670036315918],[123.97583770751987,11.216939926147461],[123.97611236572277,11.216939926147461],[123.97638702392578,11.216939926147461],[123.97666931152389,11.217220306396598],[123.97693634033203,11.217220306396598],[123.97833251953148,11.218609809875431],[123.98043060302757,11.220089912414664],[123.98210144042969,11.221329689025993],[123.98406219482422,11.222990036010856],[123.98545837402355,11.224229812622184],[123.9872207641605,11.225560188293514],[123.98753356933639,11.225859642028922],[123.9883804321289,11.226710319519157],[123.98860931396518,11.22694015502941],[123.98860931396518,11.22721958160406],[123.98911285400436,11.227720260620174],[123.98999786376953,11.228610038757381],[123.98999786376953,11.228890419006404],[123.99054718017578,11.229439735412598],[123.99054718017578,11.229720115661564],[123.99083709716842,11.229999542236442],[123.99083709716842,11.231109619140625],[123.99063110351585,11.231309890747013],[123.99054718017578,11.231389999389762],[123.99083709716842,11.231659889221305],[123.99083709716842,11.231940269470272],[123.99111175537132,11.232219696044979],[123.99111175537132,11.232500076293945],[123.99186706542991,11.233269691467285],[123.99194335937511,11.233329772949332],[123.99194335937511,11.233429908752441],[123.99194335937511,11.23361015319847],[123.99272918701195,11.234399795532227],[123.99339294433616,11.23505973815918],[123.99416351318382,11.235830307006836],[123.99416351318382,11.236109733581486],[123.99430847167969,11.236260414123478],[123.99445343017624,11.23639011383068],[123.99445343017624,11.2366695404055],[123.99500274658214,11.23721981048584],[123.99500274658214,11.237500190734806],[123.99527740478527,11.237779617309684],[123.99500274658214,11.23805999755865],[123.99500274658214,11.238329887390194],[123.99555206298874,11.238889694213867],[123.99555206298874,11.239170074463004],[123.9958267211914,11.239439964294377],[123.9958267211914,11.240019798278752],[123.9958267211914,11.241390228271712],[123.99610900878906,11.241669654846248],[123.99610900878906,11.242219924926758],[123.99639129638672,11.242500305175895],[123.99639129638672,11.242779731750602],[123.99667358398438,11.243060111999569],[123.99667358398438,11.245869636535758],[123.99667358398438,11.247500419616813],[123.99694824218784,11.247779846191634],[123.99694824218784,11.24806022644043],[123.99722290039062,11.248330116271973],[123.99722290039062,11.24860954284668],[123.99749755859398,11.248889923095817],[123.99749755859398,11.249170303344783],[123.99752807617222,11.249199867248649],[123.99777984619163,11.249440193176326],[123.99777984619163,11.25],[123.99752807617222,11.250249862671012],[123.99749755859398,11.250280380249137],[123.99749755859398,11.250530242919979],[123.99749755859398,11.251110076904524],[123.99733734130893,11.251270294189453],[123.99722290039062,11.25139045715332],[123.99723052978516,11.251950263977164],[123.99694824218784,11.252220153808707],[123.99694824218784,11.252499580383358],[123.99719238281284,11.252750396728516],[123.99722290039062,11.252779960632381],[123.99722290039062,11.253149986267204],[123.99722290039062,11.25333023071289],[123.99722290039062,11.25347042083763],[123.99722290039062,11.255000114440861],[123.9971313476567,11.255089759826774],[123.99694824218784,11.255279541015739],[123.99694824218784,11.255559921264705],[123.99610900878906,11.256409645080623],[123.99610900878906,11.257220268249569],[123.99639129638672,11.257499694824446],[123.99610900878906,11.257780075073242],[123.99639129638672,11.258060455322209],[123.99639129638672,11.259719848632812],[123.99610900878906,11.26000022888195],[123.99610900878906,11.260560035705623],[123.9958267211914,11.260829925537166],[123.9958267211914,11.261389732360783],[123.99555206298874,11.261670112609977],[123.99555206298874,11.263299942016658],[123.99555206298874,11.264169692993164],[123.99527740478527,11.264439582824707],[123.99527740478527,11.26455020904541],[123.99527740478527,11.265560150146484],[123.99545288085938,11.265729904174918],[123.9958267211914,11.266110420226994],[123.9958267211914,11.266389846801871],[123.99610900878906,11.266670227050838],[123.99610900878906,11.266869544983138],[123.99610900878906,11.266949653625545],[123.99643707275425,11.2672700881958],[123.99653625488293,11.267379760742188],[123.99667358398438,11.267499923706055],[123.99667358398438,11.267539978027344],[123.99667358398438,11.267780303955192],[123.99694824218784,11.268059730529899],[123.99694824218784,11.268610000610579],[123.99777984619163,11.269439697265625],[123.99777984619163,11.2700004577639],[123.99804687500011,11.270279884338436],[123.99804687500011,11.270830154418945],[123.99916839599655,11.271940231323299],[123.99944305419922,11.271940231323299],[123.9997329711914,11.271670341491756],[123.9997329711914,11.27138996124279],[123.99992370605469,11.271200180053768],[124.00000000000034,11.271109580993596],[124.00013732910168,11.271300315856877],[124.0009002685548,11.272279739379996],[124.00166320800793,11.271940231323299],[124.00221252441406,11.272020339965877],[124.0025634765625,11.271940231323299],[124.00282287597668,11.271769523620549],[124.00332641601562,11.271739959716854],[124.00390625,11.271679878234863],[124.00453948974621,11.271690368652457],[124.00512695312523,11.271699905395621],[124.00572967529331,11.271519660949764],[124.00631713867188,11.271360397338924],[124.00694274902366,11.271180152893066],[124.00737762451217,11.271140098571777],[124.00759124755871,11.27112007141119],[124.00826263427768,11.271109580993596],[124.00830841064453,11.271109580993596],[124.0088882446289,11.271109580993596],[124.00950622558605,11.271109580993596],[124.01013946533203,11.271129608154354],[124.01055908203148,11.271109580993596],[124.01139068603527,11.27138996124279],[124.01167297363281,11.271109580993596],[124.01194763183639,11.271109580993596],[124.01212310791016,11.270939826965332],[124.01222229003906,11.270830154418945],[124.0131072998048,11.270830154418945],[124.01526641845737,11.270830154418945],[124.01555633544922,11.270540237426815],[124.01638793945358,11.270560264587402],[124.0165710449221,11.270380020141715],[124.01667022705101,11.270279884338436],[124.01693725585949,11.270279884338436],[124.01699829101562,11.27025032043457],[124.01756286621094,11.270279884338436],[124.0180435180664,11.270279884338436],[124.01820373535156,11.270279884338436],[124.01882934570324,11.270299911499137],[124.01902770996105,11.27011966705345],[124.01940917968761,11.270130157470703],[124.0196228027346,11.27013969421381],[124.02001190185592,11.270270347595272],[124.02050018310547,11.270480155944824],[124.02050018310547,11.270819664001522],[124.02043151855469,11.271369934082031],[124.02043151855469,11.271789550781307],[124.02084350585972,11.272270202636662],[124.02147674560547,11.272890090942326],[124.02210235595726,11.27295970916748],[124.02274322509777,11.273440361023063],[124.02279663085938,11.274060249328727],[124.02304840087902,11.27493953704834],[124.02330780029297,11.27527046203619],[124.02356719970703,11.275589942932129],[124.02381134033214,11.275910377502555],[124.02395629882812,11.276300430297965],[124.02416992187511,11.276610374450797],[124.02436828613293,11.27694034576416],[124.02454376220749,11.277319908142317],[124.02468872070312,11.277770042419547],[124.02468872070312,11.278300285339355],[124.02462005615234,11.278790473938216],[124.02488708496094,11.27919960021967],[124.02532958984386,11.279640197753963],[124.02548217773438,11.279780387878361],[124.02583312988281,11.280099868774528],[124.02644348144577,11.28015041351324],[124.02693176269531,11.279850006103516],[124.02677154541038,11.279680252075423],[124.02781677246105,11.279129981994743],[124.0282363891605,11.279060363769759],[124.02879333496139,11.279330253601131],[124.02887725830101,11.279330253601131],[124.0296325683596,11.279330253601131],[124.02983856201172,11.279470443725529],[124.03047180175793,11.279470443725529],[124.03085327148449,11.27892017364502],[124.03089141845749,11.278849601745605],[124.03144836425804,11.27836990356451],[124.03214263916016,11.27836990356451],[124.03305053710972,11.278440475464095],[124.03395843505893,11.278440475464095],[124.03514862060581,11.2784299850465],[124.03569030761719,11.278510093689079],[124.03579711914108,11.278519630432186],[124.03623962402378,11.278579711914006],[124.03677368164074,11.278499603271484],[124.03730010986328,11.27836990356451],[124.03735351562511,11.278360366821346],[124.03790283203136,11.278329849243221],[124.03849029541027,11.278329849243221],[124.03901672363281,11.278380393981934],[124.03948974609409,11.278570175170898],[124.03997039794922,11.278610229492188],[124.0404434204105,11.278479576110897],[124.04070281982445,11.278409957885799],[124.04097747802746,11.278409957885799],[124.04132843017624,11.278479576110897],[124.04167938232422,11.278479576110897],[124.04203033447288,11.278550148010368],[124.04237365722656,11.278690338134766],[124.04258728027378,11.278809547424316],[124.04328155517624,11.278889656066838],[124.04354095459018,11.278949737548885],[124.04398345947266,11.279029846191634],[124.04425048828159,11.278940200805721],[124.04440307617199,11.278889656066838],[124.04496002197277,11.27882003784191],[124.04544830322322,11.278889656066838],[124.04586791992188,11.278889656066838],[124.04628753662155,11.278960227966309],[124.04705810546886,11.279100418091048],[124.04744720458996,11.279459953308105],[124.0477371215826,11.279729843139648],[124.04818725585983,11.279859542846623],[124.04868316650402,11.279970169067553],[124.04923248291016,11.279999732971191],[124.04930114746094,11.280030250549544],[124.04979705810547,11.280099868774698],[124.04989624023438,11.280229568481673],[124.0500411987307,11.28042984008789],[124.05082702636719,11.280650138855208],[124.05090332031273,11.280690193176326],[124.0511779785162,11.280690193176326],[124.05166625976585,11.280830383300895],[124.05222320556652,11.280969619750977],[124.05249786376964,11.281109809875545],[124.05333709716842,11.28125],[124.0536117553711,11.281390190124739],[124.05500030517601,11.281459808349666],[124.0558319091798,11.282219886779728],[124.05610656738281,11.282219886779728],[124.05695343017578,11.283060073852539],[124.05750274658203,11.283060073852539],[124.05777740478584,11.283329963684082],[124.05832672119152,11.283329963684082],[124.05860900878963,11.283610343933049],[124.0595932006836,11.284299850463867],[124.06004333496105,11.284600257873592],[124.06060791015636,11.285010337829704],[124.06165313720714,11.285140037536848],[124.06375885009822,11.286199569702148],[124.064697265625,11.2859401702882],[124.06472015380916,11.285690307617188],[124.06474304199219,11.285409927368221],[124.06439208984375,11.284580230712834],[124.06416320800804,11.284370422363509],[124.06388854980537,11.284130096435604],[124.063720703125,11.283780097961483],[124.0636215209961,11.283359527587947],[124.06352996826172,11.282890319824276],[124.06331634521553,11.282460212707804],[124.06291961669945,11.282320022583235],[124.06250762939464,11.28217983245844],[124.06243133544979,11.281909942626896],[124.06243133544979,11.28162956237793],[124.06250762939464,11.281080245971907],[124.06257629394531,11.280059814453239],[124.0624771118164,11.279600143432674],[124.06230926513717,11.279239654540959],[124.0622482299807,11.278889656066838]]]]}},{"type":"Feature","properties":{"ID_0":177,"ISO":"PHL","NAME_0":"Philippines","ID_1":25,"NAME_1":"Cebu","ID_2":462,"NAME_2":"Danao City","NL_NAME_2":null,"VARNAME_2":null,"TYPE_2":"Lungsod|Siyudad","ENGTYPE_2":"City","PROVINCE":"Cebu","REGION":"Central Visayas (Region VII)"},"geometry":{"type":"Polygon","coordinates":[[[124.02236938476597,10.55403995513916],[124.02545928955078,10.553279876709098],[124.02578735351562,10.553359985351676],[124.02583312988281,10.553119659423771],[124.02583312988281,10.552840232849121],[124.02617645263683,10.552619934082145],[124.02667236328136,10.552309989929313],[124.02863311767578,10.552029609680176],[124.02967071533203,10.551899909973372],[124.03035736083984,10.55259037017828],[124.03064727783249,10.553420066833496],[124.03073120117188,10.55362987518322],[124.03079223632812,10.553770065307617],[124.03092193603516,10.554109573364315],[124.03161621093761,10.554730415344238],[124.03231811523438,10.554800033569393],[124.03273773193405,10.554659843444824],[124.03357696533237,10.554320335388127],[124.0343399047855,10.554109573364315],[124.03475952148449,10.554869651794547],[124.03482818603516,10.555910110473746],[124.03475952148449,10.557359695434798],[124.0340270996096,10.558130264282454],[124.03392028808605,10.558259963989258],[124.03357696533237,10.559149742126465],[124.03343200683628,10.559849739074707],[124.03343200683628,10.560950279235954],[124.03365325927734,10.561429977416992],[124.03420257568393,10.561849594116438],[124.03504180908214,10.561369895935172],[124.03545379638695,10.56011962890625],[124.03579711914108,10.557700157165584],[124.03566741943393,10.556739807129134],[124.03594207763672,10.555489540100211],[124.03649902343773,10.55459022521967],[124.03662109375034,10.55397987365734],[124.03713226318405,10.551340103149357],[124.03677368164074,10.549360275268555],[124.03663635253906,10.548720359802303],[124.03681182861362,10.548100471496639],[124.03706359863315,10.547200202942008],[124.03691864013672,10.546299934387207],[124.03574371337913,10.545749664306697],[124.03469085693382,10.545189857483024],[124.03424072265625,10.544710159301758],[124.03357696533237,10.54401969909668],[124.03341674804688,10.543560028076286],[124.03328704833984,10.54319953918457],[124.03325653076195,10.543160438537598],[124.0330734252932,10.542579650878906],[124.03292846679733,10.542189598083496],[124.0330734252932,10.54220008850092],[124.03289794921875,10.541830062866268],[124.03278350830101,10.541419982910156],[124.0326614379884,10.540960311889592],[124.03247070312511,10.540479660034407],[124.03230285644554,10.53993988037115],[124.03217315673874,10.539349555969352],[124.03193664550781,10.538869857788086],[124.03166961669956,10.53843021392828],[124.03134918212913,10.538009643554688],[124.03099060058594,10.53765010833763],[124.03096771240257,10.537619590759334],[124.0304565429692,10.537320137023926],[124.03029632568371,10.536899566650334],[124.03024291992188,10.536439895629996],[124.03006744384811,10.536040306091309],[124.02993011474655,10.535619735717717],[124.02976226806675,10.535240173339957],[124.02971649169933,10.534830093383846],[124.02971649169933,10.534429550171012],[124.02971649169933,10.534130096435604],[124.02971649169933,10.534070014953556],[124.02971649169933,10.53372955322277],[124.0297470092778,10.533379554748649],[124.02987670898483,10.53302001953125],[124.0300216674807,10.532580375671444],[124.03027343750011,10.532150268554744],[124.03053283691406,10.531709671020451],[124.03079223632812,10.531310081481934],[124.03102874755905,10.53092002868658],[124.03130340576172,10.530619621276855],[124.03164672851608,10.529999732971191],[124.03221130371116,10.529479980468807],[124.03276824951183,10.529040336609],[124.03305816650425,10.528639793395996],[124.03327941894531,10.528109550476017],[124.03325653076195,10.527759552001953],[124.03325653076195,10.527469635009993],[124.03292083740234,10.52694034576416],[124.03269195556663,10.526630401611328],[124.03265380859375,10.526590347290039],[124.03253173828125,10.52641963958746],[124.03222656250045,10.525859832763672],[124.03193664550781,10.525340080261458],[124.03166961669956,10.52484035491949],[124.03143310546886,10.524330139160213],[124.03125762939476,10.523759841918945],[124.03111267089844,10.523170471191634],[124.03095245361362,10.522589683532772],[124.03086853027355,10.5223197937014],[124.03077697753929,10.522040367126579],[124.0305633544923,10.52157020568859],[124.03031921386764,10.52112007141136],[124.03015899658203,10.520660400390625],[124.02987670898483,10.520290374755973],[124.02957153320347,10.519969940185547],[124.0293426513673,10.519610404968319],[124.02915191650402,10.519249916076774],[124.02896118164074,10.518939971923942],[124.02889251708984,10.51863002777111],[124.02887725830101,10.518309593200684],[124.02889251708984,10.517950057983455],[124.02889251708984,10.517910003662166],[124.02889251708984,10.517499923705998],[124.02887725830101,10.516940116882381],[124.02887725830101,10.516860008239973],[124.02883911132812,10.516289710998535],[124.02868652343773,10.515729904174918],[124.02866363525425,10.515609741211051],[124.02852630615234,10.514880180358944],[124.02837371826183,10.514349937439022],[124.02829742431663,10.514129638671875],[124.0280914306644,10.513409614563102],[124.0280532836914,10.51266956329357],[124.02808380126964,10.511980056762752],[124.02821350097702,10.511380195617676],[124.02831268310547,10.510849952697868],[124.02837371826183,10.51033973693842],[124.02855682373058,10.509909629821777],[124.02871704101562,10.509469985961971],[124.0289077758789,10.509059906005803],[124.02916717529342,10.508709907531738],[124.02944946289085,10.508379936218319],[124.0297470092778,10.50806045532238],[124.0300979614259,10.50772953033453],[124.03041076660156,10.507340431213436],[124.0307388305664,10.506930351257267],[124.03106689453148,10.506500244140625],[124.0313720703125,10.506019592285213],[124.03163909912132,10.50553035736084],[124.03192901611351,10.505069732666016],[124.03233337402344,10.50471019744873],[124.03270721435547,10.504110336303825],[124.03289794921875,10.50255012512207],[124.03298950195358,10.501830101013297],[124.03305816650425,10.500240325927848],[124.03296661376964,10.498390197753963],[124.0327987670903,10.497779846191463],[124.03263092041016,10.497130393981934],[124.03227996826183,10.496560096740836],[124.03195190429688,10.49594974517828],[124.03161621093761,10.495329856872615],[124.03130340576172,10.494739532470646],[124.03096771240257,10.494190216064453],[124.03064727783249,10.49368953704834],[124.03040313720726,10.493189811706486],[124.03014373779331,10.49275016784668],[124.02995300293003,10.492329597473145],[124.0297470092778,10.491950035095158],[124.02960205078125,10.49155044555664],[124.02944183349632,10.49116039276123],[124.02925872802757,10.490759849548454],[124.02909851074219,10.489680290222395],[124.02874755859386,10.488920211791992],[124.02773284912132,10.488349914550724],[124.02749633789062,10.487919807434082],[124.02726745605514,10.487640380859375],[124.02716064453148,10.48733997344965],[124.0271224975586,10.487239837646541],[124.02691650390625,10.486820220947322],[124.0266571044923,10.486359596252498],[124.02639007568382,10.485859870910645],[124.02610778808616,10.485289573669377],[124.02583312988281,10.484700202941895],[124.02551269531261,10.484129905700627],[124.02516174316452,10.483619689941406],[124.02483367919922,10.483169555664176],[124.02448272705101,10.482760429382324],[124.02416229248092,10.48235988616949],[124.02382659912155,10.481989860534668],[124.02349090576172,10.481679916381836],[124.02317810058594,10.481389999389762],[124.02291870117188,10.481109619140568],[124.02269744873081,10.480859756469783],[124.02250671386753,10.480620384216536],[124.02233123779297,10.480380058288688],[124.02220916748047,10.480079650878963],[124.02204132080078,10.47980976104759],[124.02192687988327,10.479519844055119],[124.02176666259766,10.479249954223576],[124.02168273925827,10.478949546814079],[124.02163696289062,10.478599548339957],[124.02149200439499,10.478289604187125],[124.02137756347656,10.477959632873535],[124.02121734619152,10.477620124816895],[124.02115631103561,10.47735977172863],[124.02113342285168,10.477239608764592],[124.02111053466842,10.476819992065543],[124.02108001708984,10.476380348205566],[124.02095794677757,10.475950241088867],[124.02085113525425,10.475509643554744],[124.02084350585972,10.475049972534237],[124.02084350585972,10.47461032867443],[124.02084350585972,10.47418022155773],[124.02084350585972,10.473759651184196],[124.02082824707031,10.473329544067326],[124.02084350585972,10.472880363464412],[124.02085876464866,10.47239971160883],[124.02097320556686,10.471899986267204],[124.02098846435581,10.471779823303166],[124.02105712890648,10.471369743347395],[124.02113342285168,10.470820426940975],[124.02118682861328,10.470290184021053],[124.02104187011753,10.470020294189453],[124.02079772949253,10.470219612121582],[124.01821899414062,10.47227954864502],[124.01676940918014,10.473649978637752],[124.01512145996128,10.474760055541935],[124.01197814941418,10.476030349731445],[124.01125335693393,10.476289749145565],[124.01029205322311,10.476940155029354],[124.00956726074219,10.477620124816895],[124.00829315185547,10.478509902954102],[124.00652313232422,10.478980064392033],[124.00462341308605,10.481109619140568],[124.00176239013683,10.48268985748291],[124.0009384155278,10.483480453491268],[123.99806213378918,10.48488998413086],[123.99655914306686,10.485850334167537],[123.99511718750023,10.486809730529899],[123.99149322509788,10.490030288696516],[123.98789978027344,10.491909980773869],[123.98040771484409,10.494589805603141],[123.97016906738281,10.499199867248649],[123.96749114990234,10.500439643859977],[123.9607925415039,10.503390312194881],[123.94875335693393,10.502400398254338],[123.93647003173874,10.50177001953125],[123.9258728027346,10.501399993896598],[123.9180908203125,10.501139640808162],[123.90210723876964,10.50092983245844],[123.89083862304733,10.500289916992415],[123.89054107666016,10.50115966796875],[123.89026641845749,10.501580238342285],[123.88907623291016,10.50170993804943],[123.88803100585983,10.501859664916935],[123.88646697998058,10.502030372619856],[123.8849334716798,10.50294017791748],[123.88432312011719,10.503820419311523],[123.88506317138695,10.504549980163802],[123.88658142089866,10.504460334777946],[123.8874664306644,10.504249572753906],[123.88799285888683,10.504770278930778],[123.88773345947288,10.505319595336971],[123.88678741455078,10.505940437317122],[123.88538360595703,10.506019592285213],[123.88490295410156,10.505979537963924],[123.88432312011719,10.506770133972168],[123.88417816162121,10.507679939270076],[123.88440704345749,10.509050369262695],[123.88506317138695,10.51033973693842],[123.8861770629884,10.510270118713493],[123.8866195678711,10.511090278625716],[123.88646697998058,10.511930465698356],[123.88588714599621,10.512749671936149],[123.8846206665039,10.512760162353572],[123.88356018066406,10.513339996337947],[123.88130950927746,10.51331996917719],[123.88123321533237,10.513839721679744],[123.88217163085949,10.514820098876953],[123.88303375244152,10.516150474548454],[123.88249206543014,10.51723957061779],[123.88202667236328,10.517379760742188],[123.88124084472679,10.517370223999023],[123.88014984130905,10.517149925231934],[123.87931060791027,10.517580032348576],[123.87850189209018,10.517640113830623],[123.8782882690432,10.51858997344982],[123.87716674804722,10.519450187683162],[123.87539672851574,10.51959037780756],[123.87454223632824,10.518919944763184],[123.8737182617192,10.518320083618278],[123.87309265136764,10.518280029296989],[123.87245941162143,10.518950462341536],[123.87129211425781,10.518429756164494],[123.8705062866211,10.51710033416748],[123.86937713623047,10.516830444335938],[123.86810302734375,10.51624011993431],[123.86747741699219,10.514909744262638],[123.86643981933605,10.51529979705822],[123.8662567138673,10.516730308532829],[123.86615753173862,10.51778984069847],[123.86612701416016,10.518110275268555],[123.86564636230469,10.519289970398063],[123.86480712890625,10.520279884338379],[123.86424255371105,10.522150039672965],[123.86414337158214,10.522680282592773],[123.8636474609375,10.523260116577148],[123.86160278320335,10.524230003356934],[123.86003112792969,10.524470329284611],[123.85896301269531,10.523209571838436],[123.85820770263672,10.524069786071777],[123.85906219482422,10.525810241699219],[123.85968780517601,10.52639007568365],[123.86073303222668,10.526479721069336],[123.86163330078125,10.527700424194563],[123.86147308349621,10.5281600952149],[123.86222076416061,10.52925968170166],[123.86179351806663,10.529780387878532],[123.86148071289074,10.530229568481445],[123.86244964599621,10.530949592590389],[123.8631362915039,10.532460212707576],[123.86205291748058,10.533129692077637],[123.86074829101608,10.533220291137638],[123.86062622070347,10.534469604492301],[123.85955047607467,10.534310340881461],[123.85854339599632,10.534339904785156],[123.8578567504884,10.535770416259766],[123.8579330444336,10.536479949951286],[123.85730743408226,10.538020133972111],[123.85743713378906,10.539239883423079],[123.85730743408226,10.540519714355526],[123.85695648193393,10.54143047332775],[123.85704040527344,10.541950225830135],[123.857421875,10.54209995269781],[123.8582916259769,10.54218006134056],[123.85846710205124,10.541919708251953],[123.85854339599632,10.541399955749625],[123.85880279541027,10.540670394897688],[123.85930633544945,10.540450096130371],[123.85952758789062,10.540929794311637],[123.85939788818371,10.541330337524471],[123.85987091064487,10.54158973693859],[123.86029815673828,10.541090011596793],[123.86065673828125,10.54088020324707],[123.86110687255871,10.541270256042424],[123.8612670898442,10.541970252990666],[123.86199188232422,10.54209995269781],[123.86248016357456,10.541600227356184],[123.8631362915039,10.542010307312125],[123.86292266845737,10.54246997833252],[123.86334991455078,10.543259620666618],[123.86356353759811,10.543359756469727],[123.86399078369186,10.543709754943848],[123.86414337158214,10.54413986206049],[123.86476135253952,10.544420242309627],[123.86521148681675,10.543990135192985],[123.86538696289074,10.543510437011719],[123.8653564453125,10.54284954071045],[123.86554718017578,10.542249679565543],[123.86627960205124,10.542090415954704],[123.8665771484375,10.542759895324764],[123.86689758300781,10.542969703674316],[123.86766052246094,10.542830467224235],[123.86817932128929,10.542599678039664],[123.86878204345737,10.542110443115234],[123.86891937255871,10.541449546814022],[123.86872863769543,10.541210174560604],[123.86834716796886,10.541609764099121],[123.8676910400394,10.541410446167049],[123.86766052246094,10.540740013122672],[123.86785888671875,10.540229797363224],[123.86740112304699,10.539819717407454],[123.86736297607422,10.53876972198492],[123.86802673339844,10.538789749145508],[123.86855316162121,10.538479804992676],[123.86924743652344,10.537469863891602],[123.86987304687511,10.537070274353255],[123.8709411621096,10.53610038757347],[123.87084197998058,10.535869598388729],[123.86985015869186,10.535699844360295],[123.86992645263706,10.53518009185791],[123.86958312988293,10.534440040588436],[123.86982727050781,10.53372955322277],[123.87059020996094,10.534199714660758],[123.8717727661134,10.53262996673584],[123.87264251709018,10.532779693603572],[123.87336730957031,10.533379554748649],[123.87423706054733,10.533209800720215],[123.8747787475586,10.533109664917106],[123.87571716308616,10.533349990844783],[123.87634277343795,10.532750129699707],[123.87721252441418,10.531599998474235],[123.87773895263706,10.531620025634766],[123.87792205810592,10.531949996948356],[123.87760925293003,10.532290458679142],[123.8778762817384,10.53256988525402],[123.87879943847656,10.532910346984806],[123.8791732788086,10.532739639282283],[123.87951660156284,10.532429695129451],[123.88037872314464,10.532719612121525],[123.88085937500023,10.532620429992733],[123.88147735595703,10.532449722290153],[123.88188934326183,10.532050132751465],[123.88152313232433,10.531439781188908],[123.88197326660156,10.53059005737316],[123.88246917724621,10.530500411987305],[123.88313293457065,10.53059005737316],[123.88317108154297,10.529780387878532],[123.88314056396518,10.529419898986816],[123.88392639160156,10.529060363769588],[123.884521484375,10.529660224914664],[123.8849334716798,10.528510093689022],[123.88542938232456,10.528169631958065],[123.88583374023438,10.52855014801031],[123.88587951660202,10.529069900512695],[123.88633728027344,10.529350280761832],[123.88680267333984,10.52888011932373],[123.88725280761741,10.52810001373291],[123.88762664794933,10.527899742126522],[123.88829040527378,10.528949737548828],[123.88913726806652,10.529879570007324],[123.88945007324241,10.530670166015739],[123.89021301269554,10.53098011016857],[123.8908309936528,10.531399726867619],[123.89087677001976,10.532090187072754],[123.89140319824264,10.532779693603572],[123.89203643798874,10.53302001953125],[123.89627075195312,10.53302001953125],[123.89684295654297,10.533349990844783],[123.89849853515636,10.534500122070426],[123.89851379394577,10.535400390625057],[123.89845275878906,10.536339759826717],[123.89898681640648,10.537199974060059],[123.89942932128918,10.537879943847713],[123.89946746826217,10.53880977630621],[123.90039825439464,10.539349555969352],[123.90141296386719,10.539730072021598],[123.90187072753906,10.540300369262695],[123.90196228027378,10.540960311889592],[123.90187072753906,10.542650222778377],[123.90223693847656,10.54407978057884],[123.90219116210938,10.545929908752555],[123.9022827148442,10.547109603881836],[123.9024429321289,10.547360420227164],[123.90339660644531,10.548819541931152],[123.90455627441406,10.55066967010498],[123.90550994873047,10.551580429077262],[123.90667724609386,10.552490234375],[123.90753173828125,10.553460121154785],[123.90823364257835,10.554969787597656],[123.90883636474643,10.555749893188477],[123.91731262207031,10.576600074768294],[123.91845703125,10.579689979553336],[123.92011260986328,10.58335018157959],[123.92369079589889,10.59107971191429],[123.92635345459007,10.591770172119197],[123.92888641357422,10.592570304870549],[123.93144989013672,10.592659950256461],[123.93467712402344,10.592490196228027],[123.93782806396518,10.59197998046875],[123.94004058837936,10.591429710388411],[123.94139862060558,10.590900421142578],[123.94407653808605,10.590229988098201],[123.9468765258789,10.589300155639705],[123.94840240478516,10.58878040313732],[123.95110321044967,10.587599754333553],[123.95651245117222,10.585769653320426],[123.96153259277378,10.583800315857161],[123.96441650390625,10.582539558410645],[123.96765136718773,10.581230163574332],[123.97048187255871,10.580459594726676],[123.9817123413086,10.575420379638615],[123.98641204833996,10.573320388793945],[123.98766326904331,10.572750091552678],[123.99344635009811,10.570030212402344],[123.99658203125,10.568440437316895],[123.99781036376953,10.567709922790527],[124.00257873535156,10.564800262451172],[124.00417327880882,10.563969612121696],[124.00695037841797,10.562020301818848],[124.01264190673862,10.55840969085699],[124.02236938476597,10.55403995513916]]]}},{"type":"Feature","properties":{"ID_0":177,"ISO":"PHL","NAME_0":"Philippines","ID_1":25,"NAME_1":"Cebu","ID_2":467,"NAME_2":"Liloan","NL_NAME_2":null,"VARNAME_2":null,"TYPE_2":"Bayan|Munisipyo","ENGTYPE_2":"Municipality","PROVINCE":"Cebu","REGION":"Central Visayas (Region VII)"},"geometry":{"type":"Polygon","coordinates":[[[123.95079803466831,10.476490020751953],[123.95134735107467,10.475859642028865],[123.95130157470749,10.475210189819336],[123.95115661621139,10.474260330200309],[123.95159912109386,10.473750114440861],[123.95259857177734,10.473299980163631],[123.95319366455078,10.47296047210699],[123.9539566040039,10.472149848938045],[123.95429992675804,10.471440315246639],[123.95423126220737,10.470509529113883],[123.95455932617199,10.469109535217228],[123.95599365234409,10.468310356140364],[123.95684051513683,10.467399597167969],[123.95713043212902,10.466679573059196],[123.95744323730491,10.466409683227596],[123.9581527709961,10.465789794921932],[123.95960235595703,10.465129852295036],[123.96032714843784,10.465040206909123],[123.96111297607422,10.465499877929688],[123.96237945556652,10.465880393981934],[123.96325683593773,10.46580982208252],[123.96392822265648,10.465089797973746],[123.96401977539085,10.46422004699707],[123.96375274658249,10.463720321655273],[123.96347045898438,10.463069915771598],[123.96321868896484,10.462679862976017],[123.96337890625034,10.461669921875],[123.9642333984375,10.4612398147583],[123.96476745605503,10.460619926452637],[123.96472930908203,10.460189819335938],[123.96437835693371,10.459930419921818],[123.96321105957031,10.45985031127924],[123.96241760253952,10.459870338440169],[123.96202087402366,10.459420204162598],[123.96272277832031,10.458510398864803],[123.96351623535168,10.457739830017147],[123.96375274658249,10.456780433654785],[123.96354675292991,10.455989837646598],[123.96272277832031,10.455530166626033],[123.96192932128929,10.454930305480957],[123.96192932128929,10.45431995391857],[123.96402740478538,10.453539848327637],[123.96456909179699,10.453310012817326],[123.96521759033249,10.452690124511662],[123.96597290039062,10.45143985748291],[123.96636199951217,10.450570106506461],[123.96676635742199,10.449799537658805],[123.96750640869186,10.449449539184684],[123.9683227539067,10.4493799209597],[123.96961975097668,10.449540138244629],[123.97046661376953,10.44987010955822],[123.97157287597702,10.449609756469783],[123.97245025634766,10.448840141296444],[123.97325897216808,10.447959899902344],[123.97368621826206,10.44783020019554],[123.97492980957031,10.447810173034611],[123.97637176513672,10.448140144348372],[123.97753143310547,10.448769569396973],[123.97802734375011,10.449069976806868],[123.97844696044956,10.449230194091797],[123.97931671142578,10.449009895324707],[123.97982788085949,10.448510169982853],[123.98069763183605,10.447589874267692],[123.98179626464844,10.447039604186955],[123.9822998046875,10.447190284728947],[123.98285675048828,10.447719573974666],[123.9838333129884,10.448140144348372],[123.98442077636753,10.447620391845817],[123.98401641845703,10.446929931640739],[123.98317718505871,10.445899963378963],[123.9830017089846,10.444709777832031],[123.98362731933594,10.444029808044547],[123.98502349853516,10.443739891052246],[123.98580169677734,10.44340038299572],[123.9861068725586,10.443059921264762],[123.98615264892601,10.442999839782715],[123.98650360107433,10.441840171813965],[123.98664093017624,10.441010475158748],[123.98706817626953,10.440010070801009],[123.98716735839855,10.439390182495345],[123.9867782592778,10.439020156860352],[123.98593139648449,10.43887042999279],[123.98557281494163,10.438159942626953],[123.98594665527378,10.437339782715071],[123.9864730834961,10.436690330505371],[123.98668670654297,10.435939788818416],[123.98748016357445,10.435199737548942],[123.988563537598,10.435370445251465],[123.98973846435547,10.436010360717887],[123.99092864990234,10.436149597167969],[123.99188232421875,10.435600280761776],[123.99334716796875,10.434599876403809],[123.99421691894577,10.434479713439998],[123.99609375,10.43451976776123],[123.99674987793014,10.434800148010254],[123.99736022949219,10.43544006347679],[123.99797058105491,10.437239646911621],[123.99858093261719,10.43787002563488],[123.99951934814453,10.438050270080566],[124.00010681152344,10.437840461731184],[124.00041961669922,10.437649726867903],[124.00068664550781,10.437410354614315],[124.00080108642578,10.436539649963379],[124.00126647949264,10.435449600219727],[124.00208282470749,10.434989929199219],[124.00264739990257,10.435199737548942],[124.00360107421898,10.435090065002498],[124.00383758544922,10.434269905090446],[124.00316619873047,10.433580398559798],[124.0029907226567,10.432609558105582],[124.00305938720737,10.431679725647086],[124.00334930419922,10.430529594421444],[124.0038223266605,10.429730415344181],[124.00457000732467,10.428819656372127],[124.00507354736328,10.428500175476188],[124.0057373046875,10.428680419921875],[124.00646972656295,10.429610252380371],[124.00688171386719,10.430600166321028],[124.00730133056675,10.431610107421932],[124.0079803466798,10.432559967040959],[124.00892639160168,10.433520317077637],[124.00945281982422,10.433919906616325],[124.0101318359375,10.434390068054256],[124.01033782958984,10.434430122375545],[124.01084899902366,10.43428039550787],[124.01083374023449,10.433830261230469],[124.01055145263706,10.43323993682867],[124.01029968261753,10.432769775390852],[124.01026916503918,10.432709693908691],[124.00997924804722,10.432330131530875],[124.00969696044933,10.43206977844244],[124.00952911376999,10.431799888610897],[124.00933074951217,10.431570053100813],[124.00926208496094,10.431489944458065],[124.00908660888717,10.431309700012207],[124.00894165039085,10.430709838867301],[124.00852203369186,10.428979873657283],[124.00795745849621,10.427319526672363],[124.00782012939487,10.426950454712028],[124.00740814208996,10.42586994171154],[124.00678253173828,10.424630165100211],[124.00636291503929,10.423520088195858],[124.00572967529331,10.422550201416072],[124.00498962402344,10.421099662780705],[124.00454711914074,10.420709609985352],[124.00411224365234,10.420319557189941],[124.00361633300827,10.419989585876522],[124.00314331054688,10.419659614562988],[124.00273132324253,10.419269561767578],[124.0022811889653,10.418959617614746],[124.00179290771507,10.418709754943961],[124.00141906738281,10.418370246887264],[124.00119018554699,10.41812992095953],[124.00054931640648,10.417449951171875],[124.00010681152344,10.416609764099064],[124.00000000000034,10.416390419006575],[123.99880981445324,10.415069580078239],[123.99832153320312,10.413069725036678],[123.99832153320312,10.411820411682186],[123.99845886230514,10.410030364990348],[123.9985961914067,10.40775012969982],[123.9992294311528,10.40581035614025],[124.00000000000034,10.404439926147461],[124.00070953369152,10.403869628906193],[124.00106048583984,10.403249740600529],[124.0012130737307,10.403010368347168],[124.00148010253918,10.402560234069938],[124.00182342529297,10.401519775390739],[124.00177764892612,10.400679588317928],[124.00227355957077,10.398599624633789],[124.00232696533203,10.398039817810115],[124.00240325927734,10.3975000381472],[124.00251007080078,10.39657974243164],[124.00254058837925,10.396309852600098],[124.00260925293014,10.396100044250545],[124.00277709960938,10.395859718322868],[124.00308227539062,10.395569801330623],[124.00463867187534,10.394399642944393],[124.00578308105503,10.393389701843375],[124.00582122802734,10.39336013793951],[124.0070037841798,10.392250061035156],[124.00813293457077,10.39087009429943],[124.00950622558605,10.389699935913029],[124.01055908203148,10.38893032073986],[124.01187133789074,10.388179779052734],[124.01287078857422,10.387749671936092],[124.01390075683616,10.387459754943961],[124.01423645019577,10.387160301208723],[124.01461029052734,10.386969566345442],[124.01500701904342,10.386940002441406],[124.01542663574241,10.386940002441406],[124.01583862304722,10.386919975280875],[124.01625061035156,10.386879920959586],[124.01666259765648,10.38683032989502],[124.0170669555664,10.386770248413143],[124.01746368408203,10.386730194091854],[124.01788330078136,10.386739730835018],[124.0183334350586,10.386859893798828],[124.01838684082054,10.386870384216252],[124.01882934570324,10.386960029602164],[124.01965332031284,10.38667964935297],[124.02027130126987,10.386469841003475],[124.02057647705101,10.38584995269781],[124.02069091796875,10.385640144348258],[124.02124786376976,10.384599685669059],[124.02139282226562,10.383429527282658],[124.02102661132824,10.382840156555176],[124.02075958251964,10.382390022277946],[124.0192337036134,10.381150245666618],[124.01838684082054,10.380040168762264],[124.01761627197288,10.379489898681754],[124.01603698730469,10.379119873046875],[124.01484680175793,10.378840446472225],[124.01394653320312,10.378259658813704],[124.01367187500045,10.378080368041992],[124.01296997070347,10.377530097961426],[124.01206970214878,10.376359939575423],[124.01167297363281,10.376219749450684],[124.01141357421886,10.37604999542259],[124.01123809814499,10.37594985961914],[124.01085662841842,10.3755397796632],[124.0105209350586,10.375040054321346],[124.0101318359375,10.374620437622127],[124.00993347167969,10.374119758606014],[124.00972747802768,10.373680114746207],[124.0095367431644,10.373250007629508],[124.00906372070312,10.372659683227539],[124.00891876220714,10.372380256652832],[124.00850677490234,10.371549606323356],[124.00820159912143,10.370860099792537],[124.00753021240234,10.369339942932243],[124.00697326660156,10.368379592895621],[124.0067977905278,10.367759704589957],[124.00665283203148,10.367620468139648],[124.00637817382812,10.367349624633789],[124.00641632080124,10.366709709167594],[124.00644683837902,10.366239547729435],[124.006591796875,10.36575984954834],[124.00602722167969,10.364789962768612],[124.00554656982422,10.364239692688045],[124.00540161132847,10.363409996032658],[124.00483703613304,10.363200187683162],[124.00457000732467,10.362580299377498],[124.00386810302768,10.362090110778809],[124.00392150878906,10.361439704894963],[124.00353240966797,10.36161994934082],[124.00312805175804,10.361579895019531],[124.00306701660156,10.361570358276595],[124.00253295898472,10.361519813537711],[124.00254821777366,10.361559867859],[124.00142669677734,10.362669944763184],[123.9973068237307,10.366180419921932],[123.99389648437534,10.36847972869873],[123.99146270751964,10.370490074157715],[123.99140167236374,10.370539665222282],[123.99047088623081,10.371310234069767],[123.98813629150402,10.37320995330822],[123.98442077636753,10.376239776611385],[123.98445892333984,10.376549720764217],[123.98442077636753,10.376720428466797],[123.984413146973,10.376779556274528],[123.98412322998058,10.376899719238338],[123.98390960693405,10.37705039978033],[123.98367309570335,10.377340316772461],[123.9835662841798,10.377429962158317],[123.98184204101574,10.380359649658203],[123.97856903076217,10.38397026062006],[123.97564697265659,10.387350082397518],[123.9713134765625,10.391920089721737],[123.97000885009777,10.393280029297102],[123.96788787841842,10.395640373230208],[123.95767974853516,10.406250000000227],[123.95683288574264,10.407239913940373],[123.95355987548828,10.411199569702262],[123.95069885253906,10.41489028930664],[123.9487075805664,10.416979789733944],[123.9467163085942,10.419770240783691],[123.94304656982445,10.424579620361328],[123.94241333007812,10.425559997558707],[123.93753814697266,10.433059692382812],[123.93435668945324,10.438810348510799],[123.93208312988327,10.44287014007574],[123.9287261962894,10.447469711303825],[123.92687988281295,10.450050354003906],[123.92569732666016,10.451629638671932],[123.92568969726585,10.45386981964134],[123.92566680908237,10.461870193481559],[123.92533874511719,10.46541976928711],[123.92582702636719,10.46973037719738],[123.92622375488281,10.47173023223877],[123.92603302001953,10.472920417785701],[123.92632293701183,10.472310066223145],[123.9279708862307,10.4700803756715],[123.92916870117233,10.469189643859977],[123.92951202392578,10.46924018859886],[123.93036651611374,10.46934032440197],[123.93119812011753,10.46881008148199],[123.93212890625,10.467989921569938],[123.93226623535179,10.467900276184082],[123.9329605102539,10.467829704284611],[123.9333190917971,10.468159675598201],[123.93341064453148,10.468580245971907],[123.93293762207054,10.469149589538688],[123.93231201171875,10.470049858093319],[123.93193054199219,10.470629692077694],[123.93180847167969,10.470979690551815],[123.93190765380893,10.471619606018066],[123.93215942382847,10.47200965881342],[123.9324417114259,10.472319602966252],[123.93322753906295,10.472430229187012],[123.93388366699241,10.472319602966252],[123.93427276611351,10.47155952453619],[123.93401336669956,10.470899581909293],[123.93395233154308,10.470330238342285],[123.93443298339855,10.46984958648693],[123.93520355224643,10.469840049743596],[123.93599700927734,10.47039985656744],[123.9368515014653,10.47035980224615],[123.9376373291019,10.469739913940487],[123.93865966796898,10.469280242919979],[123.9393234252932,10.46969032287609],[123.94003295898438,10.470589637756461],[123.94072723388683,10.471710205078239],[123.94165802001953,10.472809791564941],[123.94233703613327,10.473489761352653],[123.94303894042991,10.473990440368766],[123.94407653808605,10.47412014007574],[123.94470977783203,10.474570274353141],[123.94448852539108,10.475390434265194],[123.94407653808605,10.476110458373967],[123.94477081298828,10.476909637451229],[123.94538879394577,10.476810455322209],[123.94582366943405,10.476559638977278],[123.94625854492199,10.476469993591422],[123.94715881347702,10.4762802124024],[123.94822692871094,10.476659774780387],[123.94895172119163,10.476880073547363],[123.94950866699253,10.47692966461176],[123.95014190673828,10.476719856262207],[123.95079803466831,10.476490020751953]]]}},{"type":"Feature","properties":{"ID_0":177,"ISO":"PHL","NAME_0":"Philippines","ID_1":25,"NAME_1":"Cebu","ID_2":471,"NAME_2":"Medellin","NL_NAME_2":null,"VARNAME_2":null,"TYPE_2":"Bayan|Munisipyo","ENGTYPE_2":"Municipality","PROVINCE":"Cebu","REGION":"Central Visayas (Region VII)"},"geometry":{"type":"MultiPolygon","coordinates":[[[[124.0161590576173,11.142689704894963],[124.0196762084961,11.135510444641113],[124.0248718261721,11.133099555969295],[124.02496337890648,11.133197784423828],[124.02493286132824,11.132740020752067],[124.02490997314453,11.132639884948958],[124.02478027343795,11.132100105285701],[124.02475738525402,11.131959915161133],[124.02469635009766,11.131529808044434],[124.02456665039074,11.130979537963924],[124.02439880371139,11.130470275879134],[124.02419281005871,11.130009651184139],[124.02400207519543,11.129549980163574],[124.02382659912155,11.129079818725643],[124.02369689941418,11.128600120544547],[124.02369689941418,11.128129959106388],[124.02365875244175,11.12786960601818],[124.02362823486351,11.127690315246582],[124.02352142334018,11.127269744873047],[124.02330780029297,11.126939773559684],[124.02303314208996,11.126640319824276],[124.02275085449253,11.126310348510685],[124.02268981933639,11.126199722290153],[124.02250671386753,11.125849723816032],[124.02194213867222,11.12444019317627],[124.02166748046875,11.124170303344727],[124.02166748046875,11.122389793395996],[124.02166748046875,11.121390342712346],[124.02194213867222,11.121109962463379],[124.02194213867222,11.120829582214412],[124.02152252197277,11.120409965515194],[124.02139282226562,11.12028026580822],[124.02105712890648,11.120389938354606],[124.02075958251964,11.120770454406681],[124.0204772949221,11.121109962463379],[124.02023315429688,11.121419906616211],[124.01995086669922,11.121649742126522],[124.0195999145509,11.121800422668514],[124.01915740966797,11.121839523315657],[124.01873779296886,11.121979713440055],[124.01834106445312,11.122690200805721],[124.01773071289108,11.122679710388297],[124.01741790771518,11.122719764709586],[124.01705169677757,11.122799873352108],[124.01699829101562,11.122810363769531],[124.01670837402344,11.122870445251579],[124.0165481567384,11.122900009155273],[124.01590728759788,11.122650146484602],[124.01529693603516,11.122710227966252],[124.01471710205078,11.122739791870117],[124.01422119140625,11.12259960174572],[124.01347351074264,11.122520446777457],[124.01361846923851,11.121500015258789],[124.01335144043003,11.120880126953125],[124.01303100585972,11.120320320129451],[124.01258087158249,11.119919776916504],[124.01200866699264,11.120100021362362],[124.01123809814499,11.120149612426758],[124.01094818115257,11.119799613952637],[124.01048278808639,11.11900997161888],[124.00998687744163,11.118639945983887],[124.0095367431644,11.11830043792736],[124.00919342041016,11.117919921875114],[124.00895690918014,11.117520332336369],[124.00884246826195,11.117090225219727],[124.00868225097656,11.116720199585018],[124.00855255126964,11.116370201110954],[124.00840759277344,11.116080284118652],[124.0084228515625,11.115799903869686],[124.00855255126964,11.11553955078125],[124.00861358642578,11.1152601242066],[124.00861358642578,11.114990234375],[124.00861358642578,11.114729881286621],[124.00856018066429,11.114469528198356],[124.00840759277344,11.114210128784407],[124.00823974609375,11.113900184631575],[124.00804138183594,11.113590240478743],[124.00785064697266,11.113260269164982],[124.00773620605469,11.112910270690918],[124.00760650634788,11.112580299377498],[124.00753784179688,11.112270355224666],[124.00750732421898,11.111940383911133],[124.00749206543003,11.111599922180119],[124.00742340087936,11.111249923705998],[124.00720977783214,11.110969543457031],[124.00684356689476,11.11085033416748],[124.00640869140625,11.110819816589355],[124.00592803955078,11.11089038848877],[124.00549316406261,11.110670089721623],[124.00543975830078,11.110650062561092],[124.00518798828125,11.110230445861816],[124.00530242919933,11.10991001129156],[124.00518035888672,11.109769821166992],[124.00512695312523,11.109720230102596],[124.00502777099632,11.109490394592342],[124.00499725341797,11.109199523925724],[124.00502777099632,11.108839988708496],[124.00511932373058,11.108429908752555],[124.00523376464844,11.107999801635685],[124.00520324707065,11.107549667358455],[124.00518035888672,11.107500076294059],[124.00498962402344,11.107110023498649],[124.0046615600586,11.106639862060547],[124.00421905517578,11.106220245361442],[124.00366973876964,11.10585021972662],[124.00314331054688,11.105440139770451],[124.00264739990257,11.104960441589412],[124.0021667480471,11.104479789734],[124.00169372558616,11.10402965545677],[124.00126647949264,11.103580474853459],[124.0008773803711,11.103119850158635],[124.00083923339866,11.103070259094238],[124.00045013427757,11.102589607238883],[124.00028228759766,11.10196971893322],[124.00026702880882,11.100620269775618],[124.00048828125,11.100239753723201],[124.00060272216797,11.099800109863395],[124.0005874633789,11.099289894104118],[124.00051879882824,11.098759651184139],[124.00042724609386,11.098230361938477],[124.00000000000034,11.09749984741211],[123.99944305419922,11.097220420837402],[123.999267578125,11.097399711609],[123.99916839599655,11.09749984741211],[123.99889373779297,11.09749984741211],[123.99858856201172,11.097200393676871],[123.99610900878906,11.094719886779728],[123.9958267211914,11.094719886779728],[123.99527740478527,11.095279693603743],[123.99445343017624,11.095279693603743],[123.99360656738281,11.094440460205078],[123.99360656738281,11.094169616699219],[123.9934005737307,11.093950271606559],[123.99333190918003,11.093890190124512],[123.99333190918003,11.093330383300895],[123.99305725097656,11.093059539795036],[123.99305725097656,11.092780113220158],[123.99276733398438,11.092499732971191],[123.99276733398438,11.091300010681152],[123.99276733398438,11.091110229492188],[123.99247741699219,11.090849876403922],[123.99250030517624,11.089839935302678],[123.99250030517624,11.089719772338867],[123.99253082275402,11.089690208435172],[123.99276733398438,11.08944034576416],[123.99276733398438,11.089240074157772],[123.99276733398438,11.088890075683821],[123.99266052246094,11.088769912719783],[123.99250030517624,11.088609695434684],[123.99250030517624,11.088330268859806],[123.99223327636753,11.088060379028434],[123.99223327636753,11.08777046203619],[123.99223327636753,11.08749961853033],[123.99194335937511,11.087220191955623],[123.99194335937511,11.086669921875114],[123.99166870117222,11.086389541625977],[123.99166870117222,11.08611011505127],[123.99250030517624,11.08528041839611],[123.99250030517624,11.085000038146916],[123.99194335937511,11.084440231323299],[123.99194335937511,11.083889961242733],[123.99166870117222,11.083609580993596],[123.99166870117222,11.083060264587402],[123.99138641357433,11.082779884338379],[123.99138641357433,11.0825004577639],[123.99111175537132,11.082220077514762],[123.99111175537132,11.081939697265625],[123.99083709716842,11.081669807434025],[123.99083709716842,11.081390380859375],[123.99038696289062,11.080949783325252],[123.9894409179692,11.079999923706055],[123.98889160156261,11.080559730529899],[123.98844146728538,11.080559730529899],[123.98805236816429,11.080559730529899],[123.98777770996139,11.080829620361442],[123.98750305175781,11.080559730529899],[123.98695373535156,11.080559730529899],[123.98665618896518,11.080829620361442],[123.9861068725586,11.080829620361442],[123.98555755615268,11.081390380859375],[123.98528289794933,11.081390380859375],[123.98500061035179,11.081110000610408],[123.98500061035179,11.080829620361442],[123.98473358154342,11.080559730529899],[123.98473358154342,11.080280303955192],[123.98464965820312,11.080200195312443],[123.98444366455078,11.079999923706055],[123.98444366455078,11.079719543457088],[123.9834976196289,11.078780174255428],[123.98322296142612,11.077960014343375],[123.98322296142612,11.077400207519531],[123.98332977294922,11.076669692993164],[123.98339843750045,11.0760498046875],[123.98407745361328,11.075360298156681],[123.98444366455078,11.074999809265137],[123.98444366455078,11.07444000244152],[123.984169006348,11.074170112609977],[123.98361206054688,11.074170112609977],[123.98282623291061,11.073390007019157],[123.9821472167971,11.07324028015148],[123.98161315917969,11.072330474853516],[123.98040771484409,11.07149982452404],[123.97891998291016,11.069990158081112],[123.97928619384788,11.06842041015625],[123.97989654541016,11.069029808044661],[123.9800033569336,11.069829940796012],[123.98085784912155,11.070949554443303],[123.98124694824264,11.070980072021484],[123.9812698364259,11.069939613342228],[123.98091125488327,11.068499565124512],[123.98030090332043,11.067159652710075],[123.97947692871116,11.066260337829533],[123.97812652587925,11.065629959106445],[123.9774169921875,11.065859794616756],[123.97715759277355,11.066419601440373],[123.97682189941406,11.067139625549316],[123.97543334960938,11.068329811096248],[123.97482299804722,11.068960189819336],[123.97543334960938,11.069160461425781],[123.9762115478519,11.069379806518612],[123.97675323486328,11.06991004943859],[123.97733306884766,11.071319580078182],[123.97743225097702,11.07244014739996],[123.97722625732422,11.072970390319881],[123.9770278930664,11.073479652404842],[123.97666168212936,11.074669837951774],[123.97680664062523,11.075300216675032],[123.9764633178711,11.076069831848201],[123.9756317138673,11.076820373535156],[123.9752197265625,11.077099800109863],[123.97469329834018,11.077460289001579],[123.97360992431686,11.07798957824707],[123.97292327880893,11.077779769897688],[123.9722671508789,11.077529907226506],[123.97223663330078,11.077509880065975],[123.97184753417991,11.077369689941406],[123.96996307373047,11.076919555664176],[123.96874237060547,11.077369689941406],[123.96910095214878,11.07643985748291],[123.96888732910179,11.076160430908203],[123.96853637695347,11.075650215148983],[123.96739196777378,11.077099800109863],[123.96711730957031,11.077980041503906],[123.96621704101585,11.078359603882063],[123.96588897705078,11.078820228576717],[123.96540832519577,11.07948017120384],[123.9651870727539,11.079919815063477],[123.96489715576217,11.080490112304744],[123.96420288085972,11.081430435180664],[123.96498107910179,11.082790374755803],[123.96527862548874,11.083060264587402],[123.96555328369163,11.083060264587402],[123.96584320068405,11.083330154418945],[123.96584320068405,11.083609580993596],[123.96639251708996,11.084170341491756],[123.96639251708996,11.084440231323299],[123.96584320068405,11.085000038146916],[123.96555328369163,11.085000038146916],[123.96389007568405,11.086669921875114],[123.96360778808594,11.086669921875114],[123.96263122558594,11.087650299072493],[123.9619369506836,11.088330268859806],[123.96166992187534,11.088330268859806],[123.96083068847702,11.089170455932617],[123.96083068847702,11.08944034576416],[123.96028137207043,11.090000152588004],[123.959999084473,11.090000152588004],[123.95971679687511,11.089719772338867],[123.9594421386721,11.089719772338867],[123.9591674804692,11.090000152588004],[123.95834350585938,11.090000152588004],[123.9574966430664,11.090829849243221],[123.9574966430664,11.091859817504996],[123.9574966430664,11.092220306396541],[123.95726776123092,11.092450141906966],[123.9569473266605,11.092780113220158],[123.9572219848634,11.093059539795036],[123.9572219848634,11.093330383300895],[123.9569473266605,11.093609809875545],[123.9569473266605,11.093890190124512],[123.9571762084961,11.094140052795524],[123.95735168457054,11.094440460205078],[123.95744323730491,11.094599723815918],[123.95752716064487,11.094759941101188],[123.95777893066452,11.095089912414608],[123.95800018310558,11.09549999237072],[123.95818328857433,11.095990180969238],[123.95835876464889,11.096489906311035],[123.95839691162132,11.096799850463867],[123.95845031738281,11.09706974029541],[123.9585876464846,11.097649574279785],[123.95861053466831,11.098210334777946],[123.95854949951217,11.09871959686285],[123.95845794677734,11.098899841308537],[123.95835876464889,11.09910964965826],[123.95809936523472,11.099450111389274],[123.95774841308594,11.099749565124512],[123.95733642578159,11.100079536438216],[123.95691680908203,11.100469589233455],[123.95648956298851,11.100819587707576],[123.95604705810547,11.101160049438533],[123.95568084716842,11.101579666137809],[123.95538330078125,11.102080345153922],[123.95527648925781,11.103329658508358],[123.95535278320358,11.103650093078613],[123.9554672241211,11.104240417480412],[123.95549774169967,11.104599952697868],[123.9555130004884,11.104960441589412],[123.9558334350586,11.105560302734489],[123.95635986328125,11.105489730835075],[123.95697784423828,11.105219841003532],[123.95739746093795,11.105219841003532],[123.95805358886719,11.105279922485352],[123.9588394165039,11.10542011261009],[123.9591674804692,11.10548019409174],[123.9598312377932,11.105589866638184],[123.95993804931686,11.105609893798885],[123.95993804931686,11.106120109558162],[123.95993804931686,11.10630035400402],[123.95984649658203,11.107099533081055],[123.9598312377932,11.107350349426326],[123.95970153808605,11.107709884643612],[123.95964050292991,11.107830047607422],[123.95953369140636,11.108039855957145],[123.95942687988315,11.108449935913086],[123.95941162109375,11.10894966125494],[123.95942687988315,11.109510421753043],[123.9594421386721,11.10995006561302],[123.9594421386721,11.109999656677246],[123.95938110351597,11.110059738159293],[123.95861053466831,11.11083030700695],[123.95834350585938,11.11083030700695],[123.95802307128952,11.110910415649528],[123.95761871337902,11.111080169677734],[123.95726013183639,11.111379623413143],[123.95691680908203,11.111599922180119],[123.95658111572288,11.111720085144157],[123.95614624023438,11.11178970336914],[123.95572662353538,11.111940383911133],[123.95561981201206,11.111980438232422],[123.95530700683639,11.112330436706486],[123.95527648925781,11.112779617309798],[123.95555877685581,11.113059997558594],[123.95567321777344,11.113160133361873],[123.9558334350586,11.113329887390137],[123.9558334350586,11.113510131835994],[123.9558334350586,11.11388969421398],[123.95657348632847,11.114629745483512],[123.9572219848634,11.115280151367301],[123.95777893066452,11.115280151367301],[123.95889282226562,11.116390228271484],[123.95889282226562,11.116939544677734],[123.95966339111328,11.117429733276424],[123.96002960205078,11.117500305176009],[123.96008300781261,11.117500305176009],[123.9609375,11.117819786071777],[123.96148681640625,11.118169784545898],[123.96135711669945,11.11865043640148],[123.96076965332065,11.118769645691032],[123.96047210693371,11.119319915771712],[123.96056365966808,11.119720458984375],[123.96056365966808,11.119999885559025],[123.96166992187534,11.121109962463379],[123.9622192382817,11.121669769287223],[123.96250152587913,11.121999740600586],[123.96273803710983,11.122260093689022],[123.96299743652378,11.122449874878043],[123.96324920654331,11.122570037841854],[123.96343231201206,11.122739791870117],[123.9636001586914,11.12294960021984],[123.96375274658249,11.123189926147518],[123.9638671875,11.123430252075195],[123.96394348144577,11.123680114746207],[123.96394348144577,11.123940467834473],[123.96389770507824,11.124150276184196],[123.96372985839855,11.124369621276855],[123.96362304687534,11.124609947204704],[123.96347045898438,11.124859809875545],[123.96334075927746,11.125009536743221],[123.96324920654331,11.12510967254633],[123.96299743652378,11.125300407409611],[123.96270751953125,11.125470161438045],[123.96234130859375,11.125530242919922],[123.96195983886719,11.1255397796632],[123.96159362793014,11.12549972534174],[123.9613037109375,11.125399589538802],[123.96121978759811,11.12537956237793],[123.96082305908203,11.125370025634766],[123.96041870117188,11.125570297241211],[123.96005249023438,11.125800132751465],[123.96000671386753,11.12582969665533],[123.95958709716797,11.126130104064998],[123.9591674804692,11.12648010253912],[123.95884704589855,11.126919746398926],[123.95850372314453,11.127400398254508],[123.958290100098,11.128000259399414],[123.95838928222668,11.128600120544547],[123.95854949951217,11.129090309143066],[123.95854949951217,11.129440307617188],[123.95841217041061,11.129630088806152],[123.95819091796886,11.129739761352596],[123.95784759521518,11.129799842834586],[123.95739746093795,11.129779815673885],[123.95731353759766,11.129759788513297],[123.9569473266605,11.129699707031307],[123.95688629150436,11.129679679870549],[123.95681762695312,11.12965011596691],[123.95658874511741,11.12957954406744],[123.95630645751999,11.129679679870549],[123.95607757568371,11.130060195922852],[123.9560317993164,11.130169868469238],[123.95584106445312,11.130649566650334],[123.95565795898438,11.131139755249023],[123.95545196533203,11.131460189819279],[123.95520782470703,11.131699562072868],[123.95488739013672,11.131990432739258],[123.95455932617199,11.132379531860352],[123.95417785644543,11.132769584655762],[123.95382690429733,11.133130073547477],[123.95361328125011,11.133449554443416],[123.95350646972668,11.133580207824707],[123.95340728759777,11.133700370788574],[123.95333099365268,11.133890151977539],[123.95339965820358,11.133959770202694],[123.95361328125011,11.13416957855219],[123.95361328125011,11.134440422058049],[123.95333099365268,11.134719848632926],[123.95333099365268,11.135000228882063],[123.95247650146496,11.135860443115234],[123.95221710205078,11.136110305786246],[123.951942443848,11.136110305786246],[123.95166778564453,11.136389732360897],[123.95147705078125,11.136389732360897],[123.95094299316418,11.136389732360897],[123.9508438110355,11.136389732360897],[123.95027923584018,11.136940002441463],[123.95027923584018,11.13749980926508],[123.9499969482423,11.137780189514274],[123.95027923584018,11.138059616089095],[123.95027923584018,11.139169692993278],[123.9499969482423,11.13943958282482],[123.9499969482423,11.140000343322754],[123.94944763183639,11.140560150146598],[123.94944763183639,11.141110420227108],[123.9486083984375,11.141949653625488],[123.94828796386741,11.143039703369254],[123.94802856445312,11.143950462341309],[123.94750213623058,11.144729614257812],[123.94718933105469,11.145190238952637],[123.94711303710949,11.14585018157959],[123.94695281982445,11.147219657897892],[123.94638824462936,11.147780418396053],[123.94638824462936,11.148480415344238],[123.94638824462936,11.14888954162609],[123.94583129882847,11.1494398117066],[123.94583129882847,11.149720191955566],[123.94526672363315,11.15027999877941],[123.94526672363315,11.150560379028377],[123.94477844238281,11.15104961395258],[123.94471740722656,11.151109695434627],[123.94471740722656,11.151269912719727],[123.94471740722656,11.151940345764103],[123.94450378418003,11.152170181274357],[123.94444274902355,11.15221977233898],[123.94444274902355,11.15237998962408],[123.94444274902355,11.152779579162598],[123.94416809082065,11.153059959411621],[123.94416809082065,11.153329849243164],[123.94333648681686,11.154170036315975],[123.94333648681686,11.154999732971135],[123.94319915771484,11.155139923095703],[123.94277954101597,11.15555953979515],[123.94277954101597,11.155830383300838],[123.94304656982445,11.156109809875488],[123.94307708740234,11.156949996948299],[123.94277954101597,11.157219886779842],[123.9427871704105,11.158060073852653],[123.94249725341797,11.158329963684025],[123.94249725341797,11.158390045166072],[123.94249725341797,11.158610343933162],[123.94222259521484,11.15888977050804],[123.94222259521484,11.159440040588379],[123.94194793701217,11.159720420837346],[123.94194793701217,11.16012001037609],[123.9419631958009,11.160289764404297],[123.9416732788086,11.160559654235897],[123.94194793701217,11.16082954406744],[123.94194793701217,11.161109924316406],[123.94222259521484,11.161390304565543],[123.94222259521484,11.161620140075627],[123.94222259521484,11.162500381469727],[123.94249725341797,11.162779808044377],[123.94249725341797,11.16361045837425],[123.94277954101597,11.16388988494873],[123.94277954101597,11.164999961853084],[123.94297790527378,11.16520023345953],[123.94304656982445,11.165280342102108],[123.94304656982445,11.165740013122786],[123.94304656982445,11.165789604187012],[123.94304656982445,11.166939735412654],[123.94320678710949,11.16709995269781],[123.94333648681686,11.167220115661621],[123.94333648681686,11.167779922485465],[123.94361114501976,11.168060302734432],[123.94361114501976,11.168499946594238],[123.94361114501976,11.169170379638786],[123.94336700439453,11.169420242309627],[123.94333648681686,11.169440269470158],[123.94333648681686,11.170280456542969],[123.94304656982445,11.170559883117676],[123.94304656982445,11.170829772949219],[123.94333648681686,11.171110153198356],[123.94333648681686,11.171389579773006],[123.94348907470714,11.171919822692814],[123.94335937500034,11.172630310058821],[123.9435806274414,11.1731796264649],[123.94377136230469,11.173680305481014],[123.94387817382824,11.174110412597656],[123.94393157959018,11.174489974975813],[123.94403839111328,11.174839973449934],[123.94416809082065,11.17527961730957],[123.94416809082065,11.17667007446289],[123.94444274902355,11.176939964294434],[123.94444274902355,11.178179740905762],[123.94444274902355,11.178890228271598],[123.94451141357422,11.17920017242443],[123.94471740722656,11.180089950561637],[123.94471740722656,11.181059837341422],[123.94416809082065,11.182780265808162],[123.94407653808605,11.182869911193848],[123.9438934326173,11.183059692382812],[123.9438934326173,11.183329582214355],[123.94400024414085,11.183449745178223],[123.94416809082065,11.183609962463322],[123.94416809082065,11.18412017822277],[123.94416809082065,11.184720039367676],[123.9438934326173,11.185000419616642],[123.94416809082065,11.18527984619152],[123.9438934326173,11.185560226440487],[123.9438934326173,11.185600280761946],[123.9438934326173,11.18667030334484],[123.94416809082065,11.186940193176213],[123.94416809082065,11.18721961975109],[123.94499969482467,11.18805980682373],[123.94499969482467,11.188329696655273],[123.94529724121094,11.188739776611555],[123.94561767578148,11.189229965210075],[123.94593811035156,11.18970966339117],[123.94627380371128,11.190150260925236],[123.94666290283226,11.190529823303223],[123.94712066650402,11.190830230712947],[123.94760131835972,11.191109657287598],[123.9480667114259,11.191390037536564],[123.9485015869144,11.191710472107047],[123.9488906860355,11.192079544067383],[123.94917297363281,11.192500114440918],[123.94944763183639,11.192500114440918],[123.94972229003929,11.192779541015625],[123.9499969482423,11.192779541015625],[123.95211791992233,11.194899559021053],[123.95249938964889,11.19528007507347],[123.95249938964889,11.195560455322266],[123.95275115966831,11.195810317993278],[123.95305633544945,11.196109771728516],[123.95305633544945,11.19666957855236],[123.95500183105469,11.19861030578636],[123.95500183105469,11.19888973236084],[123.95555877685581,11.199440002441406],[123.95555877685581,11.199720382690543],[123.9558334350586,11.199999809265194],[123.95612335205124,11.200499534607047],[123.95638275146518,11.200940132141113],[123.95661926269531,11.2013196945191],[123.95673370361328,11.201720237731934],[123.9569473266605,11.202039718627873],[123.9572219848634,11.202360153198299],[123.95752716064487,11.202719688415584],[123.95791625976585,11.203089714050407],[123.95831298828125,11.203519821167106],[123.95873260498092,11.204000473022461],[123.9593124389653,11.204429626464844],[123.95993804931686,11.204779624938965],[123.96048736572277,11.20514011383068],[123.96096038818393,11.205519676208496],[123.96135711669945,11.205780029296875],[123.96150970458984,11.205659866333065],[123.96160888671886,11.20557022094738],[123.9652099609375,11.2018404006958],[123.96543121337902,11.201620101928825],[123.96791839599621,11.199020385742301],[123.97519683837936,11.192070007324276],[123.98689270019565,11.181229591369856],[123.99046325683628,11.178179740905762],[123.99851989746105,11.170579910278548],[124.00209808349643,11.169989585876579],[124.00981903076172,11.154609680175781],[124.0161590576173,11.142689704894963]]]]}},{"type":"Feature","properties":{"ID_0":177,"ISO":"PHL","NAME_0":"Philippines","ID_1":25,"NAME_1":"Cebu","ID_2":483,"NAME_2":"San Remigio","NL_NAME_2":null,"VARNAME_2":null,"TYPE_2":"Bayan|Munisipyo","ENGTYPE_2":"Municipality","PROVINCE":"Cebu","REGION":"Central Visayas (Region VII)"},"geometry":{"type":"Polygon","coordinates":[[[123.94666290283226,11.091670036316032],[123.94695281982445,11.091389656066838],[123.94721984863315,11.091389656066838],[123.94750213623058,11.091110229492188],[123.94764709472656,11.091110229492188],[123.9477767944336,11.091110229492188],[123.94833374023438,11.090559959411678],[123.9486083984375,11.090559959411678],[123.95027923584018,11.088890075683821],[123.95027923584018,11.088609695434684],[123.95053863525436,11.088319778442383],[123.95146179199219,11.087439537048283],[123.95184326171875,11.086739540100098],[123.95301818847702,11.082799911499137],[123.95459747314499,11.072879791259766],[123.95565795898438,11.066309928894157],[123.95659637451172,11.05403041839611],[123.95847320556675,11.043459892272892],[123.95935058593773,11.036600112915039],[123.95997619628906,11.033220291137752],[123.96045684814499,11.03030967712408],[123.96096801757835,11.02262020111084],[123.96063232421875,11.017660140991211],[123.96045684814499,11.01420974731451],[123.96008300781261,11.008819580078239],[123.95890808105469,11.000249862670842],[123.95742797851574,10.99483966827404],[123.95545959472656,10.986989974975813],[123.95271301269531,10.97772026062023],[123.95346832275425,10.973970413208121],[123.95334625244163,10.970890045166016],[123.95372009277366,10.967069625854492],[123.95394134521484,10.962114334106502],[123.9539566040039,10.96162033081066],[123.9542694091798,10.9576997756958],[123.9548492431644,10.953450202942008],[123.95545959472656,10.949850082397575],[123.95588684082043,10.948679924011174],[123.95720672607467,10.943110466003532],[123.95825958251953,10.937629699707088],[123.95903778076183,10.93280029296875],[123.95889282226562,10.929140090942496],[123.95889282226562,10.925869941711426],[123.95883178710938,10.924039840698299],[123.9584884643557,10.923430442810059],[123.95855712890636,10.921640396118221],[123.95887756347679,10.918809890747298],[123.95939636230469,10.91582012176525],[123.96067047119152,10.912090301513672],[123.96188354492188,10.91007995605463],[123.9628829956057,10.908200263977278],[123.96308135986328,10.906200408935547],[123.96322631835938,10.904720306396541],[123.96283721923828,10.902700424194393],[123.96244049072266,10.899889945983887],[123.96190643310581,10.897459983825627],[123.96111297607422,10.895299911499137],[123.96015167236328,10.892600059509505],[123.95491027832031,10.892950057983455],[123.95124816894554,10.893110275268555],[123.94624328613281,10.893520355224723],[123.94026947021496,10.89395999908453],[123.93672943115268,10.894359588623047],[123.93071746826183,10.895070075988883],[123.92784118652389,10.895339965820426],[123.92494201660156,10.89612007141119],[123.92128753662143,10.897130012512434],[123.91706848144531,10.898679733276595],[123.91181182861374,10.900529861450309],[123.9110107421875,10.900469779968262],[123.9102783203125,10.90009975433361],[123.90972900390636,10.90011978149414],[123.907958984375,10.900239944458008],[123.90702819824219,10.900360107421875],[123.90644836425781,10.900520324707145],[123.90540313720737,10.901519775390625],[123.90498352050793,10.902279853821028],[123.90438842773449,10.902870178222656],[123.90325927734386,10.903019905090389],[123.90226745605469,10.903690338134709],[123.90223693847656,10.904330253601302],[123.90194702148483,10.904700279235783],[123.90144348144565,10.905099868774471],[123.90083312988281,10.906100273132438],[123.89990234375,10.907420158386344],[123.89940643310547,10.907500267028865],[123.89878082275425,10.90717983245844],[123.89803314209007,10.90672969818121],[123.89707183837913,10.906780242919922],[123.8962631225586,10.907730102539176],[123.89508819580124,10.90896034240734],[123.89502716064499,10.909250259399471],[123.89507293701195,10.909259796142578],[123.8949966430664,10.90939044952404],[123.89495086669933,10.909500122070256],[123.89488220214866,10.909810066223088],[123.89494323730469,10.910169601440543],[123.89482116699219,10.910650253295898],[123.89478302001976,10.911239624023438],[123.8949127197269,10.911879539489803],[123.89505004882824,10.912529945373649],[123.89530181884766,10.913029670715446],[123.89556884765625,10.913459777832145],[123.89585113525436,10.913860321044922],[123.89611053466831,10.914250373840332],[123.89633178710938,10.914629936218489],[123.89646911621094,10.91504001617443],[123.89656829833996,10.915439605712947],[123.89674377441452,10.915780067443961],[123.89694976806652,10.916090011596793],[123.89714813232433,10.916319847107047],[123.89718627929733,10.916350364685002],[123.89742279052734,10.91662979125988],[123.89762878418003,10.916959762573242],[123.89781188964855,10.917340278625545],[123.89800262451183,10.917690277099666],[123.89808654785202,10.918029785156364],[123.89824676513672,10.918279647827148],[123.89833068847702,10.918499946594466],[123.89835357666016,10.918549537658691],[123.89837646484375,10.918729782104549],[123.8984832763673,10.91895961761486],[123.8984832763673,10.919309616088924],[123.89837646484375,10.919489860534611],[123.89833831787143,10.919750213623047],[123.89833068847702,10.920009613037166],[123.89833068847702,10.920069694518986],[123.89833068847702,10.920419692993107],[123.89833068847702,10.920769691467228],[123.89833068847702,10.921139717102108],[123.89833831787143,10.921580314636174],[123.89895629882824,10.922010421753043],[123.89965820312545,10.92284011840826],[123.90007781982422,10.92339038848877],[123.90022277832054,10.924150466919173],[123.90026092529297,10.924539566040096],[123.90028381347656,10.924699783325252],[123.90068054199253,10.926320075988997],[123.90107727050804,10.926609992980957],[123.9014892578125,10.926799774169922],[123.90183258056675,10.926969528198356],[123.90225982666016,10.926989555358887],[123.90274047851562,10.926989555358887],[123.90318298339866,10.927129745483455],[123.9035568237307,10.92737007141119],[123.90387725830112,10.927650451660156],[123.90409851074219,10.9279203414917],[123.90408325195312,10.92798042297369],[123.90411376953159,10.928150177001953],[123.90403747558616,10.928279876708928],[123.9039916992192,10.928359985351676],[123.90374755859398,10.928560256958065],[123.90341949462936,10.928730010986328],[123.90309143066452,10.928930282592773],[123.90281677246094,10.929140090942496],[123.90260314941429,10.92936992645275],[123.90238189697266,10.929619789123535],[123.90215301513706,10.92992019653343],[123.90189361572311,10.930299758911246],[123.90162658691418,10.930749893188477],[123.90151214599655,10.931180000305119],[123.90151214599655,10.931639671325684],[123.90162658691418,10.932120323181266],[123.90181732177746,10.932640075683594],[123.90212249755871,10.933159828186149],[123.9025268554692,10.933589935302848],[123.90294647216797,10.93393993377697],[123.90328979492233,10.93428993225109],[123.90351867675781,10.934650421142578],[123.90367126464889,10.935009956359863],[123.90386962890659,10.935290336609],[123.90403747558616,10.935560226440543],[123.90421295166027,10.935850143432674],[123.90444183349643,10.936109542846793],[123.90471649169922,10.936380386352596],[123.90503692626953,10.936650276184196],[123.90547943115234,10.936889648437557],[123.90603637695335,10.937060356140137],[123.90666961669967,10.937219619750977],[123.90693664550781,10.937219619750977],[123.90698242187534,10.937170028686523],[123.90724182128952,10.93677997589117],[123.90750122070347,10.93638992309576],[123.90778350830078,10.936109542846793],[123.90825653076206,10.934789657592887],[123.90868377685558,10.934240341186467],[123.90902709960972,10.9339599609375],[123.90927886962913,10.933739662170353],[123.90969848632812,10.933670043945426],[123.90997314453159,10.933670043945426],[123.91039276123047,10.933879852294922],[123.91046142578125,10.933879852294922],[123.91053009033249,10.934160232543888],[123.91059875488315,10.934499740600586],[123.91066741943405,10.934989929199276],[123.91055297851597,10.935370445251579],[123.91081237792991,10.93677997589117],[123.910926818848,10.93694019317627],[123.91098785400425,10.937020301818848],[123.9110336303711,10.937040328979549],[123.91120910644531,10.937100410461426],[123.91165161132824,10.937199592590389],[123.912353515625,10.937199592590389],[123.91269683837925,10.93727016448986],[123.9127426147461,10.937310218811092],[123.91304016113281,10.93760967254633],[123.91319274902366,10.93782043457037],[123.91332244873047,10.938030242919922],[123.91332244873047,10.938579559326115],[123.91325378417969,10.938859939575252],[123.91282653808639,10.939339637756348],[123.91269683837925,10.93982028961193],[123.91269683837925,10.940649986267147],[123.91282653808639,10.941280364990234],[123.91287231445312,10.941559791564885],[123.91290283203148,10.9417600631715],[123.91304016113281,10.94231033325218],[123.91319274902366,10.942870140075684],[123.91320037841842,10.942999839782829],[123.91325378417969,10.943490028381348],[123.91332244873047,10.943969726562614],[123.91401672363281,10.945289611816463],[123.91409301757812,10.945489883422908],[123.9145736694336,10.946370124816951],[123.9147720336914,10.946310043334961],[123.91497802734386,10.946260452270565],[123.915321350098,10.946189880371094],[123.91574096679699,10.946189880371094],[123.91602325439464,10.94633007049572],[123.91622924804699,10.946680068969783],[123.91651153564487,10.94701957702631],[123.91678619384777,10.947429656982422],[123.91726684570324,10.947710037231445],[123.91755676269543,10.947919845581112],[123.91776275634777,10.947970390319824],[123.91783142089844,10.947990417480582],[123.91831970214855,10.948129653930664],[123.91902160644531,10.948399543762207],[123.91929626464866,10.948539733886776],[123.91944122314499,10.948539733886776],[123.91972351074219,10.948679924011174],[123.92034149169945,10.948820114135799],[123.92054748535156,10.948889732360897],[123.92096710205124,10.94950962066656],[123.92118072509777,10.950059890747127],[123.92124938964844,10.950409889221191],[123.92124938964844,10.951009750366325],[123.92124938964844,10.951789855957145],[123.92130279541038,10.952099800109977],[123.92131805419922,10.952269554138184],[123.92131805419922,10.953100204467887],[123.9211120605471,10.953590393066406],[123.92089843750034,10.954000473022688],[123.92077636718795,10.95446968078636],[123.92076110839844,10.954560279846191],[123.92054748535156,10.955109596252385],[123.92044067382835,10.955300331115666],[123.92037963867188,10.95541000366211],[123.9202880859375,10.955599784851074],[123.92008972168003,10.955889701843375],[123.91985321044933,10.956279754638786],[123.91977691650413,10.956839561462402],[123.91977691650413,10.957180023193416],[123.91977691650413,10.958080291748047],[123.91985321044933,10.958559989929313],[123.91985321044933,10.958880424499739],[123.9197692871096,10.959099769592399],[123.91959381103516,10.959269523620833],[123.91929626464866,10.959420204162654],[123.91900634765648,10.959630012512207],[123.91902923583984,10.960249900817871],[123.91902923583984,10.962114334106502],[123.91902923583984,10.962260246276855],[123.91924285888672,10.963159561157227],[123.91951751709018,10.96378040313715],[123.9197998046875,10.964130401611442],[123.92021942138683,10.964469909667969],[123.92054748535156,10.96471977233898],[123.92054748535156,10.965000152587947],[123.92028045654331,10.965279579162598],[123.92028045654331,10.965829849243164],[123.92054748535156,10.966110229492301],[123.92054748535156,10.966389656066951],[123.92138671875011,10.967220306396484],[123.921669006348,10.967220306396484],[123.9219436645509,10.967499732971135],[123.92223358154331,10.967499732971135],[123.92230987548874,10.96730995178234],[123.92314910888672,10.967439651489485],[123.92414855957065,10.968050003051871],[123.9244003295903,10.968199729919547],[123.9246826171875,10.968480110168514],[123.92530822753929,10.969380378723145],[123.9255828857423,10.970069885254134],[123.92565917968761,10.970479965209904],[123.92594146728527,10.97173976898199],[123.92600250244175,10.972009658813533],[123.92607879638672,10.97327041625988],[123.92632293701183,10.973690032958928],[123.92658233642578,10.974080085754338],[123.92688751220749,10.974399566650504],[123.92716979980469,10.974659919738713],[123.9274520874028,10.974920272827148],[123.92780303955078,10.975239753723088],[123.92820739746094,10.975580215454102],[123.92862701416027,10.975850105285645],[123.92906951904297,10.97603988647461],[123.929481506348,10.976209640502873],[123.92961120605514,10.976289749145621],[123.92978668212913,10.976409912109489],[123.92989349365234,10.976659774780273],[123.92978668212913,10.976949691772575],[123.92949676513695,10.977279663085938],[123.92903137207077,10.977560043334961],[123.92893218994163,10.977609634399528],[123.92891693115268,10.977669715881348],[123.92862701416027,10.978750228881836],[123.92857360839844,10.979649543762207],[123.92835998535179,10.98027038574213],[123.92820739746094,10.980819702148551],[123.92813873291027,10.981019973754996],[123.92807769775436,10.981169700622672],[123.92723846435547,10.982139587402457],[123.92723083496094,10.982729911804427],[123.92739868164085,10.983369827270451],[123.92759704589866,10.983690261840934],[123.92764282226608,10.983750343322754],[123.92774200439453,10.983889579773006],[123.92820739746094,10.98425006866455],[123.92861938476574,10.984560012817383],[123.92893981933594,10.984900474548397],[123.92917633056686,10.985280036926326],[123.9293899536134,10.985659599304313],[123.92960357666061,10.985980033874569],[123.9297485351567,10.98622989654541],[123.92980957031284,10.986450195312557],[123.92974090576217,10.986689567565918],[123.92977142333996,10.986960411071777],[123.92989349365234,10.987930297851562],[123.92978668212913,10.988409996032829],[123.92978668212913,10.989239692688045],[123.92993927001999,10.99020957946783],[123.93007659912132,10.990349769592399],[123.93049621582031,10.990489959716797],[123.9310531616211,10.99075984954834],[123.9315414428711,10.991040229797477],[123.93189239501999,10.991319656372184],[123.93244934082043,10.991869926452694],[123.93248748779331,10.991909980773983],[123.93271636962902,10.99221038818365],[123.93356323242233,10.992489814758358],[123.93370056152366,10.993459701538143],[123.933631896973,10.993670463562125],[123.93286895751987,10.993670463562125],[123.93258666992188,10.99374008178711],[123.93242645263683,10.99376010894781],[123.93202972412155,10.9938001632691],[123.93179321289085,10.993960380554256],[123.93161010742188,10.994079589843807],[123.93139648437534,10.99429035186779],[123.9311218261721,10.99429035186779],[123.93070220947311,10.994500160217513],[123.93015289306652,10.994770050049055],[123.93000793457065,10.995050430297852],[123.93000793457065,10.99538993835472],[123.93020629882812,10.995880126953239],[123.93035125732433,10.996150016784782],[123.93035125732433,10.996500015258903],[123.93015289306652,10.996979713440169],[123.93007659912132,10.99719047546381],[123.93007659912132,10.997540473937931],[123.93028259277344,10.997879981994629],[123.93042755126964,10.998160362243596],[123.93042755126964,10.998539924621582],[123.93015289306652,10.998990058899153],[123.92987060546909,10.999259948730526],[123.92968750000023,10.999409675598258],[123.9295425415039,10.99962043762207],[123.929443359375,11],[123.929443359375,11.000559806823674],[123.92916870117233,11.000829696655273],[123.92916870117233,11.001669883728027],[123.92888641357422,11.001939773559627],[123.92888641357422,11.002960205078068],[123.92888641357422,11.003060340881404],[123.92861175537121,11.003330230712947],[123.92861175537121,11.003890037536564],[123.92833709716831,11.004170417785758],[123.92833709716831,11.006389617919979],[123.92861175537121,11.006669998168945],[123.92861175537121,11.006939888000488],[123.92888641357422,11.007220268249455],[123.92916870117233,11.006939888000488],[123.92973327636719,11.006939888000488],[123.93055725097702,11.00778007507347],[123.93103790283203,11.00778007507347],[123.93110656738293,11.00778007507347],[123.93138885498081,11.008060455322266],[123.93222045898483,11.008060455322266],[123.93305206298862,11.008890151977653],[123.93305206298862,11.00971984863287],[123.9333267211914,11.010000228881836],[123.93305206298862,11.010279655456486],[123.93305206298862,11.01056003570568],[123.93302154541027,11.010589599609318],[123.93250274658203,11.01111030578619],[123.93222045898483,11.01111030578619],[123.9319534301759,11.010829925537223],[123.93166351318371,11.010829925537223],[123.93055725097702,11.00971984863287],[123.9302673339846,11.00971984863287],[123.93012237548874,11.009570121765137],[123.93000030517612,11.009440422058162],[123.93000030517612,11.009169578552303],[123.92973327636719,11.009169578552303],[123.9290008544923,11.008790016174373],[123.92894744873047,11.008760452270508],[123.92825317382824,11.008279800415096],[123.92783355712936,11.008489608764648],[123.9273681640625,11.00907039642334],[123.92666625976562,11.008890151977653],[123.92666625976562,11.00778007507347],[123.92610931396484,11.007220268249455],[123.92610931396484,11.007180213928166],[123.92610931396484,11.006669998168945],[123.92582702636719,11.006389617919979],[123.92582702636719,11.005559921264762],[123.92555236816452,11.005279541015625],[123.92545318603516,11.004870414733944],[123.92523956298862,11.004420280456543],[123.92487335205078,11.003999710083008],[123.92449188232422,11.00352954864502],[123.92415618896507,11.003029823303223],[123.92382049560547,11.002570152282715],[123.92343139648438,11.00220966339117],[123.92294311523472,11.001910209655762],[123.92231750488293,11.00195026397705],[123.92178344726608,11.002189636230412],[123.92170715332031,11.002229690551871],[123.9212417602539,11.002590179443587],[123.9208374023442,11.002969741821403],[123.92041778564464,11.003319740295524],[123.92008972168003,11.003740310669059],[123.92003631591808,11.003800392150879],[123.91964721679699,11.004220008850154],[123.91927337646496,11.00454044342041],[123.91898345947277,11.0047998428347],[123.91871643066418,11.005049705505371],[123.91848754882858,11.005299568176326],[123.91819763183594,11.005559921264762],[123.91780853271484,11.005840301513729],[123.91737365722668,11.006139755249137],[123.91731262207031,11.00619029998802],[123.91697692871105,11.006489753723258],[123.91665649414097,11.00685977935791],[123.91631317138683,11.007209777832031],[123.91593170166027,11.007550239563045],[123.91558074951195,11.007949829101562],[123.91526794433605,11.008419990539494],[123.91496276855469,11.008850097656364],[123.91468048095749,11.009209632873592],[123.91443634033226,11.009519577026424],[123.91423034668003,11.00977993011486],[123.91404724121116,11.010020256042537],[123.91396331787155,11.010210037231559],[123.91393280029308,11.01029014587408],[123.91384887695347,11.010660171508789],[123.91367340087913,11.011019706726188],[123.91338348388695,11.011380195617903],[123.91307830810581,11.011859893798828],[123.9127883911134,11.012379646301383],[123.9125137329105,11.012860298156738],[123.91221618652355,11.01327037811285],[123.91192626953136,11.013629913330135],[123.91162109375045,11.013970375061092],[123.91158294677734,11.014039993286246],[123.91153717041016,11.014100074768066],[123.91133880615234,11.014389991760368],[123.9110031127932,11.014840126037598],[123.91059875488315,11.015319824218864],[123.91024780273438,11.01587963104248],[123.90992736816418,11.016460418701172],[123.90968322753906,11.017049789428711],[123.9093475341798,11.017589569091797],[123.9089813232423,11.018079757690657],[123.90860748291027,11.018589973449707],[123.90815734863281,11.019069671630803],[123.9076766967778,11.019550323486385],[123.90721893310547,11.020000457763786],[123.90721893310547,11.020090103149641],[123.90721893310547,11.020279884338436],[123.90416717529297,11.02332973480236],[123.90416717529297,11.023889541626033],[123.90334320068371,11.02472019195551],[123.90334320068371,11.024999618530387],[123.90249633789074,11.025830268859863],[123.90248870849621,11.026423454284725],[123.90222167968773,11.026670455932845],[123.90222167968773,11.027219772338924],[123.90194702148483,11.02750015258789],[123.90194702148483,11.029159545898438],[123.90139007568393,11.031669616699446],[123.90110778808594,11.031940460205135],[123.90110778808594,11.032810211181584],[123.90110778808594,11.033889770507812],[123.90139007568393,11.03417015075695],[123.90139007568393,11.034440040588493],[123.90165710449241,11.03472042083746],[123.90165710449241,11.034999847412166],[123.90277862548862,11.03610992431652],[123.90305328369152,11.03610992431652],[123.90361022949264,11.036669731140137],[123.90389251708984,11.036669731140137],[123.90471649169922,11.03750038146984],[123.90499877929733,11.03750038146984],[123.90556335449241,11.038060188293514],[123.90583038330112,11.038060188293514],[123.90611267089855,11.038330078125057],[123.90638732910156,11.038330078125057],[123.90833282470726,11.040280342101994],[123.90833282470726,11.040559768676871],[123.90888977050815,11.041110038757381],[123.90888977050815,11.041669845581055],[123.90915679931652,11.041939735412598],[123.90915679931652,11.042220115661564],[123.90972137451217,11.042779922485579],[123.90972137451217,11.043060302734375],[123.91000366210938,11.043330192565918],[123.91000366210938,11.043609619140625],[123.91278076171886,11.04638957977295],[123.91278076171886,11.046669960021916],[123.91416931152378,11.048060417175293],[123.91443634033226,11.048060417175293],[123.91500091552757,11.048609733581486],[123.91583251953136,11.048609733581486],[123.91610717773438,11.048890113830623],[123.91638946533249,11.048890113830623],[123.91665649414097,11.0491695404055],[123.91693878173828,11.0491695404055],[123.9188919067384,11.05111026763916],[123.9188919067384,11.051389694213867],[123.91944122314499,11.051939964294547],[123.91944122314499,11.052499771118221],[123.91972351074219,11.052780151367188],[123.92028045654331,11.052780151367188],[123.92028045654331,11.053330421447697],[123.92082977294967,11.053890228271712],[123.9211120605471,11.053890228271712],[123.92223358154331,11.055000305175895],[123.92223358154331,11.055279731750545],[123.92333221435581,11.056389808654728],[123.9238891601567,11.055830001831112],[123.92415618896507,11.055830001831112],[123.92445373535202,11.056110382080078],[123.9247207641605,11.056110382080078],[123.92500305175793,11.056389808654728],[123.92500305175793,11.056670188903922],[123.92527770996105,11.056949615478743],[123.92527770996105,11.057220458984432],[123.92555236816452,11.057499885559082],[123.92555236816452,11.057780265808049],[123.92666625976562,11.058890342712402],[123.92749786376976,11.058890342712402],[123.92861175537121,11.060000419616756],[123.92861175537121,11.060279846191634],[123.92890930175815,11.060569763183537],[123.92916107177734,11.060830116271973],[123.929443359375,11.06110954284668],[123.92974090576217,11.061429977417106],[123.93003845214844,11.061820030212516],[123.9301681518557,11.06194972991949],[123.9303970336914,11.062179565429744],[123.93079376220703,11.062490463256836],[123.93112945556686,11.062809944152832],[123.93150329589866,11.063079833984375],[123.93179321289085,11.063389778137207],[123.9320068359375,11.063739776611328],[123.93229675293003,11.06398963928234],[123.9325180053711,11.064279556274414],[123.93270874023438,11.064530372619686],[123.93283081054699,11.064800262451286],[123.93303680419967,11.065019607543945],[123.93315887451172,11.065329551696777],[123.9333267211914,11.06558036804222],[123.93343353271518,11.065899848937988],[123.93359375000011,11.06618976593029],[123.9337387084961,11.066519737243652],[123.93386840820347,11.066869735717773],[123.93396759033214,11.067270278930778],[123.9341735839846,11.067779541015739],[123.9341735839846,11.068059921264876],[123.93444824218784,11.068329811096248],[123.93444824218784,11.068889617919922],[123.93499755859375,11.069439888000602],[123.93499755859375,11.069720268249569],[123.93527984619186,11.069999694824276],[123.93527984619186,11.07056045532238],[123.935546875,11.070830345153752],[123.935546875,11.071390151977766],[123.93583679199219,11.071669578552246],[123.93583679199219,11.072219848632812],[123.93611145019565,11.07250022888195],[123.93611145019565,11.07444000244152],[123.935546875,11.074999809265137],[123.935546875,11.07610988616949],[123.93527984619186,11.076390266418457],[123.935546875,11.076669692993164],[123.935546875,11.077219963073674],[123.93472290039074,11.078060150146484],[123.93472290039074,11.078610420226994],[123.93444824218784,11.078889846801871],[123.93444824218784,11.079449653625545],[123.9341735839846,11.079719543457088],[123.9341735839846,11.079999923706055],[123.93389129638695,11.080280303955192],[123.93389129638695,11.080559730529899],[123.93444824218784,11.081110000610408],[123.93444824218784,11.081939697265625],[123.9347534179692,11.08222961425787],[123.93472290039074,11.082309722900618],[123.93472290039074,11.082779884338379],[123.93448638916016,11.08300971984869],[123.93444824218784,11.083060264587402],[123.93444824218784,11.083160400390682],[123.93444824218784,11.083330154418945],[123.93438720703159,11.08362007141119],[123.93435668945324,11.083680152893066],[123.93421936035156,11.083999633789176],[123.93411254882812,11.08440017700201],[123.93390655517578,11.084779739379996],[123.93374633789108,11.085140228271484],[123.93361663818405,11.085519790649471],[123.93360900878952,11.085829734802303],[123.9333267211914,11.08611011505127],[123.9333267211914,11.086409568786678],[123.9333267211914,11.087220191955623],[123.93315124511719,11.08740043640131],[123.93305206298862,11.08749961853033],[123.93305206298862,11.087789535522404],[123.93305206298862,11.088330268859806],[123.93277740478516,11.08860015869135],[123.93250274658203,11.088890075683821],[123.93250274658203,11.089119911193904],[123.93250274658203,11.090000152588004],[123.93199920654297,11.09049987792963],[123.9319534301759,11.090559959411678],[123.9319534301759,11.090829849243221],[123.93166351318371,11.091110229492188],[123.93166351318371,11.092220306396541],[123.9319534301759,11.092499732971191],[123.9319534301759,11.092780113220158],[123.93212127685547,11.092949867248592],[123.93222045898483,11.093059539795036],[123.93222045898483,11.093609809875545],[123.93218231201172,11.093649864196834],[123.9319534301759,11.093890190124512],[123.9319534301759,11.094719886779728],[123.9319763183596,11.094759941101188],[123.93215942382847,11.094940185546875],[123.93222045898483,11.095000267028865],[123.93222045898483,11.095149993896598],[123.93222045898483,11.095279693603743],[123.93250274658203,11.095560073852539],[123.93222045898483,11.095829963684082],[123.93222045898483,11.096110343933049],[123.93250274658203,11.096389770507926],[123.93222045898483,11.096670150757063],[123.93222045898483,11.098329544067496],[123.93250274658203,11.098609924316463],[123.93250274658203,11.09889030456543],[123.93222045898483,11.09916973114008],[123.93222045898483,11.099720001220817],[123.93213653564453,11.099800109863395],[123.9319534301759,11.100000381469954],[123.93215179443393,11.100210189819336],[123.93250274658203,11.100560188293457],[123.93222045898483,11.100830078125],[123.93222045898483,11.101389884948787],[123.93277740478516,11.101940155029354],[123.93277740478516,11.10389041900629],[123.93261718750011,11.104040145874023],[123.93250274658203,11.104169845581168],[123.93266296386764,11.104319572448674],[123.93277740478516,11.104439735412711],[123.93277740478516,11.104999542236385],[123.93305206298862,11.105279922485352],[123.93305206298862,11.105560302734489],[123.93360900878952,11.106109619140739],[123.93360900878952,11.106670379638672],[123.93377685546886,11.106829643249512],[123.93389129638695,11.106940269470215],[123.9342269897461,11.107290267944336],[123.93472290039074,11.107780456543196],[123.93694305419945,11.107780456543196],[123.93750000000034,11.107219696044922],[123.93750000000034,11.10696983337425],[123.93753051757812,11.106920242309684],[123.93833160400436,11.106109619140739],[123.93833160400436,11.105560302734489],[123.93860626220703,11.105279922485352],[123.93860626220703,11.104439735412711],[123.93916320800815,11.10389041900629],[123.93916320800815,11.103610038757324],[123.94055175781284,11.102219581604004],[123.94055175781284,11.101940155029354],[123.94082641601574,11.10167026519781],[123.94082641601574,11.101110458374137],[123.9411087036134,11.100830078125],[123.9411087036134,11.100560188293457],[123.94139099121105,11.100279808044434],[123.94139099121105,11.100000381469954],[123.94194793701217,11.09943962097168],[123.94194793701217,11.09916973114008],[123.94222259521484,11.09889030456543],[123.94222259521484,11.098059654235954],[123.94277954101597,11.09749984741211],[123.94249725341797,11.097220420837402],[123.94373321533237,11.095990180969238],[123.94583129882847,11.093890190124512],[123.94583129882847,11.093609809875545],[123.94611358642578,11.093330383300895],[123.94611358642578,11.093059539795036],[123.94638824462936,11.092780113220158],[123.94638824462936,11.09253978729248],[123.94638824462936,11.092499732971191],[123.94666290283226,11.092220306396541],[123.94666290283226,11.091670036316032]]]}},{"type":"Feature","properties":{"ID_0":177,"ISO":"PHL","NAME_0":"Philippines","ID_1":25,"NAME_1":"Cebu","ID_2":487,"NAME_2":"Sogod","NL_NAME_2":null,"VARNAME_2":null,"TYPE_2":"Bayan|Munisipyo","ENGTYPE_2":"Municipality","PROVINCE":"Cebu","REGION":"Central Visayas (Region VII)"},"geometry":{"type":"Polygon","coordinates":[[[123.95500183105469,10.819620132446516],[123.95594024658237,10.819589614868164],[123.95680236816406,10.819589614868164],[123.95664215087936,10.818940162658691],[123.9574966430664,10.818249702453556],[123.95725250244163,10.817870140075797],[123.95697021484398,10.817259788513411],[123.95781707763683,10.816679954528865],[123.96013641357456,10.816960334777832],[123.96067810058605,10.817150115966797],[123.96147155761753,10.817279815673771],[123.96228790283237,10.81641960144043],[123.96253967285156,10.815400123596419],[123.96298980712936,10.815779685974235],[123.9634780883789,10.815099716186523],[123.96436309814453,10.815039634704704],[123.96573638916038,10.814800262451115],[123.96676635742199,10.814900398254451],[123.9676437377932,10.815759658813477],[123.96827697753952,10.815890312194938],[123.96881103515625,10.814880371093864],[123.96999359130905,10.814180374145451],[123.97068023681675,10.81422042846674],[123.97168731689453,10.81396961212181],[123.97328948974655,10.813429832458553],[123.97464752197266,10.813460350036678],[123.9751663208009,10.81315994262701],[123.97575378417991,10.8123397827149],[123.9764862060548,10.811100006103572],[123.97592926025402,10.810110092163086],[123.97686767578136,10.80967044830328],[123.9776229858403,10.809419631957951],[123.97796630859375,10.80788993835472],[123.97853088378906,10.806819915771484],[123.97898101806652,10.806489944458065],[123.98066711425827,10.806189537048397],[123.9825668334961,10.80535984039318],[123.98780822753906,10.80420017242443],[123.99420166015625,10.802330017089844],[123.99656677246128,10.801969528198299],[124.0012130737307,10.801110267639217],[124.00321960449241,10.80125999450695],[124.00431060791016,10.801340103149471],[124.0065612792971,10.801619529724348],[124.00926208496094,10.80088996887207],[124.01200866699264,10.800290107727164],[124.01299285888672,10.801170349121037],[124.01374816894531,10.801460266113509],[124.01458740234375,10.801420211792049],[124.01522064208996,10.802269935607967],[124.01529693603516,10.80315971374523],[124.01582336425827,10.803660392761344],[124.01635742187511,10.803790092468319],[124.0169830322269,10.803779602050895],[124.01792144775436,10.802590370178223],[124.01847076416027,10.801890373230037],[124.0195999145509,10.801360130310059],[124.02104187011753,10.801799774170036],[124.02208709716808,10.802390098572005],[124.02282714843795,10.802049636840877],[124.0233306884769,10.801420211792049],[124.02400970459007,10.801429748535213],[124.02504730224643,10.802000045776424],[124.02599334716831,10.801930427551326],[124.02699279785156,10.80183029174799],[124.02790832519565,10.801919937133903],[124.02852630615234,10.800809860229549],[124.02915191650402,10.800620079040527],[124.0302505493164,10.800569534301815],[124.03131866455078,10.800169944763297],[124.03202819824264,10.800470352172852],[124.03331756591842,10.80043983459467],[124.03330993652389,10.800230026245117],[124.03321075439453,10.799739837646428],[124.03308868408203,10.799229621887207],[124.03305816650425,10.798700332641715],[124.03305053710972,10.798100471496582],[124.0330734252932,10.7974596023559],[124.03312683105514,10.79679012298584],[124.03334045410168,10.796170234680176],[124.03352355957043,10.795579910278377],[124.03344726562523,10.795000076294002],[124.03330993652389,10.794429779052734],[124.03309631347656,10.79391002655035],[124.03301239013672,10.793339729309082],[124.03282165527344,10.792860031128043],[124.03273773193405,10.792380332946777],[124.03256988525402,10.791990280151367],[124.03254699707077,10.791939735412825],[124.03247070312511,10.791620254516715],[124.03231048584007,10.791319847107161],[124.03218841552746,10.791009902954329],[124.03201293945324,10.790730476379451],[124.03185272216831,10.790289878845215],[124.03164672851608,10.78983020782465],[124.03138732910156,10.789250373840446],[124.03106689453148,10.788649559021223],[124.03076934814487,10.78804969787592],[124.03050231933639,10.787449836731014],[124.0304565429692,10.787349700927734],[124.03027343750011,10.786899566650504],[124.030029296875,10.786430358886832],[124.02986907958984,10.785989761352539],[124.02970123291027,10.78563022613531],[124.0295028686528,10.78530025482172],[124.02940368652344,10.784879684448356],[124.02922821044933,10.784469604492244],[124.02916717529342,10.78400993347168],[124.02916717529342,10.783539772033748],[124.02916717529342,10.783089637756348],[124.02913665771496,10.782640457153377],[124.02902221679688,10.782219886780013],[124.02884674072277,10.78180980682373],[124.02861785888706,10.781430244445914],[124.0283889770509,10.7810697555542],[124.02818298339855,10.780699729919547],[124.0279235839846,10.78040027618431],[124.02770233154308,10.780050277710188],[124.02742004394543,10.77970981597906],[124.02713012695324,10.779339790344181],[124.02686309814464,10.778949737548771],[124.02652740478516,10.778619766235579],[124.02617645263683,10.778329849243107],[124.02583312988281,10.778059959411564],[124.02548217773438,10.77781009674078],[124.0251083374028,10.777589797973633],[124.02472686767624,10.777330398559684],[124.0243530273442,10.777020454406852],[124.02397155761764,10.776679992675838],[124.02359008789108,10.776370048523006],[124.02321624755871,10.776100158691463],[124.02287292480514,10.77583026886009],[124.02247619628918,10.775549888610954],[124.02203369140625,10.775270462036076],[124.02150726318371,10.774970054626579],[124.02100372314453,10.774589538574276],[124.0205078125,10.77418041229248],[124.02007293701183,10.77377033233654],[124.01969909668003,10.773349761962947],[124.01930999755871,10.773099899291992],[124.01888275146518,10.773050308227539],[124.01846313476574,10.773019790649414],[124.01806640625011,10.772930145263729],[124.01763153076172,10.77291011810297],[124.01721191406261,10.772999763488883],[124.01685333251976,10.772919654846305],[124.01651000976562,10.772689819336051],[124.01560974121105,10.77237987518322],[124.01484680175793,10.771679878234977],[124.01392364501987,10.771059989929313],[124.01341247558628,10.771229743957576],[124.01293182373058,10.771260261535701],[124.01241302490234,10.771080017089844],[124.01190185546898,10.770759582519588],[124.0118637084961,10.770730018615723],[124.01138305664108,10.770230293273926],[124.01117706298828,10.769980430603084],[124.01093292236362,10.769659996032658],[124.01056671142601,10.769020080566463],[124.01032257080078,10.76836013793968],[124.01030731201206,10.768280029296932],[124.01030731201206,10.768219947814941],[124.01024627685558,10.767689704895133],[124.0103988647461,10.7666397094726],[124.01049041748081,10.76642036437994],[124.01053619384777,10.766289710998478],[124.01049041748081,10.766280174255371],[124.01006317138683,10.766220092773551],[124.00972747802768,10.766200065612793],[124.00952148437545,10.76618957519537],[124.00911712646496,10.766039848327694],[124.00871276855514,10.76576995849615],[124.00833129882858,10.765399932861271],[124.00798797607445,10.764980316162223],[124.0077133178711,10.764510154724064],[124.00762939453159,10.76438426971447],[124.00742340087936,10.764069557189998],[124.00714111328125,10.763609886169434],[124.00686645507847,10.763139724731502],[124.0065612792971,10.762749671936092],[124.00630187988315,10.76228046417259],[124.0060424804692,10.761859893798885],[124.00586700439464,10.76138019561779],[124.00579071044945,10.760829925537053],[124.00565338134811,10.760359764099121],[124.00572204589878,10.759880065918196],[124.00579833984398,10.759389877319336],[124.00572967529331,10.758769989013672],[124.00557708740246,10.758219718933162],[124.00552368164108,10.757659912109489],[124.00504302978516,10.756890296936149],[124.00499725341797,10.756819725036678],[124.00483703613304,10.75648021697998],[124.00473785400402,10.755849838256893],[124.00472259521496,10.755220413208121],[124.00470733642624,10.754619598388729],[124.00467681884766,10.75403022766119],[124.00480651855469,10.753439903259391],[124.00473785400402,10.751919746398926],[124.00476074218795,10.75183010101324],[124.00495147705124,10.75109004974371],[124.00537109375,10.750399589538631],[124.00557708740246,10.74950027465826],[124.00557708740246,10.748609542846793],[124.00565338134811,10.747360229492301],[124.00578308105503,10.746600151062239],[124.00675964355469,10.745840072631836],[124.00733184814453,10.745429992675895],[124.00743103027389,10.745079994201774],[124.0077514648442,10.74487018585205],[124.00794219970749,10.744529724121094],[124.00818634033249,10.744219779968262],[124.00846099853538,10.743940353393555],[124.00872039794933,10.74361991882347],[124.00894927978561,10.743180274963493],[124.00901031494152,10.743080139160213],[124.00956726074219,10.741880416870174],[124.00999450683616,10.74106597900402],[124.01014709472656,10.740799903869686],[124.01038360595703,10.74038028717041],[124.0109634399414,10.739319801330623],[124.01122283935558,10.73808956146246],[124.01130676269565,10.737669944763184],[124.0113983154298,10.737520217895508],[124.01207733154331,10.736310005187988],[124.0121536254884,10.736209869384709],[124.01291656494152,10.735250473022518],[124.01334381103561,10.73462009429926],[124.01376342773438,10.733449935913086],[124.01429748535202,10.732729911804313],[124.01422882080078,10.732110023498649],[124.01355743408203,10.731690406799373],[124.01155090332031,10.731829643249512],[124.01007080078136,10.731780052185059],[124.00863647460972,10.731349945068416],[124.00813293457077,10.730620384216309],[124.0058364868164,10.729669570922965],[124.00408935546875,10.728940010070914],[124.00366973876964,10.729319572448674],[124.00305938720737,10.730859756469727],[124.00200653076172,10.731140136718864],[124.00055694580124,10.730680465698356],[123.99952697753906,10.729920387268066],[123.99904632568393,10.729559898376579],[123.99803924560558,10.729740142822209],[123.99709320068371,10.729249954223746],[123.99700164794956,10.728070259094238],[123.99624633789097,10.727450370788574],[123.99527740478527,10.727350234985465],[123.99107360839844,10.729280471801871],[123.9899597167971,10.72898960113531],[123.98798370361362,10.728039741516056],[123.9874267578125,10.727999687194767],[123.98552703857422,10.730110168457088],[123.98465728759766,10.72996997833252],[123.9833374023442,10.730270385742188],[123.98230743408214,10.730340003967513],[123.98159790039062,10.729660034179688],[123.98040008544933,10.730139732360954],[123.97894287109375,10.728839874267578],[123.97744750976574,10.728260040283203],[123.9761199951173,10.728280067443961],[123.9752578735355,10.728010177612418],[123.97421264648449,10.726260185241813],[123.97419738769543,10.7255601882934],[123.97319030761719,10.725259780883903],[123.97207641601562,10.725230216980208],[123.97128295898438,10.724639892578239],[123.96974182128929,10.724140167236385],[123.96925354003918,10.724249839782829],[123.96884918212936,10.724720001220817],[123.96823120117188,10.724889755249023],[123.96795654296909,10.724089622497502],[123.9670181274414,10.72346019744873],[123.96592712402366,10.723660469055119],[123.96572875976597,10.722599983215389],[123.96614837646484,10.72136020660406],[123.96595764160156,10.720809936523551],[123.96504211425793,10.720060348510685],[123.96465301513717,10.718629837036076],[123.96201324462902,10.71615028381342],[123.96137237548828,10.714320182800293],[123.9605484008789,10.713419914245662],[123.95957946777344,10.713959693908748],[123.95909881591797,10.713589668273926],[123.95909881591797,10.713330268859977],[123.95909118652344,10.712329864502067],[123.95825958251953,10.711310386657658],[123.95802307128952,10.711660385131779],[123.9574966430664,10.71310997009283],[123.95657348632847,10.712679862976188],[123.95620727539085,10.711720466613826],[123.95630645751999,10.710709571838436],[123.95500183105469,10.71000957489025],[123.95478057861374,10.70903015136713],[123.9554672241211,10.707610130310115],[123.95555114746139,10.706700325012207],[123.95451354980469,10.705630302429313],[123.95408630371128,10.70487022399908],[123.95437622070324,10.704000473022575],[123.95323181152355,10.703689575195256],[123.95242309570312,10.703920364379996],[123.95227813720714,10.703129768371639],[123.95243072509766,10.701569557190055],[123.95176696777344,10.701459884643782],[123.95085906982445,10.7006196975708],[123.94962310791038,10.699790000915584],[123.94774627685581,10.700090408325309],[123.94812011718784,10.699449539184627],[123.94883728027355,10.699029922485352],[123.94818115234409,10.698289871215877],[123.947792053223,10.697330474853516],[123.94844818115246,10.69661998748802],[123.9483032226567,10.69612979888916],[123.94848632812545,10.695380210876692],[123.94908142089878,10.695409774780387],[123.94857025146507,10.694629669189396],[123.94805145263717,10.694310188293457],[123.94824218750045,10.693610191345215],[123.94911956787121,10.693460464477539],[123.94960784912121,10.693559646606502],[123.94988250732433,10.69299030303955],[123.94925689697311,10.692339897155762],[123.94860076904297,10.691880226135368],[123.94888305664097,10.69099044799816],[123.94862365722702,10.689880371093977],[123.9468994140625,10.6879501342774],[123.94522857666027,10.686260223388672],[123.94519805908249,10.68556022644043],[123.94557952880905,10.684920310974178],[123.94499969482467,10.684320449829102],[123.94454956054722,10.684459686279354],[123.94364166259766,10.684040069580135],[123.94412994384766,10.683710098266545],[123.94489288330078,10.683400154113713],[123.94499969482467,10.683030128479231],[123.9446487426759,10.682239532470646],[123.9440536499028,10.682180404663143],[123.94381713867188,10.681409835815487],[123.94265747070335,10.680979728698958],[123.94229125976562,10.681509971618766],[123.94210815429688,10.684769630432186],[123.94155883789062,10.696769714355526],[123.94149780273472,10.7010498046875],[123.9463119506836,10.729470252990666],[123.94896697998047,10.744339942932072],[123.94891357421875,10.747099876403865],[123.94882202148483,10.747870445251579],[123.94718170166016,10.76675033569336],[123.94709014892578,10.771940231323185],[123.94483184814464,10.790670394897461],[123.94465637207043,10.807049751281738],[123.95110321044967,10.82621955871582],[123.95108032226562,10.825790405273438],[123.95191955566452,10.824990272522086],[123.95197296142578,10.824549674987793],[123.95182037353538,10.823599815368766],[123.95274353027355,10.822569847106934],[123.95311737060547,10.821780204773063],[123.9538803100586,10.821310043335075],[123.9544067382817,10.820349693298454],[123.95500183105469,10.819620132446516]]]}},{"type":"Feature","properties":{"ID_0":177,"ISO":"PHL","NAME_0":"Philippines","ID_1":25,"NAME_1":"Cebu","ID_2":488,"NAME_2":"Tabogon","NL_NAME_2":null,"VARNAME_2":null,"TYPE_2":"Bayan|Munisipyo","ENGTYPE_2":"Municipality","PROVINCE":"Cebu","REGION":"Central Visayas (Region VII)"},"geometry":{"type":"MultiPolygon","coordinates":[[[[124.04118347168014,10.970870018005485],[124.04120635986362,10.970410346984977],[124.04136657714866,10.970049858093262],[124.0415496826173,10.969690322875977],[124.04167938232422,10.96879959106451],[124.04167938232422,10.967619895935172],[124.04161834716797,10.966420173645133],[124.04161071777344,10.966239929199276],[124.04154205322277,10.965200424194336],[124.04164123535213,10.964090347289982],[124.04165649414085,10.964019775390739],[124.04178619384766,10.963620185852221],[124.0417098999028,10.963069915771484],[124.04151153564499,10.962510108947868],[124.04142761230469,10.962114334106502],[124.0413970947269,10.96195983886713],[124.04129791259766,10.961460113525504],[124.0412368774414,10.960949897766284],[124.04107666015648,10.960479736328125],[124.04086303710949,10.960040092468319],[124.04064178466797,10.958979606628361],[124.04035949707031,10.958219528198299],[124.03952789306652,10.956970214843864],[124.03938293457031,10.955869674682617],[124.03896331787166,10.954620361328352],[124.03875732421875,10.953379631042537],[124.0384292602539,10.952699661254883],[124.03840637207054,10.952159881591797],[124.03822326660179,10.951970100402775],[124.0379104614259,10.951899528503532],[124.03755187988304,10.951700210571232],[124.03717803955146,10.951439857483194],[124.03714752197277,10.951419830322266],[124.03677368164074,10.951250076294002],[124.03617858886764,10.951359748840446],[124.03556060791016,10.95164966583252],[124.03546905517646,10.951700210571232],[124.03484344482467,10.95164966583252],[124.03437042236328,10.951410293579158],[124.03395843505893,10.951169967651651],[124.03353881835949,10.951000213623217],[124.0331497192384,10.95083999633789],[124.03276824951183,10.950670242309627],[124.03244018554688,10.950349807739371],[124.03218841552746,10.949899673462141],[124.03201293945324,10.949359893798885],[124.03163909912132,10.948129653930664],[124.03115081787166,10.947170257568303],[124.03093719482422,10.947010040283203],[124.03090667724643,10.946990013122615],[124.03076171875034,10.946729660034237],[124.03043365478516,10.946279525756836],[124.0306167602539,10.946029663086165],[124.03085327148449,10.945730209350586],[124.03106689453148,10.945400238037223],[124.03115844726585,10.9451904296875],[124.03122711181652,10.94501972198492],[124.03135681152366,10.944609642028809],[124.03138732910156,10.944140434265137],[124.03138732910156,10.943610191345158],[124.03138732910156,10.943050384521541],[124.03138732910156,10.94248962402338],[124.03138732910156,10.941929817199764],[124.03138732910156,10.941390037536621],[124.03141021728561,10.940870285034293],[124.03147125244175,10.940360069275016],[124.03173828125023,10.939889907836914],[124.03191375732456,10.939479827880916],[124.0319595336914,10.93937015533453],[124.03217315673874,10.938859939575252],[124.03225708007812,10.938340187072754],[124.03234100341797,10.937890052795524],[124.03202819824264,10.937410354614258],[124.03150939941406,10.936960220337028],[124.03138732910156,10.936759948730582],[124.03136444091797,10.936725616455078],[124.03125000000011,10.93651008605957],[124.03118133544922,10.936160087585506],[124.03132629394543,10.93589973449707],[124.03161621093761,10.93568038940441],[124.03211975097679,10.93554973602295],[124.0327606201173,10.93556976318365],[124.03282165527344,10.93556976318365],[124.033241271973,10.935319900512695],[124.03331756591842,10.935040473937988],[124.03323364257824,10.934760093689192],[124.03308868408203,10.934459686279297],[124.03305816650425,10.934100151062069],[124.03305816650425,10.933670043945426],[124.032997131348,10.933170318603572],[124.03275299072277,10.93266963958746],[124.03238677978527,10.932209968566951],[124.03208923339855,10.931719779968262],[124.03183746337936,10.931269645691032],[124.03176879882812,10.931130409240723],[124.03163146972668,10.930839538574332],[124.03135681152366,10.9305295944215],[124.03106689453148,10.930270195007552],[124.03101348876953,10.930199623107967],[124.0308990478519,10.930080413818416],[124.03079223632812,10.92998027801508],[124.0305404663086,10.929650306701888],[124.03048706054699,10.929570198059139],[124.03034210205078,10.929280281066895],[124.03032684326206,10.929180145263729],[124.03028106689464,10.928850173950195],[124.03031921386764,10.928420066833496],[124.03037261962902,10.92833042144781],[124.03054809570312,10.928059577941951],[124.03083038330124,10.92774963378912],[124.03115081787143,10.927479743957576],[124.03150177001953,10.927240371704215],[124.0318298339846,10.92700004577631],[124.03198242187545,10.926529884338379],[124.0321273803711,10.926070213317814],[124.03222656250045,10.92558956146246],[124.03238677978527,10.925129890441895],[124.03251647949219,10.924690246582088],[124.03263092041016,10.924260139465446],[124.03269958496094,10.924070358276424],[124.03278350830101,10.923870086670036],[124.03294372558605,10.923480033874625],[124.0330734252932,10.923049926757756],[124.033241271973,10.922650337219238],[124.03333282470714,10.922499656677246],[124.03333282470714,10.922220230102596],[124.03388977050827,10.92166996002203],[124.0341567993164,10.920280456543196],[124.03500366210938,10.919170379638672],[124.03500366210938,10.918889999389705],[124.03595733642578,10.917929649353027],[124.03610992431675,10.917779922485352],[124.03610992431675,10.917260169983138],[124.03610992431675,10.916970252990666],[124.03639221191418,10.916669845581168],[124.03584289550827,10.914719581604004],[124.03584289550827,10.913889884948787],[124.03566741943393,10.913269996643123],[124.03555297851585,10.912779808044434],[124.03555297851585,10.912500381469783],[124.03607940673828,10.911979675292912],[124.03639221191418,10.91166973114008],[124.03663635253906,10.911620140075684],[124.0379104614259,10.91139030456543],[124.03874969482422,10.911250114441032],[124.03916931152366,10.911250114441032],[124.03954315185581,10.91135025024414],[124.04055786132858,10.91162967681879],[124.04132843017624,10.911439895629996],[124.04174804687523,10.911370277404842],[124.04264068603516,10.911069869995174],[124.04297637939487,10.911210060119743],[124.04338073730469,10.911140441894588],[124.04379272460938,10.911109924316463],[124.04419708251964,10.911069869995174],[124.04424285888717,10.911080360412598],[124.04457855224621,10.910989761352766],[124.04485321044922,10.910790443420467],[124.04488372802768,10.910759925842342],[124.04509735107422,10.910440444946346],[124.04566955566406,10.909930229187125],[124.04595184326217,10.90841007232666],[124.04608917236374,10.907030105590934],[124.04635620117222,10.905850410461426],[124.04678344726597,10.904870033264217],[124.04692840576206,10.904540061950684],[124.04701232910156,10.903790473938045],[124.04733276367188,10.903389930725211],[124.047607421875,10.903030395507812],[124.04769897460938,10.902930259704647],[124.04783630371105,10.902729988098258],[124.04802703857433,10.902429580688533],[124.04817199707031,10.902150154113883],[124.04834747314453,10.90188026428234],[124.04846954345703,10.901590347290039],[124.0484619140625,10.901220321655387],[124.04843902587936,10.900770187377987],[124.04860687255871,10.900289535522404],[124.04882812500034,10.899749755859489],[124.04898071289074,10.899140357971419],[124.04920196533249,10.898630142212028],[124.04946136474643,10.898180007934627],[124.05008697509766,10.897820472717342],[124.05058288574219,10.897259712219238],[124.05071258544945,10.89676952362072],[124.05078125000011,10.896499633789176],[124.05084991455078,10.895669937133789],[124.05081939697266,10.895359992980957],[124.05078125000011,10.895050048828125],[124.05120086669922,10.894430160522461],[124.05168914794956,10.894149780273665],[124.0518264770509,10.893810272216797],[124.05201721191418,10.892829895019588],[124.05203247070324,10.892769813537598],[124.05184936523449,10.892189979553223],[124.05196380615234,10.891710281372127],[124.05211639404308,10.891320228576888],[124.05222320556652,10.890919685363713],[124.05230712890636,10.890500068664664],[124.05245971679722,10.8900403976441],[124.05252838134788,10.889519691467285],[124.05261993408226,10.888999938965071],[124.05283355712925,10.888509750366211],[124.05293273925781,10.88799953460699],[124.05281066894554,10.887479782104606],[124.05261993408226,10.886930465698356],[124.05269622802768,10.886819839477653],[124.05283355712925,10.886659622192326],[124.05325317382812,10.885210037231502],[124.05329132080101,10.884980201721191],[124.05339050293014,10.884449958801213],[124.05359649658237,10.884030342102164],[124.05394744873058,10.883130073547363],[124.0541610717778,10.88263034820551],[124.05417633056675,10.88259029388422],[124.05436706543003,10.882160186767578],[124.05478668212902,10.881609916687069],[124.05465698242188,10.880990028381404],[124.05464172363281,10.88092041015625],[124.054443359375,10.880160331726188],[124.05436706543003,10.879400253295955],[124.05436706543003,10.879260063171387],[124.0540237426759,10.878849983215389],[124.0537719726567,10.878780364990291],[124.0535278320317,10.87870979309082],[124.0531234741211,10.87903976440441],[124.05278778076183,10.879150390625114],[124.05243682861374,10.879309654235954],[124.05209350585938,10.879420280456657],[124.05168914794956,10.879409790039062],[124.05127716064464,10.87919998168951],[124.05049133300793,10.878729820251579],[124.05032348632824,10.878840446472282],[124.05000305175781,10.879229545593375],[124.05003356933628,10.879969596862907],[124.0494537353519,10.881429672241211],[124.04856872558639,10.881839752197322],[124.04670715332054,10.881770133972168],[124.04548645019531,10.881609916687069],[124.04472351074219,10.8811998367309],[124.04387664794956,10.88123989105219],[124.04254913330078,10.881939888000602],[124.04193878173851,10.882430076599121],[124.04152679443371,10.883390426635742],[124.04165649414085,10.884280204773006],[124.04135894775402,10.88521957397461],[124.04099273681686,10.885789871215877],[124.04031372070335,10.886560440063533],[124.03954315185581,10.887040138244629],[124.0386581420903,10.887229919433594],[124.03795623779331,10.886320114135856],[124.03742980957043,10.885640144348145],[124.0369796752932,10.88523960113531],[124.03621673584007,10.885109901428166],[124.03582000732433,10.885250091552734],[124.0351333618164,10.885869979858398],[124.0347824096682,10.886210441589583],[124.03353881835949,10.886739730835075],[124.0328369140625,10.887069702148494],[124.0322418212894,10.887499809265137],[124.0318069458009,10.888420104980526],[124.03189849853527,10.88893985748291],[124.03151702880871,10.88903999328619],[124.03051757812534,10.889260292053336],[124.03000640869175,10.889909744262638],[124.02922821044933,10.890469551086483],[124.0281600952153,10.890569686889592],[124.02674865722668,10.889739990234432],[124.02536773681675,10.888930320739746],[124.02446746826206,10.888469696044922],[124.02345275878952,10.887829780578727],[124.02214050292969,10.888030052185286],[124.02178955078136,10.888199806213379],[124.02150726318371,10.888339996338118],[124.02092742919933,10.887539863586426],[124.02037811279308,10.887350082397461],[124.02002716064487,10.887220382690487],[124.01925659179733,10.887559890747184],[124.01905059814476,10.88764953613287],[124.01793670654331,10.888010025024414],[124.01759338378918,10.888130187988224],[124.01669311523438,10.887140274048079],[124.01611328125,10.886329650879134],[124.01542663574241,10.88584041595459],[124.01461791992233,10.8858003616333],[124.0139312744144,10.885399818420638],[124.01309967041061,10.886030197143555],[124.01229095458984,10.886719703674373],[124.01206207275402,10.886799812316895],[124.01171875,10.886930465698356],[124.01100921630871,10.886770248413086],[124.01048278808639,10.886619567871037],[124.00993347167969,10.886389732360783],[124.00946044921875,10.886409759521541],[124.0086593627932,10.88689994812023],[123.99080657958996,10.888110160827694],[123.98912811279331,10.888569831848201],[123.98706817626953,10.888919830322322],[123.97309112548874,10.890890121460018],[123.96015167236328,10.892600059509505],[123.96111297607422,10.895299911499137],[123.96190643310581,10.897459983825627],[123.96244049072266,10.899889945983887],[123.96283721923828,10.902700424194393],[123.96322631835938,10.904720306396541],[123.96308135986328,10.906200408935547],[123.9628829956057,10.908200263977278],[123.96188354492188,10.91007995605463],[123.96067047119152,10.912090301513672],[123.95939636230469,10.91582012176525],[123.95887756347679,10.918809890747298],[123.95855712890636,10.921640396118221],[123.9584884643557,10.923430442810059],[123.95883178710938,10.924039840698299],[123.95889282226562,10.925869941711426],[123.95889282226562,10.929140090942496],[123.95903778076183,10.93280029296875],[123.95825958251953,10.937629699707088],[123.95720672607467,10.943110466003532],[123.95588684082043,10.948679924011174],[123.95545959472656,10.949850082397575],[123.9548492431644,10.953450202942008],[123.9542694091798,10.9576997756958],[123.9539566040039,10.96162033081066],[123.95394134521484,10.962114334106502],[123.95372009277366,10.967069625854492],[123.95334625244163,10.970890045166016],[123.95346832275425,10.973970413208121],[123.95271301269531,10.97772026062023],[123.95787811279297,10.971260070800895],[123.96044158935547,10.970609664917049],[123.96395874023472,10.971119880676326],[123.96716308593761,10.972399711608944],[123.97052764892578,10.973589897155819],[123.97376251220703,10.975729942321777],[123.97666931152389,10.978670120239315],[123.98242950439476,10.98328971862793],[123.98645782470737,10.986909866333065],[123.98988342285202,10.986379623413086],[124.01938629150436,10.981579780578613],[124.03318786621128,10.979470252990836],[124.04448699951183,10.977044105529728],[124.04450988769554,10.976869583129826],[124.04454040527344,10.976739883422852],[124.04460906982445,10.976320266723633],[124.04448699951183,10.97577953338623],[124.04414367675781,10.975410461426009],[124.04371643066406,10.975069999694881],[124.04337310791038,10.974679946899471],[124.04309082031295,10.974260330200195],[124.04283142089844,10.973830223083553],[124.04254913330078,10.973380088806096],[124.04221343994175,10.972900390625057],[124.04184722900413,10.97239017486578],[124.04151916503952,10.971879959106559],[124.04126739501976,10.971380233764705],[124.04118347168014,10.970870018005485]]]]}},{"type":"Feature","properties":{"ID_0":177,"ISO":"PHL","NAME_0":"Philippines","ID_1":25,"NAME_1":"Cebu","ID_2":489,"NAME_2":"Tabuelan","NL_NAME_2":null,"VARNAME_2":null,"TYPE_2":"Bayan|Munisipyo","ENGTYPE_2":"Municipality","PROVINCE":"Cebu","REGION":"Central Visayas (Region VII)"},"geometry":{"type":"Polygon","coordinates":[[[123.89707183837913,10.906780242919922],[123.89803314209007,10.90672969818121],[123.89878082275425,10.90717983245844],[123.89940643310547,10.907500267028865],[123.89990234375,10.907420158386344],[123.90083312988281,10.906100273132438],[123.90144348144565,10.905099868774471],[123.90194702148483,10.904700279235783],[123.90223693847656,10.904330253601302],[123.90226745605469,10.903690338134709],[123.90325927734386,10.903019905090389],[123.90438842773449,10.902870178222656],[123.90498352050793,10.902279853821028],[123.90540313720737,10.901519775390625],[123.90644836425781,10.900520324707145],[123.90702819824219,10.900360107421875],[123.907958984375,10.900239944458008],[123.90972900390636,10.90011978149414],[123.9102783203125,10.90009975433361],[123.9110107421875,10.900469779968262],[123.91181182861374,10.900529861450309],[123.91706848144531,10.898679733276595],[123.92128753662143,10.897130012512434],[123.92494201660156,10.89612007141119],[123.92784118652389,10.895339965820426],[123.93071746826183,10.895070075988883],[123.93672943115268,10.894359588623047],[123.94026947021496,10.89395999908453],[123.94624328613281,10.893520355224723],[123.95124816894554,10.893110275268555],[123.95491027832031,10.892950057983455],[123.96015167236328,10.892600059509505],[123.95768737792969,10.889900207519531],[123.95659637451172,10.88761043548584],[123.95596313476562,10.88570976257347],[123.95369720458996,10.881480216980094],[123.9508438110355,10.879170417785645],[123.94920349121139,10.87749004364025],[123.94786071777389,10.87613964080822],[123.94761657714866,10.87537956237793],[123.94715881347702,10.874979972839412],[123.94637298583996,10.87467002868658],[123.94586944580078,10.873950004577637],[123.94577789306652,10.873399734497127],[123.94599914550804,10.873029708862248],[123.94650268554688,10.872349739074764],[123.9472122192384,10.871700286865234],[123.94709777832077,10.870519638061637],[123.94642639160156,10.869620323181096],[123.94641113281284,10.869549751281852],[123.94631958007812,10.86884975433344],[123.94645690918003,10.867899894714583],[123.94651794433594,10.867480278015137],[123.94653320312545,10.86674976348877],[123.94635009765636,10.866290092468262],[123.94568634033214,10.865909576415959],[123.94506835937534,10.866020202636662],[123.94454193115246,10.86629962921154],[123.94407653808605,10.866209983825684],[123.9439468383789,10.865420341491927],[123.9441833496096,10.864930152893066],[123.94403839111328,10.863909721374569],[123.94371032714866,10.86359024047863],[123.94339752197277,10.863989830017317],[123.9426422119144,10.86443042755127],[123.94209289550804,10.864569664001692],[123.94158935546886,10.863699913024846],[123.94149017333996,10.862660408020133],[123.94068145751987,10.86231994628912],[123.93958282470714,10.86067008972168],[123.93923187255882,10.859649658203182],[123.93869018554688,10.858719825744686],[123.93879699707031,10.857760429382324],[123.93936920166016,10.857370376586971],[123.93982696533203,10.857419967651367],[123.94051361083984,10.857520103454647],[123.94090270996094,10.856780052185172],[123.9406967163086,10.855719566345215],[123.94097137451172,10.855319976806697],[123.94140625000011,10.854840278625602],[123.94188690185581,10.85443019866949],[123.94267272949219,10.853230476379395],[123.94257354736374,10.852879524231184],[123.94207000732456,10.852560043335075],[123.94213104248047,10.85167026519781],[123.94183349609409,10.850850105285758],[123.94100952148449,10.850520133972225],[123.9406967163086,10.849459648132438],[123.94039916992188,10.84862995147705],[123.94008636474632,10.848170280456543],[123.93923950195312,10.847100257873649],[123.93853759765636,10.84702014923107],[123.93779754638695,10.846429824829102],[123.93766021728516,10.846050262451286],[123.93840789794922,10.845990180969295],[123.93920898437534,10.84578990936285],[123.93968200683605,10.845149993896484],[123.93908691406295,10.84465026855463],[123.93820190429722,10.844579696655387],[123.93746185302734,10.844220161437988],[123.93649291992222,10.844039916992301],[123.93607330322277,10.84253025054943],[123.93586730957043,10.842109680175838],[123.93544006347656,10.841870307922477],[123.93470001220749,10.841699600219727],[123.93446350097679,10.84109973907482],[123.9346694946289,10.839759826660156],[123.93451690673874,10.839059829711971],[123.93483734130882,10.838839530944824],[123.93525695800781,10.838720321655273],[123.93591308593784,10.83806037902832],[123.93640899658203,10.837409973144474],[123.93665313720726,10.836460113525618],[123.93755340576172,10.8362398147583],[123.93842315673828,10.83726024627697],[123.93920898437534,10.83782958984375],[123.94023132324264,10.837949752807617],[123.9417495727539,10.838239669799862],[123.94251251220703,10.838509559631404],[123.94344329833984,10.83833980560297],[123.94406890869152,10.837869644165039],[123.94455718994175,10.83716011047369],[123.94497680664062,10.836520195007267],[123.94523620605491,10.834620475768986],[123.94557952880905,10.833950042724666],[123.94627380371128,10.833550453186092],[123.94690704345749,10.833160400390739],[123.94732666015636,10.832489967346191],[123.94750976562511,10.83129978179943],[123.94741058349643,10.830599784851017],[123.94748687744186,10.829400062561149],[123.94773101806686,10.828860282898063],[123.94877624511719,10.828129768371696],[123.94967651367188,10.828180313110408],[123.95021057128952,10.828180313110408],[123.95097351074264,10.827369689941463],[123.95110321044967,10.82621955871582],[123.94465637207043,10.807049751281738],[123.94483184814464,10.790670394897461],[123.91425323486328,10.797229766845817],[123.88847351074253,10.80202960968029],[123.87830352783249,10.804059982299862],[123.86257934570312,10.807379722595329],[123.86273956298851,10.807649612426871],[123.8628921508789,10.807900428771973],[123.8630523681644,10.808059692382812],[123.8630523681644,10.808170318603516],[123.8630523681644,10.808329582214355],[123.86318969726574,10.808469772339095],[123.8632965087894,10.808580398559627],[123.86332702636719,10.808620452880916],[123.86332702636719,10.80889034271246],[123.8636093139653,10.809169769287166],[123.8636093139653,10.80943965911888],[123.86389160156273,10.809720039367676],[123.86389160156273,10.810000419616642],[123.86416625976574,10.81027984619152],[123.86416625976574,10.810560226440657],[123.86472320556652,10.811109542846737],[123.86472320556652,10.811389923095703],[123.86499786376953,10.81167030334484],[123.86499786376953,10.811940193176383],[123.8652267456057,10.812170028686467],[123.86528015136764,10.81221961975109],[123.86528015136764,10.812359809875488],[123.86528015136764,10.8125],[123.86533355712936,10.812560081482047],[123.86554718017578,10.812780380249023],[123.86554718017578,10.813329696655217],[123.86583709716797,10.81361007690441],[123.86583709716797,10.814169883728027],[123.86611175537143,10.81443977355957],[123.86611175537143,10.814539909362907],[123.86611175537143,10.814720153808594],[123.86638641357422,10.814999580383414],[123.86638641357422,10.815279960632381],[123.86667633056675,10.815549850463924],[123.86666870117233,10.816390037536564],[123.86694335937523,10.816670417785701],[123.86694335937523,10.817500114440918],[123.86715698242188,10.817850112915039],[123.8672866821289,10.818610191345272],[123.86756896972702,10.819370269775334],[123.86694335937523,10.821109771728516],[123.86670684814453,10.821350097656364],[123.86666870117233,10.821390151977653],[123.86666870117233,10.825400352478027],[123.86666870117233,10.82721996307373],[123.86694335937523,10.827500343322697],[123.86694335937523,10.828060150146712],[123.86721801757824,10.828510284423942],[123.86721801757824,10.828920364379883],[123.86718750000045,10.829350471496582],[123.86702728271496,10.829819679260254],[123.8669662475586,10.830380439758528],[123.86704254150436,10.830989837646598],[123.86747741699219,10.831580162048397],[123.86839294433628,10.831919670105094],[123.86888122558594,10.831649780273551],[123.86905670166016,10.83158969879156],[123.86958312988293,10.831439971923828],[123.8701400756836,10.831439971923828],[123.87069702148438,10.831029891967887],[123.8709716796875,10.830610275268612],[123.87106323242222,10.830430030822754],[123.87119293212936,10.8302001953125],[123.87124633789108,10.828949928283919],[123.87090301513672,10.828539848327637],[123.87062835693371,10.828120231628361],[123.87048339843795,10.827779769897575],[123.87048339843795,10.82715988159191],[123.87062835693371,10.826669692993221],[123.87077331542969,10.826530456542912],[123.8709716796875,10.826330184936523],[123.87111663818393,10.826049804687557],[123.87124633789108,10.825909614562988],[123.8714599609375,10.825630187988281],[123.87167358398438,10.825570106506461],[123.87216186523449,10.825499534607047],[123.87238311767624,10.825499534607047],[123.87251281738281,10.825499534607047],[123.87341308593784,10.826189994812125],[123.8737564086914,10.826600074768066],[123.87425231933605,10.826880455017033],[123.87522888183605,10.827090263366927],[123.87571716308616,10.82715988159191],[123.87683105468761,10.82715988159191],[123.87689971923828,10.827090263366927],[123.87728118896484,10.826430320739803],[123.87753295898483,10.82618045806879],[123.87783813476562,10.825880050659293],[123.87790679931663,10.825530052185172],[123.87812042236362,10.82532024383545],[123.8783111572269,10.82532024383545],[123.87875366210972,10.82532024383545],[123.87909698486328,10.825460433960018],[123.8791732788086,10.825880050659293],[123.87909698486328,10.826359748840389],[123.87889099121128,10.8267698287965],[123.87860870361328,10.827190399169865],[123.87840270996094,10.827329635620174],[123.87798309326206,10.827599525451717],[123.87738800048828,10.828049659729118],[123.87738800048828,10.82861042022705],[123.87753295898483,10.829019546508903],[123.87843322753952,10.829919815063704],[123.87816619873058,10.830410003662223],[123.8783874511721,10.83123970031744],[123.87879943847656,10.831870079040527],[123.87957000732422,10.832209587097225],[123.880409240723,10.832489967346191],[123.88086700439476,10.832679748535156],[123.88075256347668,10.833459854125977],[123.88025665283203,10.833660125732536],[123.87957000732422,10.833660125732536],[123.87864685058605,10.833239555359],[123.87801361083984,10.833029747009277],[123.87731933593761,10.832480430603027],[123.87696838378952,10.832059860229492],[123.87676239013695,10.831649780273551],[123.87661743164062,10.830960273742733],[123.87654876708996,10.830539703369368],[123.87648010253929,10.830060005188102],[123.87634277343795,10.829440116882438],[123.87634277343795,10.829019546508903],[123.87613677978516,10.828680038452376],[123.87579345703136,10.828330039978255],[123.87529754638672,10.827919960021973],[123.87474060058628,10.82771015167259],[123.8739700317384,10.827639579773006],[123.87333679199264,10.827850341796989],[123.87299346923828,10.828539848327637],[123.87299346923828,10.82880973815918],[123.87310028076217,10.829700469970703],[123.87326049804688,10.830169677734375],[123.87357330322266,10.83051967620844],[123.87383270263672,10.8308496475222],[123.8740234375,10.831210136413574],[123.8740234375,10.831669807434082],[123.8740692138673,10.83185005187994],[123.87413787841797,10.832150459289664],[123.87416076660168,10.83263015747076],[123.8741073608403,10.833000183105582],[123.8741073608403,10.833069801330566],[123.8740692138673,10.833149909973145],[123.87393188476597,10.833419799804688],[123.87383270263672,10.833749771118221],[123.8736572265625,10.833999633789062],[123.87351226806652,10.834259986877498],[123.87332153320324,10.834529876709041],[123.87304687500023,10.834779739379826],[123.87268829345703,10.835009574890137],[123.87226104736362,10.835200309753418],[123.87214660644577,10.835209846496696],[123.87174987792969,10.835260391235579],[123.87122344970714,10.835109710693416],[123.87098693847656,10.835000038146973],[123.87075042724632,10.834899902343864],[123.87037658691429,10.83467006683361],[123.87019348144531,10.834440231323356],[123.87016296386753,10.834389686584473],[123.87001037597656,10.834070205688477],[123.86981201171875,10.833800315856934],[123.86918640136719,10.833800315856934],[123.8689575195317,10.833970069885368],[123.86884307861351,10.834059715271053],[123.86869812011719,10.834170341491756],[123.86849975585938,10.834770202636719],[123.86858367919956,10.835430145263672],[123.86862945556652,10.836050033569336],[123.86875152587913,10.836640357971305],[123.8689575195317,10.83722019195568],[123.86918640136719,10.837789535522461],[123.86943054199219,10.83833980560297],[123.86961364746116,10.838919639587402],[123.86975860595703,10.839529991149902],[123.87000274658203,10.840109825134277],[123.87024688720714,10.840700149536076],[123.87037658691429,10.841059684753532],[123.87046813964866,10.841309547424316],[123.8707427978519,10.841870307922477],[123.87098693847656,10.842350006103572],[123.87120819091808,10.842760086059684],[123.87135314941406,10.8431396484375],[123.87139129638683,10.843549728393612],[123.87145233154331,10.843970298767317],[123.87165832519531,10.844369888305664],[123.87185668945312,10.844759941101074],[123.87201690673862,10.845159530639762],[123.87223052978516,10.845509529113883],[123.8724517822269,10.845890045165959],[123.87254333496105,10.846389770507812],[123.8727264404298,10.846859931945744],[123.87283325195347,10.847330093383903],[123.87297821044956,10.84772968292259],[123.87294769287132,10.84817981719982],[123.87303161621128,10.848589897155762],[123.87316894531284,10.848979949951172],[123.8732681274414,10.849370002746582],[123.87332916259788,10.849749565124512],[123.87341308593784,10.850110054016056],[123.87361907959007,10.850419998168888],[123.87384796142578,10.85072994232172],[123.87390899658249,10.851010322570914],[123.87394714355469,10.85116004943859],[123.87381744384766,10.851819992065543],[123.87390899658249,10.852060317993221],[123.8739929199221,10.852290153503475],[123.87425994873058,10.852620124816895],[123.87447357177757,10.852910041809139],[123.87468719482456,10.853130340576115],[123.87477111816406,10.853219985961971],[123.87486267089889,10.853329658508414],[123.87531280517612,10.853910446167106],[123.87566375732422,10.854669570922852],[123.87586975097656,10.855569839477482],[123.87586975097656,10.8566703796389],[123.87595367431686,10.857430458068961],[123.87600708007858,10.858400344848746],[123.87613677978516,10.858830451965446],[123.87634277343795,10.859270095825252],[123.87641906738281,10.859760284423942],[123.87657165527366,10.860199928283748],[123.87670135498047,10.860679626464787],[123.87689971923828,10.861169815063477],[123.87699127197266,10.86178970336914],[123.87722778320347,10.862429618835563],[123.8775634765625,10.863089561462516],[123.87808227539074,10.863630294799918],[123.87869262695347,10.864089965820426],[123.8788528442384,10.864179611206112],[123.87933349609398,10.864459991455078],[123.87985229492188,10.864850044250488],[123.8802490234375,10.865119934082031],[123.88072967529342,10.86513996124279],[123.88105010986351,10.86520004272461],[123.88118743896484,10.865229606628645],[123.8816070556644,10.86555004119873],[123.88140106201172,10.865670204162598],[123.8813629150394,10.86569023132347],[123.88095092773449,10.865830421447868],[123.8806381225586,10.866169929504395],[123.8804931640625,10.866620063781966],[123.88033294677734,10.867150306701774],[123.88027954101597,10.867759704589844],[123.88027954101597,10.868390083313102],[123.88027954101597,10.8689603805542],[123.88028717041038,10.869460105895996],[123.88030242919922,10.869870185852108],[123.88037109375011,10.870209693908805],[123.880409240723,10.87051010131836],[123.88031005859375,10.87078952789318],[123.880126953125,10.871089935302734],[123.88002014160202,10.87141036987316],[123.8800735473634,10.871649742126522],[123.8800964355471,10.871820449829102],[123.88041687011753,10.872400283813477],[123.88073730468761,10.872940063476562],[123.88101959228516,10.873379707336369],[123.88127136230469,10.87376976013195],[123.88130950927746,10.874230384826603],[123.88131713867199,10.874730110168457],[123.88133239746105,10.875269889831543],[123.88139343261719,10.875880241394043],[123.88153839111374,10.876489639282283],[123.88179779052768,10.876850128173828],[123.88208770751964,10.877079963684139],[123.88226318359386,10.87720012664795],[123.88231658935581,10.877240180969238],[123.88240051269531,10.877300262451229],[123.88266754150402,10.87761020660406],[123.88272094726562,10.877670288085938],[123.8829498291019,10.877929687500057],[123.88329315185547,10.878109931945914],[123.88359069824264,10.878270149231014],[123.88378906250011,10.878459930420036],[123.88388061523438,10.878700256347884],[123.88390350341831,10.878979682922363],[123.88388061523438,10.879269599914664],[123.88384246826206,10.879599571228027],[123.8839721679692,10.880060195922908],[123.88424682617188,10.88059043884283],[123.88436126708996,10.880900382995662],[123.88440704345749,10.881030082702637],[123.88450622558594,10.881369590759334],[123.88471984863281,10.881620407104492],[123.88490295410156,10.881879806518612],[123.88510894775436,10.882149696350154],[123.88535308837936,10.882450103759822],[123.88555908203159,10.882780075073242],[123.88471984863281,10.882780075073242],[123.88416290283249,10.883330345153922],[123.88416290283249,10.883890151977596],[123.88429260253929,10.88401985168457],[123.88436126708996,10.884090423583984],[123.88445281982422,10.884169578552246],[123.88471984863281,10.884169578552246],[123.88555908203159,10.88500022888195],[123.88555908203159,10.8852796554566],[123.88583374023438,10.885560035705566],[123.88583374023438,10.885820388794002],[123.88583374023438,10.886110305786133],[123.88639068603538,10.88667011260992],[123.88639068603538,10.887220382690487],[123.88646697998058,10.887310028076172],[123.88662719726562,10.887470245361271],[123.88667297363293,10.887530326843319],[123.88667297363293,10.887780189514103],[123.88691711425781,10.888030052185286],[123.88694763183628,10.888079643249512],[123.88694763183628,10.88833045959484],[123.88720703125045,10.888589859008789],[123.88722229003918,10.888629913330078],[123.88722229003918,10.888890266418457],[123.88745117187545,10.889120101928768],[123.88749694824219,10.889169692993164],[123.88749694824219,10.889240264892578],[123.88749694824219,10.889439582824707],[123.88762664794933,10.889570236206168],[123.8877792358403,10.889719963073844],[123.8877792358403,10.889929771423567],[123.8877792358403,10.89000034332281],[123.88804626464878,10.890279769897518],[123.88804626464878,10.890560150146484],[123.88813781738281,10.890640258789062],[123.88834381103516,10.890830039978027],[123.88899230957065,10.891320228576888],[123.88919830322266,10.892009735107536],[123.88941192626953,10.892769813537598],[123.88961791992222,10.893389701843262],[123.88968658447311,10.894009590148926],[123.88990020751964,10.895259857177848],[123.88996887207031,10.895950317382756],[123.88996887207031,10.896639823913574],[123.8900375366211,10.896980285644531],[123.89073181152344,10.898369789123763],[123.89095306396518,10.899330139160213],[123.89095306396518,10.900369644165153],[123.890907287598,10.901020050048771],[123.89119720458984,10.901379585266227],[123.89144134521496,10.90170955657959],[123.89166259765659,10.901989936828556],[123.89183807373092,10.902250289916992],[123.89192962646507,10.902549743652571],[123.89193725585938,10.902910232543945],[123.89193725585938,10.903349876403922],[123.89193725585938,10.903900146484432],[123.89193725585938,10.904540061950684],[123.89199066162121,10.905220031738509],[123.8921737670903,10.905900001525822],[123.89225006103516,10.906550407409668],[123.89238739013683,10.90711975097679],[123.8927230834961,10.907580375671614],[123.89305114746128,10.908029556274357],[123.89346313476562,10.908390045166072],[123.8938827514653,10.908720016479492],[123.89425659179688,10.909029960632324],[123.89465332031295,10.90911960601818],[123.89489746093795,10.909210205078182],[123.89502716064499,10.909250259399471],[123.89508819580124,10.90896034240734],[123.8962631225586,10.907730102539176],[123.89707183837913,10.906780242919922]]]}},{"type":"Feature","properties":{"ID_0":177,"ISO":"PHL","NAME_0":"Philippines","ID_1":25,"NAME_1":"Cebu","ID_2":492,"NAME_2":"Tuburan","NL_NAME_2":null,"VARNAME_2":null,"TYPE_2":"Bayan|Munisipyo","ENGTYPE_2":"Municipality","PROVINCE":"Cebu","REGION":"Central Visayas (Region VII)"},"geometry":{"type":"Polygon","coordinates":[[[123.94483184814464,10.790670394897461],[123.94709014892578,10.771940231323185],[123.94718170166016,10.76675033569336],[123.94882202148483,10.747870445251579],[123.94891357421875,10.747099876403865],[123.94896697998047,10.744339942932072],[123.9463119506836,10.729470252990666],[123.94149780273472,10.7010498046875],[123.94155883789062,10.696769714355526],[123.94210815429688,10.684769630432186],[123.94229125976562,10.681509971618766],[123.94265747070335,10.680979728698958],[123.94074249267612,10.679750442504883],[123.93927764892624,10.678350448608398],[123.93788909912132,10.676750183105582],[123.93392944335938,10.674079895019645],[123.92909240722668,10.670689582824707],[123.92143249511719,10.666020393371696],[123.91496276855469,10.66254043579113],[123.90714263916016,10.659709930420036],[123.89726257324241,10.655969619751204],[123.89019012451206,10.653499603271484],[123.88394927978516,10.651909828186035],[123.87458038330078,10.649220466613883],[123.87036132812534,10.648159980773926],[123.86518096923828,10.646860122680778],[123.85897827148483,10.645279884338436],[123.8521881103519,10.64430999755865],[123.84391784668014,10.643139839172477],[123.84236145019531,10.642789840698356],[123.83912658691406,10.642470359802246],[123.83746337890636,10.642120361328125],[123.83184814453148,10.641070365905762],[123.82457733154331,10.640390396118278],[123.81849670410179,10.639749526977596],[123.80735015869186,10.63887977600109],[123.79969787597668,10.6392698287965],[123.79586791992199,10.639949798583984],[123.79483032226597,10.640339851379395],[123.7776031494144,10.646920204162598],[123.77030181884777,10.648900032043457],[123.76509094238304,10.650349617004451],[123.7628631591798,10.651069641113281],[123.76183319091831,10.650890350341854],[123.7606430053711,10.651200294494686],[123.76045989990234,10.651080131530875],[123.76023864746139,10.651080131530875],[123.75994110107445,10.651060104370117],[123.75945281982433,10.651029586791992],[123.75872039794956,10.65095043182373],[123.758338928223,10.650899887085018],[123.7584228515625,10.651160240173397],[123.75861358642578,10.651570320129395],[123.75879669189476,10.651980400085506],[123.75897216796909,10.652420043945312],[123.75920867919922,10.652819633484],[123.75945281982433,10.653189659118652],[123.75968933105469,10.653519630432243],[123.75984191894554,10.653869628906364],[123.75995635986328,10.65419006347662],[123.76004028320358,10.654500007629451],[123.76019287109386,10.65480041503912],[123.7602767944336,10.6551904678347],[123.76042175293014,10.655679702758732],[123.76067352294933,10.65622997283947],[123.76100921630893,10.656789779663086],[123.7614669799807,10.657239913940487],[123.76238250732422,10.657870292663574],[123.76302337646484,10.658280372619743],[123.7635726928711,10.658969879150334],[123.76399230957077,10.659529685974348],[123.76426696777344,10.659870147705192],[123.764686584473,10.66034984588623],[123.76510620117188,10.660980224609318],[123.76553344726574,10.661459922790584],[123.7659530639653,10.66201019287115],[123.76622009277378,10.66250038146984],[123.76685333251999,10.662980079650936],[123.76732635498047,10.663399696350154],[123.76789855957031,10.66409015655529],[123.76824188232467,10.664290428161848],[123.76866149902344,10.664569854736328],[123.76886749267578,10.664640426635799],[123.76914978027389,10.66477966308588],[123.7694320678711,10.665189743041992],[123.76956939697288,10.665610313415584],[123.76963806152355,10.666230201721248],[123.76963806152355,10.66691970825201],[123.76983642578159,10.667539596557674],[123.77005767822266,10.667849540710506],[123.77060699462925,10.66812992095953],[123.77072906494186,10.668180465698185],[123.77117156982456,10.668379783630314],[123.77126312255871,10.668419837951774],[123.77142333984375,10.668479919433594],[123.77176666259788,10.668609619140568],[123.77232360839878,10.668860435485897],[123.77287292480469,10.669239997863883],[123.77339172363327,10.669509887695426],[123.77381896972656,10.669730186462346],[123.77414703369163,10.669989585876522],[123.77443695068382,10.670310020446777],[123.7747573852539,10.67070007324213],[123.77513122558628,10.671090126037711],[123.77526092529308,10.671219825744686],[123.7753829956057,10.671339988708553],[123.77551269531284,10.671460151672363],[123.77584838867199,10.671830177307243],[123.77610778808594,10.672160148620605],[123.77632904052768,10.672510147094727],[123.77652740478538,10.672889709472713],[123.77684783935581,10.673219680786076],[123.77709960937523,10.673600196838379],[123.7772674560548,10.67405033111578],[123.77749633789062,10.674440383911133],[123.77777862548874,10.674810409546012],[123.77805328369163,10.675180435180664],[123.77829742431686,10.675580024719181],[123.7785110473634,10.675999641418457],[123.77876281738281,10.676349639892578],[123.77893066406295,10.676679611206112],[123.77918243408237,10.676879882812557],[123.77932739257847,10.6771497726441],[123.77945709228527,10.677450180053768],[123.77960968017578,10.677729606628475],[123.77980041503906,10.67798995971691],[123.78006744384811,10.678179740905875],[123.7803192138673,10.678400039672852],[123.78054809570312,10.67870044708252],[123.78077697753952,10.679089546203613],[123.78108215332043,10.679470062255916],[123.78137969970714,10.679840087890739],[123.78161621093784,10.68021011352539],[123.78175354003918,10.680609703063965],[123.7818374633789,10.681010246276912],[123.78202056884766,10.681340217590332],[123.78221893310547,10.681659698486271],[123.78240203857422,10.682009696960563],[123.78254699707077,10.682370185852278],[123.78270721435558,10.68270015716547],[123.78280639648472,10.683050155639592],[123.78302001953148,10.68332958221447],[123.78318786621128,10.683650016784895],[123.78333282470737,10.684000015258846],[123.78344726562545,10.684399604797363],[123.78363037109375,10.68478012084961],[123.78388214111374,10.685159683227766],[123.78414916992222,10.685529708862248],[123.78443908691418,10.685890197753963],[123.78472137451206,10.686260223388672],[123.78500366210949,10.686630249023665],[123.78527069091797,10.687040328979606],[123.78556060791027,10.687479972839412],[123.78589630126953,10.687890052795353],[123.78633117675793,10.688199996948185],[123.78668975830124,10.6885404586792],[123.78703308105469,10.688859939575138],[123.78737640380871,10.689160346984863],[123.78777313232456,10.689459800720272],[123.78814697265659,10.689809799194393],[123.78852844238315,10.69021034240717],[123.78888702392578,10.690690040588436],[123.78897094726562,10.69079971313488],[123.78925323486328,10.69118976593029],[123.78962707519565,10.691650390625114],[123.79002380371094,10.692049980163802],[123.79042053222656,10.692359924316634],[123.79080200195312,10.692620277404899],[123.79110717773449,10.692910194396973],[123.7913970947269,10.693200111389274],[123.79164123535156,10.693470001220817],[123.79180908203125,10.693750381469783],[123.79192352294922,10.694080352783203],[123.79194641113281,10.694470405578556],[123.79194641113281,10.694939613342228],[123.79196166992222,10.695529937744197],[123.79202270507812,10.696149826049862],[123.79218292236328,10.696689605713004],[123.79223632812511,10.697190284729118],[123.79234313964878,10.69762039184576],[123.79261016845749,10.697919845580998],[123.79283142089855,10.698240280151424],[123.79308319091797,10.698530197143555],[123.79331970214866,10.698809623718205],[123.79353332519531,10.699159622192326],[123.79371643066406,10.69950008392334],[123.79385375976562,10.699839591980037],[123.79386138916027,10.700139999389705],[123.7937698364259,10.700389862060547],[123.79364776611328,10.700630187988395],[123.79358673095714,10.700900077819767],[123.79351043701195,10.70116996765131],[123.79341125488304,10.701470375061035],[123.79332733154297,10.701749801635685],[123.79319763183605,10.702010154724121],[123.79305267334018,10.702320098876953],[123.7928619384769,10.70275974273676],[123.79268646240234,10.703339576721135],[123.79261779785168,10.703499794006461],[123.79247283935592,10.703889846801871],[123.79218292236328,10.704360008239803],[123.79187011718761,10.704790115356502],[123.79168701171886,10.70524978637701],[123.79160308837913,10.705719947814998],[123.79145050048828,10.706159591674805],[123.79148864746105,10.706569671631087],[123.79167938232433,10.706930160522461],[123.79194641113281,10.70722961425804],[123.79222106933639,10.707519531249943],[123.79254913330101,10.70781040191656],[123.79300689697277,10.70806980133068],[123.79355621337936,10.708359718322754],[123.79412078857422,10.708709716796875],[123.79466247558594,10.709099769592285],[123.79515838623081,10.70950031280529],[123.79559326171909,10.709930419921932],[123.79576873779308,10.710149765014648],[123.79689025878906,10.710700035095329],[123.79794311523483,10.711389541625977],[123.79824829101574,10.711819648742619],[123.79884338378929,10.712639808654899],[123.79940032959018,10.713259696960563],[123.79972076416061,10.71389007568365],[123.79976654052734,10.714679718017578],[123.80004882812545,10.715510368347395],[123.80039978027344,10.716620445251579],[123.80046844482445,10.71807003021246],[123.80053710937511,10.71897029876709],[123.80061340332077,10.719659805297908],[123.80061340332077,10.720419883728141],[123.8007507324221,10.721320152282942],[123.801307678223,10.721590042114485],[123.80180358886741,10.72216987609869],[123.80249786376953,10.721940040588606],[123.80297851562534,10.721590042114485],[123.80410003662155,10.72152042388916],[123.8045883178711,10.721320152282942],[123.80493164062534,10.721249580383358],[123.80507659912143,10.72111034393322],[123.80520629882824,10.72111034393322],[123.80548858642578,10.721039772033805],[123.80619049072288,10.720899581909237],[123.80625915527355,10.720899581909237],[123.80639648437545,10.720970153808821],[123.80639648437545,10.721249580383358],[123.80621337890659,10.721340179443303],[123.80612182617188,10.721389770507926],[123.80577087402389,10.72152042388916],[123.80541992187511,10.72165966033947],[123.80500030517624,10.721870422363281],[123.80476379394554,10.721989631652832],[123.8045883178711,10.722080230713004],[123.80431365966831,10.722350120544547],[123.80410003662155,10.722419738769531],[123.80374908447266,10.72255992889427],[123.80313110351574,10.722680091857967],[123.80304718017601,10.722700119018668],[123.80304718017601,10.72332954406744],[123.80317687988281,10.723449707031477],[123.80333709716842,10.723609924316463],[123.80416870117222,10.723609924316463],[123.80444335937511,10.72389030456543],[123.80583190918003,10.72389030456543],[123.80610656738281,10.72416973114008],[123.80695343017601,10.72416973114008],[123.80722045898472,10.724439620971623],[123.80777740478516,10.724439620971623],[123.80805206298874,10.724720001220817],[123.80917358398438,10.724720001220817],[123.80944824218795,10.725000381469783],[123.81054687500011,10.725000381469783],[123.81111145019577,10.7255601882934],[123.81139373779297,10.7255601882934],[123.81194305419956,10.726110458374137],[123.81202697753906,10.72614955902111],[123.81230926513717,10.72638034820568],[123.81257629394554,10.726610183715934],[123.81291961669922,10.726799964904728],[123.81330108642578,10.727000236511344],[123.81369018554688,10.727230072021598],[123.81410217285179,10.727450370788574],[123.81459808349655,10.727569580078125],[123.81504058837925,10.727789878845272],[123.81523895263706,10.727910041809082],[123.81548309326172,10.728059768676815],[123.81593322753952,10.728340148925781],[123.81643676757812,10.72863960266136],[123.8169937133789,10.728839874267578],[123.81748962402344,10.72887039184576],[123.8178329467778,10.728819847107047],[123.81857299804699,10.728460311889648],[123.81976318359409,10.728460311889648],[123.81992340087913,10.72850036621088],[123.82154083251976,10.728830337524641],[123.82212829589844,10.72889041900629],[123.82264709472656,10.728940010070914],[123.82298278808639,10.729169845581168],[123.8230972290039,10.729459762573242],[123.82328796386719,10.729619979858398],[123.82398223876953,10.729689598083553],[123.82409667968761,10.729709625244254],[123.82466888427746,10.729789733886832],[123.82499694824219,10.729909896850643],[123.82515716552768,10.729980468750114],[123.82521820068405,10.730019569397086],[123.82552337646496,10.730219841003475],[123.82594299316406,10.730380058288802],[123.8260726928711,10.73042011260992],[123.82642364501999,10.73054027557373],[123.82694244384811,10.730770111084041],[123.82745361328148,10.73106956481945],[123.8279266357423,10.731450080871696],[123.82919311523438,10.732250213623047],[123.82937622070312,10.732469558715877],[123.82988739013672,10.733079910278434],[123.83030700683628,10.733369827270508],[123.83094024658249,10.733839988708496],[123.83135986328136,10.73445987701416],[123.83184814453148,10.735079765319824],[123.83199310302734,10.735429763793945],[123.83219146728516,10.735770225524902],[123.83226776123047,10.736260414123592],[123.83226776123047,10.738189697265739],[123.83222198486351,10.73859977722168],[123.83273315429722,10.738880157470646],[123.83293151855469,10.7389497756958],[123.83355712890648,10.740189552307129],[123.83377075195312,10.740469932556266],[123.83383941650402,10.740819931030387],[123.83405303955124,10.741370201110897],[123.83419799804699,10.741649627685604],[123.83425903320347,10.741780281066838],[123.83416748046875,10.742500305175838],[123.8340835571289,10.74258041381836],[123.83389282226562,10.742779731750488],[123.83389282226562,10.743330001830998],[123.8330535888673,10.744170188903809],[123.8330535888673,10.744449615478516],[123.8327789306644,10.744720458984375],[123.8327789306644,10.744999885559196],[123.83249664306652,10.745280265808162],[123.83249664306652,10.74555969238287],[123.83194732666061,10.746109962463379],[123.83194732666061,10.746939659118766],[123.83139038085972,10.7475004196167],[123.83139038085972,10.747779846191406],[123.83110809326172,10.748060226440543],[123.83110809326172,10.750000000000114],[123.83139038085972,10.75028038024908],[123.83139038085972,10.75055980682373],[123.83110809326172,10.750829696655273],[123.83110809326172,10.751390457153434],[123.8308334350586,10.751669883728084],[123.8308334350586,10.751939773559627],[123.8308334350586,10.752779960632267],[123.83055877685592,10.753060340881404],[123.83055877685592,10.753399848937931],[123.83055877685592,10.75444030761713],[123.8308334350586,10.754719734192008],[123.83116149902355,10.754719734192008],[123.83139038085972,10.754719734192008],[123.83139038085972,10.755829811096191],[123.83194732666061,10.756389617920036],[123.83222198486351,10.756669998169002],[123.83222198486351,10.756939888000716],[123.8330535888673,10.757780075073356],[123.8330535888673,10.758060455322493],[123.83389282226562,10.758890151977539],[123.83389282226562,10.75916957855219],[123.83586120605469,10.761139869689885],[123.83721923828125,10.76249980926525],[123.83721923828125,10.763059616088924],[123.83750152587925,10.763330459594783],[123.83750152587925,10.763609886169434],[123.83778381347656,10.7638902664184],[123.83778381347656,10.764470100402775],[123.83778381347656,10.766139984130973],[123.83778381347656,10.766949653625431],[123.83721923828125,10.767499923706168],[123.83778381347656,10.768059730529785],[123.83778381347656,10.77056026458746],[123.83721923828125,10.77110958099388],[123.83750152587925,10.771389961242676],[123.83750152587925,10.77250003814703],[123.83775329589866,10.772749900817871],[123.83778381347656,10.772780418395996],[123.83778381347656,10.773010253906307],[123.83778381347656,10.774169921875057],[123.83889007568393,10.77527999877941],[123.83917236328136,10.775270462036076],[123.83925628662121,10.775329589843977],[123.83972167968795,10.775560379028548],[123.84015655517624,10.775879859924316],[123.84046936035156,10.776169776916618],[123.84056091308594,10.77626037597662],[123.84068298339855,10.776410102844295],[123.8408432006836,10.776579856872559],[123.84107208251964,10.77692985534668],[123.84110260009811,10.777020454406852],[123.84121704101562,10.777330398559684],[123.84136962890659,10.777729988098372],[123.84146881103527,10.778149604797477],[123.84163665771496,10.778519630432129],[123.84171295166016,10.778920173645133],[123.841796875,10.779270172119254],[123.84195709228538,10.779549598694075],[123.84208679199219,10.779859542846907],[123.84227752685547,10.780170440673885],[123.84250640869175,10.780500411987418],[123.84274291992188,10.780879974365234],[123.84294128417969,10.781350135803166],[123.84322357177768,10.78180980682373],[123.84349060058594,10.782150268554688],[123.84353637695358,10.782210350036735],[123.84385681152366,10.782569885254134],[123.84410095214889,10.782999992370662],[123.84432220458996,10.783490180969352],[123.84442901611351,10.783679962158317],[123.84459686279308,10.784020423889103],[123.84497833251964,10.784560203552246],[123.8452377319336,10.784979820251465],[123.8453369140625,10.785129547119197],[123.84577178955101,10.78563022613531],[123.8461685180664,10.78616046905529],[123.84658050537155,10.786680221557617],[123.84693908691406,10.787229537963867],[123.84723663330078,10.787799835205135],[123.84784698486362,10.788760185241756],[123.84864044189453,10.79053974151617],[123.84886169433594,10.79096984863304],[123.84905242919922,10.791440010070858],[123.84919738769554,10.791939735412825],[123.8493804931644,10.79240036010765],[123.84950256347702,10.792900085449276],[123.84967041015636,10.793370246887434],[123.84977722167991,10.793889999389648],[123.8499679565432,10.79436016082758],[123.85014343261753,10.794830322265739],[123.85034179687523,10.795249938964787],[123.85053253173851,10.79563045501709],[123.85066223144565,10.79601001739502],[123.85083770751999,10.796310424804915],[123.85101318359398,10.796629905700684],[123.85117340087902,10.796999931335563],[123.8514785766605,10.797329902648926],[123.85185241699253,10.797650337219181],[123.85221862792969,10.798029899597168],[123.85253143310558,10.798480033874739],[123.85289001464855,10.798879623413086],[123.85327911376964,10.799240112304801],[123.85359954833984,10.799610137939453],[123.85388946533249,10.799980163574332],[123.85418701171875,10.800259590148983],[123.85447692871128,10.800519943237418],[123.85472106933628,10.80082988739025],[123.85804748535168,10.804169654846248],[123.85832977294933,10.804169654846248],[123.85861206054699,10.804439544677791],[123.85916900634811,10.804439544677791],[123.85944366455078,10.804719924926815],[123.85973358154297,10.804719924926815],[123.8628921508789,10.807900428771973],[123.86273956298851,10.807649612426871],[123.86257934570312,10.807379722595329],[123.87830352783249,10.804059982299862],[123.88847351074253,10.80202960968029],[123.91425323486328,10.797229766845817],[123.94483184814464,10.790670394897461]]]}}]}