{"type":"FeatureCollection","features":[{"type":"Feature","properties":{"ID_0":177,"ISO":"PHL","NAME_0":"Philippines","ID_1":25,"NAME_1":"Cebu","ID_2":440,"NAME_2":"Alcantara","NL_NAME_2":null,"VARNAME_2":null,"TYPE_2":"Bayan|Munisipyo","ENGTYPE_2":"Municipality","PROVINCE":"Cebu","REGION":"Central Visayas (Region VII)"},"geometry":{"type":"MultiPolygon","coordinates":[[[[123.44978332519565,9.976710319519043],[123.45498657226562,9.976409912109489],[123.45931243896496,9.9760103225708],[123.46278381347656,9.976360321044922],[123.46916198730491,9.97710990905773],[123.4746322631836,9.97772026062006],[123.47807312011719,9.97821044921875],[123.47968292236362,9.978380203247013],[123.4847412109375,9.97926998138422],[123.49009704589889,9.979969978332463],[123.49472808837936,9.980779647827148],[123.49963378906295,9.981439590454045],[123.50443267822277,9.981920242309798],[123.5022964477539,9.976220130920524],[123.49970245361362,9.969019889831657],[123.4983901977539,9.963259696960506],[123.49748992919945,9.958359718322754],[123.49439239501953,9.949589729309139],[123.4937667846682,9.947119712829647],[123.49301910400436,9.94678020477295],[123.49120330810547,9.946619987487793],[123.4873275756836,9.94744968414301],[123.48359680175781,9.948260307311955],[123.48137664794967,9.948699951171932],[123.4786834716798,9.94933032989502],[123.477577209473,9.949500083923283],[123.47561645507824,9.95001029968273],[123.4713134765625,9.951410293579158],[123.46613311767612,9.952520370483512],[123.46141815185581,9.953129768371582],[123.45584106445347,9.954139709472656],[123.45275115966808,9.954710006713924],[123.44763946533237,9.955380439758244],[123.44257354736328,9.956110000610352],[123.44119262695324,9.956350326538029],[123.43489074707031,9.956809997558594],[123.42803955078159,9.956939697265739],[123.42273712158203,9.957099914550838],[123.41722106933594,9.957619667053223],[123.40878295898472,9.958849906921444],[123.40582275390636,9.958729743957576],[123.40351104736374,9.958600044250602],[123.4012832641605,9.959440231323242],[123.39364624023483,9.962420463562012],[123.39366912841797,9.962530136108455],[123.39380645751964,9.963000297546387],[123.39380645751964,9.963470458984375],[123.39366912841797,9.963959693908919],[123.3934707641605,9.964509963989258],[123.393310546875,9.965089797973633],[123.39317321777344,9.965660095215071],[123.39302062988327,9.966179847717285],[123.39295196533237,9.966629981994856],[123.39293670654308,9.966979980468807],[123.39306640625045,9.967289924621639],[123.39321899414074,9.967630386352596],[123.39302062988327,9.967880249023438],[123.39299774169922,9.967929840087834],[123.39293670654308,9.968179702759016],[123.39273071289062,9.96825027465826],[123.39215087890625,9.96815013885498],[123.39069366455078,9.96691989898676],[123.39021301269577,9.966710090637264],[123.38964843750034,9.966779708862362],[123.38951110839878,9.967399597168026],[123.38973999023438,9.967769622802734],[123.38993072509766,9.96809005737316],[123.39083099365234,9.9689302444458],[123.3909606933596,9.969050407409611],[123.39069366455078,9.969490051269588],[123.39073181152389,9.969949722290153],[123.3908615112307,9.970439910888672],[123.39102172851562,9.97089958190918],[123.39124298095726,9.971309661865291],[123.39163970947266,9.971739768982161],[123.39217376708996,9.9721298217774],[123.39248657226585,9.972299575805664],[123.3926467895509,9.972379684448185],[123.39304351806652,9.972539901733512],[123.39334106445335,9.97278022766119],[123.39340209960983,9.972829818725643],[123.3936233520509,9.973030090332031],[123.3939437866211,9.973259925842285],[123.39431762695312,9.973520278930891],[123.39479064941452,9.973750114440975],[123.39537048339878,9.973919868469238],[123.39592742919967,9.973979949951229],[123.39646911621105,9.973759651184139],[123.39700317382812,9.97358036041254],[123.39765930175815,9.973509788513297],[123.39839935302757,9.973500251769963],[123.39872741699219,9.97321033477806],[123.39897918701217,9.972929954528922],[123.39923858642612,9.9727201461792],[123.39958190917969,9.972610473632756],[123.39996337890625,9.972729682922306],[123.40043640136719,9.97278022766119],[123.40086364746105,9.972829818725813],[123.40093231201172,9.972840309143237],[123.40131378173828,9.973010063171671],[123.40161895751964,9.973079681396428],[123.4018020629884,9.973259925842285],[123.40186309814487,9.973509788513297],[123.40193939208984,9.973859786987418],[123.40194702148438,9.97428989410406],[123.40194702148438,9.97472000122093],[123.40222167968818,9.975000381469727],[123.4024429321289,9.975769996643294],[123.4027328491211,9.97611045837408],[123.40234375,9.976412773132552],[123.39943695068393,9.976389884948787],[123.39916992187545,9.97611045837408],[123.39888763427734,9.976389884948787],[123.39888763427734,9.976670265197754],[123.39861297607456,9.976940155029297],[123.39861297607456,9.977780342102108],[123.39888763427734,9.978300094604492],[123.39971160888683,9.978429794311637],[123.40019989013706,9.978710174560604],[123.40022277832031,9.979339599609375],[123.39971923828136,9.979999542236328],[123.39888763427734,9.980830192566032],[123.39888763427734,9.981109619140852],[123.39903259277344,9.981920242309798],[123.39919281005893,9.982689857483024],[123.39943695068393,9.983329772949219],[123.39971923828136,9.983900070190487],[123.40000152587925,9.984439849853743],[123.4013900756836,9.985830307007063],[123.40165710449264,9.985830307007063],[123.40194702148438,9.9861097335816],[123.40194702148438,9.986390113830566],[123.40222167968795,9.986669540405217],[123.40283966064453,9.986630439758414],[123.40381622314487,9.986590385437125],[123.40519714355469,9.986359596252385],[123.40554046630893,9.98620986938488],[123.4073867797855,9.984900474548567],[123.40838623046886,9.984250068664608],[123.4101028442384,9.983110427856559],[123.41162109375,9.9824800491333],[123.41259765625034,9.982080459594783],[123.41565704345726,9.981280326843262],[123.41660308837925,9.980890274047852],[123.4188385009769,9.980199813842717],[123.42362976074219,9.979630470275936],[123.42838287353516,9.979260444641113],[123.43182373046875,9.979129791259822],[123.43586730957065,9.978590011596737],[123.441162109375,9.977849960327262],[123.44529724121105,9.977219581603947],[123.44680786132858,9.977069854736442],[123.44978332519565,9.976710319519043]]]]}},{"type":"Feature","properties":{"ID_0":177,"ISO":"PHL","NAME_0":"Philippines","ID_1":25,"NAME_1":"Cebu","ID_2":441,"NAME_2":"Alcoy","NL_NAME_2":null,"VARNAME_2":null,"TYPE_2":"Bayan|Munisipyo","ENGTYPE_2":"Municipality","PROVINCE":"Cebu","REGION":"Central Visayas (Region VII)"},"geometry":{"type":"Polygon","coordinates":[[[123.5022964477539,9.739330291748104],[123.51193237304688,9.73622035980236],[123.51249694824219,9.73628044128418],[123.51260375976608,9.736140251159782],[123.51249694824219,9.735600471496696],[123.51236724853538,9.735019683838004],[123.51222991943405,9.734569549560604],[123.51197814941429,9.734419822692871],[123.51168823242199,9.734270095825195],[123.51142883300781,9.734060287475813],[123.5113906860355,9.734029769897518],[123.51112365722679,9.733750343322981],[123.51087951660156,9.73346042633051],[123.51074218750023,9.733119964599723],[123.51055145263695,9.732839584350586],[123.51038360595737,9.732580184936637],[123.51026153564476,9.7322998046875],[123.5101089477539,9.732040405273551],[123.50997161865246,9.731699943542708],[123.50975036621139,9.731340408325309],[123.50961303710983,9.730859756469727],[123.509521484375,9.73048019409174],[123.50948333740268,9.730340003967342],[123.50949859619163,9.729769706726131],[123.50966644287121,9.72920036315918],[123.50972747802734,9.728650093078613],[123.50977325439464,9.728179931640682],[123.5098800659182,9.727820396423454],[123.50994110107467,9.727680206298828],[123.51001739501953,9.727470397949332],[123.51026153564476,9.727120399475211],[123.51048278808594,9.7267103195191],[123.51055145263695,9.726160049438533],[123.5105590820317,9.725609779358024],[123.51053619384777,9.725079536438045],[123.510498046875,9.724579811096248],[123.51040649414062,9.724069595336971],[123.5102767944336,9.723560333252067],[123.51013183593795,9.723050117492619],[123.51009368896484,9.722860336303825],[123.51007080078148,9.722769737243652],[123.51001739501953,9.72251987457281],[123.51000213623081,9.721989631652889],[123.50998687744186,9.721469879150504],[123.51000213623081,9.720990180969238],[123.51001739501953,9.720540046692008],[123.51014709472668,9.720109939575309],[123.51024627685581,9.719699859619368],[123.51032257080124,9.719249725341797],[123.51035308837902,9.719209671020508],[123.51036834716842,9.719160079956112],[123.51051330566452,9.718830108642521],[123.5105590820317,9.718330383300895],[123.51056671142624,9.718119621276855],[123.5105972290039,9.717780113220215],[123.51069641113327,9.717499732971191],[123.51071929931652,9.717450141906795],[123.51078033447266,9.717269897460938],[123.5108108520509,9.71669960021967],[123.5108337402346,9.716540336608887],[123.5108337402346,9.716139793396053],[123.5108337402346,9.715519905090389],[123.51074981689499,9.714949607849121],[123.51058959960938,9.71444034576416],[123.5105590820317,9.713910102844181],[123.51055145263695,9.713359832763672],[123.5105590820317,9.712800025940055],[123.5105590820317,9.712260246276912],[123.5105590820317,9.711739540100098],[123.51055145263695,9.711230278015137],[123.51052093505871,9.710729598999023],[123.5103912353519,9.710249900817928],[123.5102767944336,9.709779739379996],[123.51014709472668,9.709329605102596],[123.51001739501953,9.70888996124279],[123.51000213623081,9.708450317382756],[123.51000213623081,9.708000183105526],[123.51000213623081,9.707550048828125],[123.51000213623081,9.707099914550724],[123.51000213623081,9.706649780273494],[123.51000213623081,9.706190109252987],[123.51000213623081,9.705730438232422],[123.51001739501953,9.70526027679449],[123.51014709472668,9.704790115356502],[123.51022338867188,9.70452022552513],[123.5102767944336,9.704310417175236],[123.51040649414062,9.703829765319881],[123.51042175292969,9.703310012817496],[123.51042175292969,9.702819824218977],[123.51048278808594,9.702380180359],[123.51052856445324,9.7019300460816],[123.51055145263695,9.701450347900504],[123.5105590820317,9.700969696044922],[123.51053619384777,9.700489997863826],[123.51042938232433,9.699999809265137],[123.51030731201172,9.699520111084098],[123.51029968261719,9.699370384216536],[123.5102767944336,9.699040412902832],[123.5102767944336,9.698920249938965],[123.51029205322266,9.69855976104759],[123.51029968261719,9.698089599609489],[123.5102767944336,9.697620391845817],[123.5102767944336,9.697199821472225],[123.5102767944336,9.696720123290959],[123.51024627685581,9.696310043335018],[123.51011657714844,9.695949554443303],[123.50998687744186,9.695579528808821],[123.50980377197311,9.695210456848088],[123.50965118408203,9.694789886474723],[123.50945281982422,9.694410324096737],[123.50927734375,9.6941299438476],[123.50923919677768,9.694049835205021],[123.50914001464844,9.69363975524908],[123.50898742675827,9.693300247192383],[123.50890350341808,9.69297027587902],[123.50884246826217,9.692669868469295],[123.5086898803711,9.69242000579834],[123.50859832763717,9.692119598388786],[123.50847625732456,9.691820144653377],[123.50842285156261,9.691659927368278],[123.50833129882824,9.691490173339844],[123.5082473754884,9.69108963012718],[123.50816345214866,9.690660476684798],[123.50804901123058,9.690219879150334],[123.50791168212925,9.689780235290527],[123.50772857666016,9.689370155334586],[123.50762176513672,9.689169883728027],[123.5075073242192,9.688980102539006],[123.50731658935592,9.688570022583235],[123.50723266601562,9.688229560852108],[123.50720977783226,9.688130378723258],[123.50708007812545,9.687700271606388],[123.5069274902346,9.687270164489746],[123.50673675537132,9.686849594116154],[123.506629943848,9.686389923095817],[123.50636291503952,9.686019897460994],[123.5059967041019,9.685729980468864],[123.50554656982467,9.685489654541016],[123.50511169433616,9.685259819030762],[123.50496673583984,9.685150146484489],[123.50469970703125,9.684960365295524],[123.50433349609409,9.684610366821403],[123.50399780273438,9.684180259704704],[123.50372314453125,9.68367958068859],[123.50363922119186,9.683449745178336],[123.50353240966797,9.68311023712181],[123.50331878662155,9.682589530944824],[123.50306701660202,9.68212985992443],[123.50290679931652,9.681670188903922],[123.50276947021484,9.681220054626522],[123.50260162353516,9.680789947509993],[123.50247955322266,9.680350303650016],[123.5022964477539,9.679920196533146],[123.50222778320324,9.67947959899908],[123.5022201538086,9.679039955139274],[123.5022201538086,9.678649902343864],[123.50222778320324,9.678279876708984],[123.50225830078148,9.677949905395621],[123.50235748291061,9.677630424499512],[123.50247955322266,9.677289962768668],[123.50256347656284,9.676910400390682],[123.50273895263717,9.676560401916618],[123.50277709960938,9.676199913024902],[123.50277709960938,9.675849914550781],[123.50277709960938,9.67549991607666],[123.50282287597679,9.675129890442008],[123.50298309326172,9.674759864807129],[123.50303649902344,9.674329757690487],[123.50305938720703,9.673870086669922],[123.50305938720703,9.673350334167537],[123.50306701660202,9.672760009765739],[123.5031509399414,9.672100067138615],[123.50321960449219,9.671609878540096],[123.5032577514653,9.671330451965446],[123.50327301025402,9.670610427856502],[123.50306701660202,9.670040130615234],[123.50289154052746,9.669589996338004],[123.50279235839844,9.669199943542594],[123.50277709960938,9.668860435485897],[123.50276947021484,9.66851997375494],[123.50272369384777,9.668180465698242],[123.50254821777389,9.667869567871094],[123.50247955322266,9.667449951171875],[123.50234985351585,9.66703033447277],[123.50218200683628,9.666569709777946],[123.50195312500011,9.666060447692985],[123.50171661376953,9.665510177612305],[123.50121307373092,9.665909767150993],[123.49807739257812,9.667510032654036],[123.4973831176759,9.667730331421012],[123.49712371826172,9.667819976806868],[123.49571228027344,9.668279647827205],[123.49147033691418,9.669050216674918],[123.4882431030278,9.66977977752697],[123.48429107666016,9.6706800460816],[123.48116302490246,9.671449661254996],[123.47752380371105,9.672419548034782],[123.4602203369144,9.678640365600529],[123.45095825195312,9.681940078735465],[123.42356109619152,9.690279960632381],[123.42410278320358,9.693269729614258],[123.42447662353516,9.695340156555233],[123.4253616333009,9.69900989532482],[123.42671203613315,9.701880455017204],[123.42752075195312,9.702850341796932],[123.42778015136764,9.703120231628532],[123.42874145507858,9.707050323486328],[123.42861938476597,9.70991039276123],[123.42870330810558,9.716250419616927],[123.42881011962925,9.719349861145247],[123.42833709716808,9.723179817199764],[123.4281463623048,9.725310325622786],[123.42794799804699,9.726309776306266],[123.4267272949221,9.730079650878963],[123.42601776123092,9.733090400695858],[123.425537109375,9.735580444335938],[123.42536926269565,9.739069938659668],[123.4253616333009,9.740400314331168],[123.42539215087913,9.742139816284293],[123.42591857910156,9.748040199279842],[123.42627716064487,9.749560356140137],[123.42677307128952,9.753109931946028],[123.42674255371094,9.757089614868278],[123.42664337158249,9.76231956481945],[123.42655944824219,9.765930175781307],[123.42653656005882,9.767060279846191],[123.42701721191452,9.770449638366813],[123.42777252197288,9.772230148315487],[123.4284362792971,9.77383041381836],[123.42938995361351,9.775970458984318],[123.43115997314499,9.779219627380371],[123.43351745605503,9.776639938354606],[123.43730926513695,9.771659851074276],[123.44348907470737,9.765219688415641],[123.44905090332031,9.760169982910156],[123.45054626464878,9.758970260620117],[123.45390319824241,9.75625991821289],[123.4600219726567,9.751669883728141],[123.46005249023438,9.751649856567383],[123.46436309814464,9.749449729919434],[123.46589660644543,9.748689651489371],[123.46602630615234,9.748629570007324],[123.46797180175827,9.747670173644963],[123.47122955322277,9.746470451354924],[123.47161102294933,9.746319770812931],[123.47290802001953,9.745849609375],[123.47770690918014,9.744609832763672],[123.48288726806652,9.74384975433361],[123.48956298828136,9.743180274963322],[123.5022964477539,9.739330291748104]]]}},{"type":"Feature","properties":{"ID_0":177,"ISO":"PHL","NAME_0":"Philippines","ID_1":25,"NAME_1":"Cebu","ID_2":442,"NAME_2":"Alegria","NL_NAME_2":null,"VARNAME_2":null,"TYPE_2":"Bayan|Munisipyo","ENGTYPE_2":"Municipality","PROVINCE":"Cebu","REGION":"Central Visayas (Region VII)"},"geometry":{"type":"Polygon","coordinates":[[[123.42874145507858,9.707050323486328],[123.42778015136764,9.703120231628532],[123.42752075195312,9.702850341796932],[123.42671203613315,9.701880455017204],[123.4253616333009,9.69900989532482],[123.42447662353516,9.695340156555233],[123.42410278320358,9.693269729614258],[123.42356109619152,9.690279960632381],[123.3922119140625,9.699970245361328],[123.38921356201183,9.700880050659237],[123.38733673095726,9.701519966125488],[123.3847885131836,9.701549530029297],[123.38136291503906,9.702219963073674],[123.37902069091831,9.702690124511832],[123.37468719482422,9.703980445861873],[123.37010192871094,9.705369949340877],[123.3655929565432,9.706080436706543],[123.36155700683605,9.706219673156852],[123.36045074462936,9.706110000610579],[123.35817718505893,9.706379890442122],[123.35704803466797,9.707030296325797],[123.35520172119163,9.707960128784293],[123.35442352294956,9.708419799804801],[123.35212707519565,9.709210395813045],[123.34934234619186,9.70991039276123],[123.3470230102539,9.710590362548942],[123.34454345703125,9.711090087890739],[123.34146118164085,9.711449623107967],[123.33775329589889,9.711979866027946],[123.33796691894565,9.71277046203619],[123.33799743652344,9.712820053100586],[123.33815765380893,9.71315002441412],[123.33831024169933,9.713470458984375],[123.33833312988327,9.713839530944938],[123.33828735351574,9.714050292968807],[123.33824157714844,9.714249610900879],[123.33808898925827,9.714730262756461],[123.33805084228516,9.715290069580135],[123.33807373046875,9.715889930725211],[123.3381500244144,9.716440200805721],[123.33831787109398,9.71691036224388],[123.33847808837902,9.717240333557072],[123.33850860595726,9.717309951782227],[123.33854675292969,9.717700004577637],[123.33840942382835,9.71807003021246],[123.33840942382835,9.718110084533919],[123.33834075927768,9.718549728393555],[123.33828735351574,9.719019889831543],[123.33809661865246,9.719490051269645],[123.33805847167969,9.720060348510742],[123.33809661865246,9.720640182495117],[123.3381500244144,9.720780372619856],[123.33828735351574,9.721170425415096],[123.33837890625,9.721719741821289],[123.33857727050793,9.722220420837402],[123.33872222900425,9.722749710083121],[123.33881378173828,9.723099708557243],[123.33885955810558,9.723250389099235],[123.33892822265625,9.723719596862907],[123.33905029296886,9.724100112915153],[123.33917999267601,9.72443962097168],[123.3393325805664,9.724749565124512],[123.33943176269543,9.725079536438045],[123.33946990966842,9.725419998169059],[123.33953094482433,9.725760459900016],[123.33952331542969,9.726079940796012],[123.33943176269543,9.726389884948844],[123.3394165039067,9.726429939270076],[123.33928680419967,9.726679801940918],[123.33917999267601,9.72698974609375],[123.33911132812534,9.727330207824764],[123.33894348144531,9.727660179138297],[123.33889007568382,9.728019714355526],[123.33888244628918,9.728429794311467],[123.33889007568382,9.728859901428336],[123.33892059326206,9.729310035705566],[123.3390808105471,9.729760169982967],[123.33908843994186,9.72986984252941],[123.33915710449253,9.730199813842773],[123.33915710449253,9.730660438537598],[123.33915710449253,9.730739593505916],[123.33915710449253,9.731160163879451],[123.33915710449253,9.731710433959961],[123.33915710449253,9.7322998046875],[123.33920288085938,9.732919692993164],[123.3393783569336,9.733480453491438],[123.3393783569336,9.73406982421875],[123.33923339843795,9.734649658203182],[123.33936309814476,9.735199928283691],[123.3394927978519,9.735759735107536],[123.33965301513695,9.736289978027287],[123.33966827392624,9.736869812011662],[123.33965301513695,9.737090110778809],[123.339599609375,9.737469673156966],[123.33975982666016,9.739529609680176],[123.33952331542969,9.740599632263297],[123.33946228027366,9.741239547729492],[123.33943939208996,9.741920471191634],[123.33943176269543,9.742589950561523],[123.33946990966842,9.743249893188477],[123.3396606445317,9.74384975433361],[123.3399124145509,9.744179725646973],[123.34002685546886,9.744339942932129],[123.34050750732445,9.744779586792106],[123.34063720703159,9.74491024017334],[123.34085083007812,9.745109558105469],[123.34098815917991,9.745249748230037],[123.34149932861328,9.745670318603572],[123.34192657470714,9.746109962463379],[123.34221649169956,9.746569633484114],[123.34245300292969,9.746959686279354],[123.34248352050793,9.74740028381342],[123.34240722656284,9.74785041809082],[123.34246063232422,9.748290061950627],[123.34248352050793,9.748680114746037],[123.34239196777355,9.748990058898869],[123.34227752685592,9.749250411987305],[123.34220123291027,9.749509811401595],[123.34205627441406,9.749759674072266],[123.34195709228561,9.750060081481934],[123.34194183349632,9.750459671020451],[123.34194183349632,9.750880241394043],[123.34195709228561,9.751310348510685],[123.34208679199264,9.751689910888672],[123.34217071533203,9.751910209655989],[123.34223175048851,9.752070426940918],[123.34240722656284,9.752440452575797],[123.34253692626987,9.752880096435604],[123.34275817871094,9.753290176391715],[123.34291076660202,9.753740310668945],[123.3430633544923,9.754220008850211],[123.3431015014653,9.7544202804566],[123.34317779541038,9.75471019744873],[123.34326934814464,9.755049705505428],[123.34330749511753,9.755180358886662],[123.34333801269531,9.755640029907227],[123.34364318847668,9.756959915161133],[123.3438186645509,9.75778961181652],[123.34388732910156,9.758090019226188],[123.34388732910156,9.75839996337902],[123.34385681152389,9.758749961853141],[123.34378051757812,9.759140014648551],[123.3437728881836,9.75918006896984],[123.34369659423828,9.759599685668888],[123.34353637695324,9.760129928588867],[123.34361267089889,9.760729789734],[123.34372711181652,9.761349678039664],[123.34385681152389,9.761960029601994],[123.34384918212913,9.762000083923454],[123.34393310546909,9.76251029968273],[123.34411621093784,9.762969970703239],[123.34417724609375,9.763500213623047],[123.34420776367199,9.76366996765148],[123.34427642822266,9.764019966125602],[123.34455871582031,9.764450073242244],[123.34468078613293,9.764679908752555],[123.3448104858403,9.764920234680233],[123.34497833251964,9.765460014343489],[123.34503936767578,9.766050338745117],[123.34525299072277,9.76657962799078],[123.34532928466842,9.766980171203613],[123.34535217285168,9.76710033416748],[123.3455200195317,9.7675199508667],[123.34554290771496,9.76774978637701],[123.34557342529342,9.767950057983398],[123.34558105468795,9.76830005645752],[123.3458023071289,9.768759727478027],[123.34565734863304,9.77013969421398],[123.34497833251964,9.771900177001953],[123.34490966796875,9.772509574890364],[123.3447494506836,9.773090362548885],[123.34462738037155,9.77367019653326],[123.34446716308594,9.77418041229248],[123.3443374633789,9.77466964721691],[123.34419250488327,9.775099754333553],[123.34416198730469,9.775509834289494],[123.34417724609375,9.77587032318121],[123.34417724609375,9.776249885559196],[123.3442306518557,9.776599884033317],[123.34430694580112,9.776940345764103],[123.34432220459007,9.777290344238224],[123.34420776367199,9.777629852294922],[123.34400939941418,9.777970314025936],[123.34385681152389,9.778369903564453],[123.34368133544956,9.77880954742443],[123.34367370605514,9.779310226440543],[123.3438186645509,9.779829978942928],[123.34384918212913,9.780079841613713],[123.34387969970737,9.780329704284895],[123.34388732910156,9.78081035614008],[123.34388732910156,9.781270027160645],[123.34388732910156,9.781720161438216],[123.34388732910156,9.781880378723201],[123.34388732910156,9.782159805297852],[123.34388732910156,9.782620429992676],[123.34388732910156,9.783100128173942],[123.34390258789062,9.783599853515568],[123.34398651123047,9.784119606018123],[123.34413909912132,9.784620285034237],[123.34414672851562,9.7847900390625],[123.34416961669922,9.785129547119368],[123.34422302246105,9.785599708557186],[123.34422302246105,9.785639762878418],[123.34441375732433,9.786140441894531],[123.34452056884788,9.78672981262207],[123.34470367431663,9.787269592285156],[123.34471893310547,9.787369728088436],[123.34483337402378,9.787850379943848],[123.34504699707031,9.788339614868221],[123.34525299072277,9.788849830627498],[123.34532165527344,9.789409637451115],[123.34544372558605,9.789699554443587],[123.34552764892624,9.789950370788517],[123.3455963134769,9.790209770202637],[123.34567260742188,9.790510177612532],[123.34588623046875,9.791000366211051],[123.34616851806675,9.79131984710699],[123.34620666503918,9.791370391845703],[123.34657287597656,9.79164981842041],[123.3469467163086,9.79185009002697],[123.34734344482422,9.792030334472656],[123.3477783203125,9.792149543762207],[123.3482131958009,9.7923002243042],[123.34864044189487,9.79251956939703],[123.34899902343773,9.792840003967285],[123.34922790527344,9.79331970214838],[123.34947204589866,9.793880462646541],[123.34980773925781,9.794469833374023],[123.35014343261741,9.795109748840446],[123.35059356689464,9.795649528503532],[123.35109710693382,9.79607963562023],[123.35166168212902,9.796369552612305],[123.35218811035156,9.796589851379622],[123.35265350341831,9.796830177307129],[123.3530731201173,9.797109603881836],[123.3534927368164,9.797389984130973],[123.35394287109386,9.797679901123047],[123.35440063476562,9.7978897094726],[123.35478210449219,9.798130035400504],[123.35507202148449,9.798399925232047],[123.35536193847668,9.798620223998967],[123.3556594848634,9.798810005187988],[123.3559799194336,9.798910140991438],[123.35604858398449,9.798930168151799],[123.35611724853516,9.798970222473088],[123.35639190673874,9.799130439758414],[123.35643005371105,9.79916000366211],[123.35690307617222,9.799400329589957],[123.35742187500034,9.7996702194215],[123.35785675048862,9.8001003265382],[123.35826873779297,9.800600051879996],[123.35859680175781,9.801150321960506],[123.35890960693371,9.801679611206055],[123.35920715332054,9.802140235900879],[123.35957336425815,9.802490234375],[123.35991668701172,9.802780151367244],[123.36023712158214,9.803079605102653],[123.36054229736351,9.803389549255485],[123.36080169677746,9.80370998382574],[123.3610229492192,9.804070472717285],[123.36122131347702,9.804409980774153],[123.36148834228538,9.804710388183707],[123.36181640625,9.805000305175781],[123.36224365234409,9.805310249328613],[123.36267852783203,9.805720329284725],[123.36322784423828,9.806130409240666],[123.3637924194336,9.806550025939941],[123.36440277099655,9.80688953399681],[123.36493682861328,9.807189941406364],[123.3653335571289,9.807589530944881],[123.36557769775402,9.80811977386486],[123.36580657959018,9.808679580688477],[123.36595916748058,9.809289932251033],[123.3660888671875,9.809880256652832],[123.3661117553711,9.810500144958496],[123.36608123779297,9.81112003326416],[123.36602020263672,9.811699867248535],[123.36625671386741,9.812040328979549],[123.37471008300827,9.808270454406852],[123.38285827636741,9.804780006408635],[123.39047241210972,9.80160999298107],[123.39817047119186,9.798549652099723],[123.40505218505871,9.795129776000977],[123.41055297851562,9.791939735412654],[123.41613769531273,9.789050102233887],[123.42096710205078,9.786450386047363],[123.42437744140625,9.784310340881404],[123.43115997314499,9.779219627380371],[123.42938995361351,9.775970458984318],[123.4284362792971,9.77383041381836],[123.42777252197288,9.772230148315487],[123.42701721191452,9.770449638366813],[123.42653656005882,9.767060279846191],[123.42655944824219,9.765930175781307],[123.42664337158249,9.76231956481945],[123.42674255371094,9.757089614868278],[123.42677307128952,9.753109931946028],[123.42627716064487,9.749560356140137],[123.42591857910156,9.748040199279842],[123.42539215087913,9.742139816284293],[123.4253616333009,9.740400314331168],[123.42536926269565,9.739069938659668],[123.425537109375,9.735580444335938],[123.42601776123092,9.733090400695858],[123.4267272949221,9.730079650878963],[123.42794799804699,9.726309776306266],[123.4281463623048,9.725310325622786],[123.42833709716808,9.723179817199764],[123.42881011962925,9.719349861145247],[123.42870330810558,9.716250419616927],[123.42861938476597,9.70991039276123],[123.42874145507858,9.707050323486328]]]}},{"type":"Feature","properties":{"ID_0":177,"ISO":"PHL","NAME_0":"Philippines","ID_1":25,"NAME_1":"Cebu","ID_2":443,"NAME_2":"Aloguinsan","NL_NAME_2":null,"VARNAME_2":null,"TYPE_2":"Bayan|Munisipyo","ENGTYPE_2":"Municipality","PROVINCE":"Cebu","REGION":"Central Visayas (Region VII)"},"geometry":{"type":"Polygon","coordinates":[[[123.57195281982433,10.247500419616813],[123.57221984863281,10.247220039367676],[123.57250213623092,10.247220039367676],[123.57256317138706,10.247159957885799],[123.5727767944336,10.24693965911871],[123.57350921630905,10.246359825134277],[123.57377624511741,10.246219635009709],[123.57407379150436,10.246009826660213],[123.57431030273438,10.245949745178166],[123.57401275634766,10.245719909668082],[123.57340240478538,10.245169639587402],[123.57272338867199,10.244560241699332],[123.57259368896484,10.244239807128906],[123.57247924804688,10.243969917297363],[123.57219696044922,10.243040084838867],[123.57205200195347,10.241789817810115],[123.57232666015636,10.241200447082747],[123.57253265380871,10.240750312805176],[123.5727767944336,10.240349769592342],[123.5729370117192,10.23972034454357],[123.57283020019554,10.239230155944881],[123.57270812988293,10.238699913024902],[123.57244873046898,10.237540245056152],[123.57240295410156,10.237079620361328],[123.57235717773483,10.236689567565918],[123.57234954834007,10.235969543457145],[123.57240295410156,10.235329627990723],[123.57243347168003,10.234720230102482],[123.57296752929688,10.23400020599388],[123.57346343994152,10.234040260315169],[123.57438659667969,10.233909606933537],[123.57512664794922,10.232999801635799],[123.5754623413086,10.231369972229231],[123.57594299316418,10.230330467224121],[123.57660675048828,10.228540420532454],[123.5775299072269,10.227689743042049],[123.57791900634766,10.226619720458984],[123.57845306396507,10.225859642028922],[123.57985687255871,10.225079536437931],[123.58148193359386,10.223990440368652],[123.582763671875,10.22321987152094],[123.58442687988281,10.222290039062443],[123.58924102783203,10.219809532165527],[123.59127044677734,10.218970298767204],[123.59571075439476,10.217269897461051],[123.59828186035168,10.216050148010254],[123.6001663208009,10.215180397033748],[123.60196685791016,10.214189529418945],[123.60469818115234,10.212599754333496],[123.6070175170903,10.211350440979231],[123.61113739013683,10.208930015563965],[123.61370849609386,10.206999778747502],[123.61570739746094,10.205929756164608],[123.61643218994175,10.205539703369254],[123.618202209473,10.204640388488883],[123.63102722167969,10.198209762573185],[123.61799621582031,10.175720214843864],[123.61480712890625,10.169560432434025],[123.61064910888717,10.162730216980037],[123.60690307617222,10.15647029876709],[123.59882354736374,10.143600463867244],[123.58255004882835,10.1531600952149],[123.57993316650436,10.15474987030052],[123.56626892089878,10.163200378417969],[123.557167053223,10.168479919433707],[123.5549774169923,10.169799804687614],[123.54752349853527,10.174200057983398],[123.53505706787132,10.1815700531007],[123.52443695068405,10.187029838562125],[123.5245513916019,10.187199592590389],[123.52472686767578,10.187479972839355],[123.52488708496128,10.187780380249023],[123.52497863769531,10.188110351562614],[123.52500152587936,10.188469886779842],[123.52500915527389,10.188570022582951],[123.52501678466808,10.188839912414494],[123.5251388549807,10.18920040130621],[123.52528381347656,10.18960952758789],[123.52539825439464,10.190019607544002],[123.52541351318371,10.190070152282715],[123.5255737304692,10.190600395202864],[123.5258026123048,10.191109657287654],[123.52606201171875,10.191599845886344],[123.526123046875,10.191679954528865],[123.5261688232423,10.19174957275402],[123.52636718750011,10.192049980163574],[123.526649475098,10.192520141601506],[123.52689361572266,10.19301986694336],[123.52704620361351,10.193280220031738],[123.52706909179688,10.193309783935604],[123.52719116210938,10.193510055542049],[123.52742767334007,10.194000244140739],[123.52758026123047,10.19447040557884],[123.52777862548828,10.19478988647461],[123.52797698974621,10.195050239563045],[123.52813720703125,10.195329666137752],[123.52832794189453,10.19556999206543],[123.52850341796909,10.195839881896973],[123.52866363525402,10.196129798889274],[123.52887725830124,10.196390151977482],[123.52913665771518,10.196660041809025],[123.52947235107422,10.196969985961857],[123.52982330322311,10.197299957275618],[123.53014373779297,10.197660446166992],[123.5304107666019,10.198080062866211],[123.53063201904297,10.198539733886946],[123.5308837890625,10.198969841003475],[123.53112792968761,10.19941043853754],[123.53138732910156,10.199830055236816],[123.5316772460942,10.200240135193098],[123.5320663452153,10.20059013366722],[123.53246307373058,10.20094013214117],[123.53289031982456,10.20133018493658],[123.53295135498081,10.201370239257812],[123.53337860107422,10.201669692993221],[123.53394317626953,10.20199966430664],[123.53417968750011,10.202150344848633],[123.53446960449253,10.202320098877067],[123.53459930419967,10.202500343322754],[123.53478240966842,10.202739715576115],[123.53500366210938,10.203169822692985],[123.53514862060558,10.20359039306635],[123.53527069091797,10.204030036926326],[123.53540802001953,10.204469680786133],[123.53575134277378,10.204839706421012],[123.53600311279331,10.205349922180233],[123.53624725341797,10.205909729003906],[123.5366668701173,10.206170082092342],[123.53708648681675,10.206509590148983],[123.53755187988281,10.206899642944393],[123.53801727294945,10.207289695739973],[123.53842926025425,10.207699775695914],[123.53871154785156,10.207929611205998],[123.53884887695324,10.208040237426758],[123.53917694091842,10.208430290222111],[123.53943634033237,10.208869934082088],[123.53974914550827,10.209320068359318],[123.53999328613293,10.209650039673079],[123.54007720947311,10.209779739379883],[123.54028320312511,10.210359573364258],[123.54033660888706,10.210599899291935],[123.54044342041016,10.210969924926815],[123.54061126708984,10.211560249328613],[123.54084777832043,10.212070465087834],[123.54109191894565,10.21251010894781],[123.5413284301759,10.212949752807617],[123.54170227050781,10.213319778442496],[123.54212951660156,10.213689804077148],[123.54254913330124,10.214110374450684],[123.54295349121105,10.21452999114996],[123.54328155517578,10.214989662170467],[123.54353332519543,10.215439796447697],[123.54374694824264,10.2158203125],[123.5439682006836,10.216179847717399],[123.54418945312511,10.216569900512809],[123.5443801879884,10.21708011627203],[123.54448699951183,10.217700004577694],[123.54472351074253,10.218359947204817],[123.54490661621128,10.21903991699213],[123.54493713378906,10.219790458679427],[123.54519653320312,10.220210075378532],[123.54550170898438,10.220520019531364],[123.54580688476574,10.220760345459212],[123.54606628417969,10.221099853515739],[123.5462265014653,10.221579551696834],[123.5465011596682,10.222069740295524],[123.54678344726574,10.222610473632926],[123.54715728759777,10.223079681396541],[123.5474319458009,10.223560333251953],[123.54783630371116,10.223830223083496],[123.54842376708984,10.223750114440918],[123.54900360107422,10.223429679870662],[123.54949188232456,10.223259925842228],[123.55000305175793,10.223349571228141],[123.55005645751987,10.22356986999506],[123.55000305175793,10.22389984130865],[123.54982757568371,10.224209785461483],[123.54950714111328,10.224479675293196],[123.54915618896518,10.224699974060172],[123.54901123046875,10.224800109863281],[123.54847717285168,10.225250244140852],[123.54843139648438,10.225729942321777],[123.54860687255882,10.226229667663574],[123.54881286621094,10.226750373840446],[123.54898071289085,10.227299690246639],[123.54915618896518,10.227769851684798],[123.54933929443371,10.22821044921875],[123.5495529174807,10.228610038757438],[123.54969024658203,10.22898006439209],[123.54974365234398,10.229109764099235],[123.55000305175793,10.229579925537223],[123.55027770996094,10.230030059814453],[123.5505828857423,10.23050975799572],[123.55107879638695,10.23095989227295],[123.55172729492199,10.231439590454215],[123.55217742919922,10.231989860534895],[123.55258178710949,10.232540130615234],[123.55301666259766,10.23297977447504],[123.55352020263672,10.233269691467342],[123.55391693115246,10.233679771423454],[123.55431365966831,10.234109878540153],[123.55474090576172,10.23445034027111],[123.55516052246105,10.234789848327637],[123.55563354492199,10.235110282898063],[123.55612945556652,10.235440254211426],[123.55639648437511,10.235710144043026],[123.55657958984375,10.235879898071232],[123.55664825439453,10.236020088195858],[123.55687713623058,10.236479759216536],[123.55708312988293,10.237130165100211],[123.55726623535168,10.237529754638729],[123.55748748779342,10.237790107727108],[123.55770111083984,10.238059997558707],[123.5579605102539,10.238349914550781],[123.55827331542969,10.238710403442496],[123.55860137939464,10.239179611206168],[123.55896759033214,10.239680290222282],[123.55948638916016,10.239999771118221],[123.56001281738281,10.240269660949764],[123.56050872802746,10.24048995971674],[123.5610122680664,10.240610122680778],[123.5614700317384,10.240810394287166],[123.56194305419956,10.24098014831543],[123.56237030029297,10.241160392761287],[123.56276702880905,10.241390228271541],[123.56284332275425,10.241439819335994],[123.56314849853561,10.24164962768549],[123.56352996826217,10.241889953613395],[123.56392669677746,10.242110252380371],[123.56430816650402,10.242289543152083],[123.56458282470703,10.242549896240348],[123.56475830078125,10.24285984039318],[123.56498718261753,10.243140220642147],[123.56523132324219,10.243459701538086],[123.56543731689499,10.243840217590389],[123.5657424926759,10.244159698486328],[123.56606292724655,10.244480133056754],[123.56633758544945,10.244830131530875],[123.56658172607467,10.245220184326286],[123.56685638427734,10.24551010131836],[123.56710052490257,10.24584007263195],[123.56728363037143,10.24615955352806],[123.56752014160156,10.24641036987299],[123.56775665283214,10.246649742126579],[123.56804656982456,10.24689960479742],[123.5684814453125,10.247139930725098],[123.5689315795903,10.247420310974235],[123.5693588256836,10.247710227966365],[123.56968688964889,10.247920036315861],[123.56971740722656,10.24794006347679],[123.56986236572277,10.248029708862305],[123.5704727172855,10.248220443725586],[123.57111358642601,10.248049736023063],[123.57161712646518,10.247790336608887],[123.57173156738327,10.247690200805607],[123.57195281982433,10.247500419616813]]]}},{"type":"Feature","properties":{"ID_0":177,"ISO":"PHL","NAME_0":"Philippines","ID_1":25,"NAME_1":"Cebu","ID_2":444,"NAME_2":"Argao","NL_NAME_2":null,"VARNAME_2":null,"TYPE_2":"Bayan|Munisipyo","ENGTYPE_2":"Municipality","PROVINCE":"Cebu","REGION":"Central Visayas (Region VII)"},"geometry":{"type":"Polygon","coordinates":[[[123.62239074707043,9.950849533081055],[123.62270355224632,9.950770378112793],[123.62291717529331,9.950860023498649],[123.62317657470726,9.951040267944336],[123.62358093261719,9.951100349426326],[123.62407684326172,9.951060295105037],[123.6245727539067,9.950790405273494],[123.62493896484375,9.950349807739201],[123.6250991821289,9.949760437011719],[123.62518310546898,9.949130058288802],[123.62493133544922,9.948479652404785],[123.62454223632812,9.947569847107047],[123.62451171875023,9.947500228881893],[123.62445831298828,9.94678020477295],[123.6243667602539,9.945560455322322],[123.6241683959961,9.943889617920036],[123.6241683959961,9.943059921264648],[123.62389373779297,9.942779541015682],[123.62389373779297,9.942219734191838],[123.62367248535202,9.942000389099178],[123.62361145019577,9.941940307617188],[123.62361145019577,9.941840171814079],[123.62361145019577,9.941670417785645],[123.62336730957054,9.941419601440543],[123.62333679199219,9.941390037536678],[123.62333679199219,9.94099044799816],[123.62262725830078,9.940230369567871],[123.62214660644577,9.939399719238395],[123.62185668945312,9.938699722289982],[123.62172698974621,9.938360214233455],[123.62120819091831,9.938570022583008],[123.62120819091831,9.938929557800236],[123.62120819091831,9.939749717712516],[123.62127685546898,9.940440177917424],[123.62191009521496,9.940930366516113],[123.62246704101608,9.942170143127441],[123.62267303466808,9.943559646606502],[123.62287902832043,9.945010185241813],[123.6232299804692,9.945980072021598],[123.6232299804692,9.94674015045166],[123.62287902832043,9.946949958801383],[123.62232208251976,9.946809768676815],[123.62238311767578,9.944860458374137],[123.62169647216797,9.943559646606502],[123.62120819091831,9.942939758300838],[123.62050628662132,9.941829681396484],[123.62023925781295,9.940719604492301],[123.62017059326172,9.939539909362793],[123.62019348144543,9.939279556274357],[123.62023925781295,9.938300132751465],[123.62093353271484,9.937049865722884],[123.62135314941418,9.93645000457758],[123.62139129638706,9.93638992309576],[123.62109375,9.936129570007324],[123.62110900878906,9.935830116271916],[123.62081909179722,9.935560226440373],[123.62082672119175,9.935000419616756],[123.6207733154298,9.93488025665306],[123.62055206298828,9.934269905090332],[123.62037658691452,9.933779716491642],[123.62032318115257,9.93362045288086],[123.62021636962902,9.932939529419059],[123.62007904052734,9.932399749755916],[123.62020874023449,9.932000160217228],[123.62027740478516,9.931670188903865],[123.62027740478516,9.931389808654899],[123.62055206298828,9.931110382080192],[123.62055206298828,9.930279731750545],[123.62027740478516,9.930000305175838],[123.62027740478516,9.929539680481184],[123.62027740478516,9.929169654846191],[123.61972045898449,9.928609848022688],[123.61972045898449,9.928330421447868],[123.6188888549807,9.927499771118164],[123.6188888549807,9.92693996429449],[123.61860656738304,9.926670074462947],[123.61860656738304,9.925829887390137],[123.61833190918014,9.925559997558594],[123.61833190918014,9.925279617309627],[123.61805725097656,9.925000190734977],[123.61805725097656,9.924719810485783],[123.61682128906284,9.92348957061779],[123.61638641357433,9.923060417175407],[123.61638641357433,9.92278003692627],[123.61611175537143,9.922499656677303],[123.61599731445324,9.922430038452148],[123.61557006835938,9.922200202941895],[123.61528015136764,9.921890258789062],[123.61504364013683,9.921629905700797],[123.61488342285179,9.921409606933821],[123.61475372314453,9.921210289001522],[123.61472320556675,9.920960426330566],[123.61472320556675,9.920649528503418],[123.61470031738327,9.920310020446891],[123.6145935058596,9.9199600219726],[123.61454010009766,9.919619560241813],[123.61453247070347,9.91958045959484],[123.61451721191452,9.91950988769537],[123.6144638061528,9.91919040679943],[123.61444091796875,9.918889999389705],[123.61416625976562,9.918609619140739],[123.61416625976562,9.918060302734318],[123.61389160156295,9.917779922485352],[123.61389160156295,9.917220115661735],[123.6133270263673,9.916669845580998],[123.6133270263673,9.916390419006348],[123.6130523681644,9.916110038757381],[123.6130523681644,9.915829658508358],[123.61277770996105,9.915559768676815],[123.61277770996105,9.914999961853027],[123.6130523681644,9.914719581604004],[123.61277770996105,9.914440155029524],[123.61277770996105,9.91417026519781],[123.61250305175804,9.913889884948844],[123.61250305175804,9.913610458374137],[123.61222076416061,9.913330078125],[123.61195373535156,9.913330078125],[123.61138916015625,9.91277980804449],[123.6111068725586,9.91277980804449],[123.61083221435592,9.913060188293457],[123.61083221435592,9.913330078125],[123.61055755615234,9.913610458374137],[123.61055755615234,9.913889884948844],[123.6111068725586,9.914440155029524],[123.61174011230491,9.915410041809139],[123.6119308471682,9.916110038757381],[123.61195373535156,9.916179656982479],[123.61267089843784,9.91734981536871],[123.61302185058594,9.91825008392334],[123.61329650878906,9.918729782104606],[123.61329650878906,9.919079780578727],[123.61315917968761,9.919150352478141],[123.61282348632812,9.918869972229004],[123.6111831665039,9.91693973541254],[123.61065673828136,9.916419982910213],[123.61055755615234,9.91631031036377],[123.61051177978561,9.91627025604248],[123.60971832275402,9.915550231933707],[123.60965728759766,9.915379524230957],[123.60958099365234,9.915140151977596],[123.60944366455101,9.914719581604004],[123.60916137695335,9.91446971893322],[123.6090316772461,9.914179801940918],[123.60897064209007,9.914050102233944],[123.60899353027378,9.913570404052678],[123.60926055908226,9.913100242614746],[123.61007690429733,9.911709785461426],[123.60980987548862,9.911219596862907],[123.60906982421898,9.91077995300293],[123.60830688476585,9.910829544067496],[123.60780334472668,9.910810470581055],[123.60749053955078,9.910690307617188],[123.60736846923828,9.910409927368221],[123.60739135742188,9.909990310669002],[123.6075363159182,9.90950965881359],[123.60743713378918,9.909179687500057],[123.60746765136753,9.908829689025936],[123.60743713378918,9.90845012664795],[123.60727691650425,9.908049583435115],[123.60716247558616,9.907620429992733],[123.60700225830078,9.907239913940657],[123.60688018798874,9.9068603515625],[123.60674285888672,9.906499862670955],[123.60661315917969,9.906080245971737],[123.60646057128918,9.905639648437614],[123.60637664794956,9.905139923095817],[123.60633850097656,9.904640197753963],[123.60639190673851,9.904170036316032],[123.60666656494152,9.904170036316032],[123.60694122314464,9.903889656066895],[123.60749816894531,9.903889656066895],[123.60778045654342,9.903610229492188],[123.60778045654342,9.903329849243391],[123.60832977294922,9.902779579162711],[123.60861206054722,9.902779579162711],[123.60861206054722,9.90194034576416],[123.60832977294922,9.901670455932617],[123.60832977294922,9.90139007568365],[123.6080474853519,9.901109695434684],[123.6080474853519,9.900279998779297],[123.60778045654342,9.8999996185305],[123.60778045654342,9.89972019195568],[123.60749816894531,9.899439811706486],[123.60749816894531,9.899169921874943],[123.6072235107423,9.898889541625977],[123.6072235107423,9.898610115051326],[123.60694122314464,9.898329734802303],[123.60694122314464,9.89795970916748],[123.60694122314464,9.89778041839611],[123.60666656494152,9.897500038146973],[123.60633087158237,9.897049903869743],[123.60646057128918,9.896849632263297],[123.6065063476567,9.896579742431754],[123.6065063476567,9.896539688110465],[123.60643005371094,9.896129608154524],[123.60635375976562,9.895689964294547],[123.60629272460949,9.895480155944824],[123.60623168945312,9.89525032043457],[123.60620880126976,9.89480018615734],[123.60632324218784,9.894370079040641],[123.60640716552734,9.893930435180664],[123.60656738281284,9.89356994628912],[123.60669708251999,9.893239974975586],[123.60687255859398,9.89295959472662],[123.60698699951172,9.892660140991211],[123.60717010498047,9.892379760742188],[123.6073379516605,9.89202022552496],[123.60767364501953,9.891710281372127],[123.60807037353516,9.89136981964117],[123.60812377929688,9.891320228576717],[123.60814666748047,9.891280174255485],[123.6084671020509,9.890970230102653],[123.60885620117222,9.890560150146484],[123.60888671875,9.89052963256836],[123.60917663574264,9.89013957977295],[123.60946655273438,9.889760017394963],[123.60974121093795,9.889439582824707],[123.6100006103519,9.889169692993164],[123.61055755615234,9.888609886169547],[123.61055755615234,9.887499809265194],[123.61083221435592,9.887220382690657],[123.61083221435592,9.885560035705623],[123.61067962646496,9.885370254516602],[123.61052703857456,9.88500022888195],[123.61029052734386,9.884699821472282],[123.61009216308605,9.884400367736873],[123.6100006103519,9.884079933166618],[123.6100006103519,9.883729934692496],[123.6100006103519,9.883449554443303],[123.60997772216797,9.883339881897086],[123.60999298095714,9.88292026519781],[123.60994720459018,9.882479667663574],[123.6097564697269,9.88206005096447],[123.60974884033249,9.881910324096793],[123.6097335815432,9.881609916687239],[123.6097335815432,9.881170272827262],[123.6097335815432,9.880909919738826],[123.6097335815432,9.88080024719244],[123.60957336425815,9.88047027587902],[123.60906982421898,9.880200386047477],[123.60870361328125,9.87987995147705],[123.60851287841797,9.879480361938533],[123.60836791992199,9.879110336303654],[123.60833740234375,9.878689765930119],[123.60832977294922,9.878239631652889],[123.60832977294922,9.877770423889217],[123.60833740234375,9.877300262451286],[123.60833740234375,9.877189636230582],[123.60838317871105,9.876839637756461],[123.60855865478527,9.876399993896484],[123.60859680175827,9.87598037719738],[123.60861206054722,9.875590324401799],[123.60862731933594,9.875229835510254],[123.60872650146484,9.874879837036133],[123.60881805419922,9.87454986572277],[123.60868835449241,9.874250411987532],[123.60839843750023,9.873990058898926],[123.60801696777366,9.873920440673828],[123.60791015625034,9.873920440673828],[123.60738372802734,9.873909950256404],[123.60720825195358,9.873909950256404],[123.6070938110355,9.873920440673828],[123.6068572998048,9.873950004577637],[123.60639953613304,9.8741197586059],[123.60594940185581,9.874170303344783],[123.60552978515636,9.874170303344783],[123.60513305664074,9.874170303344783],[123.60472869873092,9.8741197586059],[123.60431671142578,9.8739404678347],[123.60376739501953,9.873889923095817],[123.60315704345726,9.873820304870662],[123.60256958007847,9.873629570007381],[123.60199737548862,9.873379707336426],[123.60148620605514,9.873069763183594],[123.60101318359375,9.872739791870174],[123.60093688964855,9.872710227966309],[123.60045623779308,9.87255001068138],[123.59992980957031,9.87234973907482],[123.59941864013683,9.872240066528548],[123.59887695312545,9.872179985046387],[123.59834289550781,9.87201976776123],[123.59771728515648,9.872039794921989],[123.59767913818405,9.872039794921989],[123.59693145751964,9.872150421142692],[123.59618377685558,9.872030258178825],[123.59546661376953,9.87195968627941],[123.59484100341808,9.871939659118652],[123.59436798095737,9.871870040893555],[123.59409332275413,9.871540069580135],[123.5938491821289,9.871100425720329],[123.59348297119186,9.870770454406795],[123.59293365478527,9.870679855346793],[123.59226226806675,9.870690345764388],[123.59221649169956,9.870670318603459],[123.59176635742233,9.870420455932674],[123.59131622314487,9.870030403137434],[123.59082031250011,9.86970043182373],[123.59028625488327,9.869440078735465],[123.59020233154297,9.869389533996582],[123.58979797363304,9.869170188903922],[123.58936309814453,9.86892032623291],[123.58915710449253,9.868820190429801],[123.58894348144554,9.868700027465763],[123.58860778808594,9.868390083312931],[123.58815002441418,9.868229866027832],[123.58780670166061,9.86802005767845],[123.58753204345703,9.867779731750602],[123.58728790283203,9.86752986907959],[123.58705139160202,9.867250442504883],[123.58676147460938,9.86701965332037],[123.58634948730503,9.86692047119152],[123.58592224121128,9.866769790649528],[123.58545684814453,9.86662960052496],[123.5850067138673,9.866390228271541],[123.58458709716831,9.866149902343864],[123.5841903686528,9.865960121154899],[123.58380889892624,9.865770339965877],[123.58341217041038,9.86559009552002],[123.58309173583984,9.865320205688477],[123.58277130126953,9.86497974395752],[123.5824966430664,9.864569664001522],[123.58223724365246,9.864150047302303],[123.58207702636741,9.863800048828352],[123.58203887939499,9.863719940185604],[123.58183288574219,9.863360404968375],[123.58158874511753,9.86303997039795],[123.58136749267578,9.862730026245117],[123.58112335205101,9.862500190734863],[123.58088684082077,9.86229038238531],[123.58056640625045,9.862139701843319],[123.5802230834961,9.861949920654297],[123.57980346679733,9.861789703369197],[123.57924652099643,9.861740112304801],[123.57874298095726,9.86166954040533],[123.57833099365246,9.861490249633789],[123.57801055908203,9.861149787902775],[123.57788848876999,9.860529899597111],[123.57763671875,9.860110282898063],[123.57729339599621,9.85995960235607],[123.57692718505882,9.859789848327637],[123.57655334472702,9.85960960388195],[123.57615661621105,9.859419822692928],[123.57584381103516,9.859140396118278],[123.57565307617188,9.858980178832951],[123.57549285888695,9.85886001586914],[123.57508087158203,9.858659744262695],[123.57472991943382,9.858369827270621],[123.57437133789062,9.85805988311779],[123.57398223876953,9.857720375061263],[123.5736312866211,9.857319831848258],[123.57331848144577,9.856880187988281],[123.57319641113315,9.856730461120605],[123.57301330566429,9.85647010803234],[123.57263183593773,9.856180191040039],[123.5724105834961,9.855830192565918],[123.57219696044922,9.855440139770565],[123.57193756103527,9.85507965087902],[123.57166290283237,9.854740142822493],[123.57147979736362,9.854539871215934],[123.57140350341842,9.854450225830021],[123.57121276855514,9.854169845581055],[123.57102966308639,9.853910446167106],[123.57083892822311,9.853679656982365],[123.57079315185558,9.853599548339787],[123.57064819335983,9.853409767150993],[123.57044219970726,9.853090286254883],[123.57038879394531,9.853019714355412],[123.57015228271507,9.852749824523869],[123.56983184814499,9.852359771728459],[123.56971740722656,9.852179527282829],[123.56955718994152,9.851909637451229],[123.56931304931686,9.851440429687614],[123.56899261474643,9.851050376892204],[123.56873321533249,9.850600242614803],[123.5683822631836,9.850179672241211],[123.56806182861351,9.849679946899414],[123.56777954101608,9.849129676818904],[123.56749725341797,9.84860992431652],[123.56722259521518,9.84815979003929],[123.56694793701172,9.847780227661133],[123.56671142578159,9.847439765930176],[123.56654357910156,9.847089767456055],[123.56639099121139,9.846739768981934],[123.56626129150436,9.84640979766857],[123.56613922119175,9.846090316772575],[123.56610107421875,9.845709800720329],[123.56604003906261,9.84531021118164],[123.56594085693393,9.844900131225643],[123.56585693359386,9.84453010559082],[123.5658798217778,9.8441801071167],[123.56611633300781,9.843870162963867],[123.56635284423828,9.84352970123291],[123.56642913818371,9.843090057373104],[123.56664276123092,9.842700004577864],[123.56706237792969,9.842399597167969],[123.56735229492233,9.842120170593319],[123.56748962402366,9.84197998046875],[123.56777954101608,9.84148979187023],[123.56771850585938,9.841360092163086],[123.56749725341797,9.84088039398199],[123.56759643554733,9.840290069580192],[123.567420959473,9.839909553527889],[123.56719970703148,9.839630126953239],[123.56697845458996,9.839449882507381],[123.56694030761719,9.839420318603516],[123.5666732788086,9.839240074157829],[123.56640625000011,9.839059829712141],[123.56619262695312,9.838829994201717],[123.56601715087936,9.838540077209416],[123.56578063964844,9.83825969696045],[123.5655288696289,9.837900161743221],[123.56519317626976,9.837479591369686],[123.56477355957031,9.837010383606014],[123.56421661376964,9.836580276489485],[123.56371307373047,9.836099624633732],[123.56326293945324,9.835599899292106],[123.5628280639653,9.835149765014876],[123.56250000000011,9.834679603576774],[123.56236267089844,9.834480285644645],[123.56230926513683,9.834400177002067],[123.56223297119152,9.834280014038029],[123.56197357177734,9.833889961242676],[123.56178283691406,9.83345031738287],[123.56157684326195,9.832969665527457],[123.56134796142578,9.832449913024902],[123.56121063232422,9.831910133361816],[123.56134796142578,9.831350326538143],[123.56143188476608,9.83080959320074],[123.56160736083984,9.830289840698242],[123.56168365478561,9.829700469970703],[123.56182861328136,9.829270362854004],[123.56186676025436,9.82913970947277],[123.56188201904331,9.828599929809684],[123.56173706054699,9.828180313110579],[123.56172180175781,9.82810020446783],[123.56165313720714,9.827599525451717],[123.56154632568371,9.827110290527344],[123.56149291992233,9.82664966583252],[123.56165313720714,9.826270103454704],[123.56168365478561,9.826210021972713],[123.56189727783203,9.825779914856184],[123.56194305419956,9.825269699096793],[123.56192016601562,9.82466983795166],[123.56181335449264,9.82402038574213],[123.56166076660168,9.823349952697754],[123.5615234375,9.8226900100708],[123.5615234375,9.822130203247184],[123.56141662597656,9.821619987487736],[123.56139373779297,9.82112026214611],[123.56137847900413,9.820650100707951],[123.561317443848,9.820229530334416],[123.5611572265625,9.819930076599178],[123.56104278564453,9.819649696350211],[123.56091308593795,9.819519996643066],[123.56085205078125,9.819450378417912],[123.56070709228527,9.819230079650993],[123.56070709228527,9.81888961792015],[123.5607681274414,9.818470001220703],[123.56075286865234,9.818400382995605],[123.56062316894554,9.818010330200195],[123.5604476928711,9.81758975982666],[123.56024169921898,9.81717967987072],[123.56001281738281,9.816760063171614],[123.55970764160156,9.816289901733455],[123.55935668945324,9.815819740295524],[123.55899810791038,9.815340042114258],[123.55877685546886,9.815059661865291],[123.54979705810592,9.821590423584098],[123.54360961914062,9.825630187988338],[123.53560638427746,9.832699775695914],[123.52900695800827,9.837750434875488],[123.51991271972702,9.844070434570312],[123.51689147949219,9.846159934997559],[123.50238800048828,9.85696029663086],[123.50000762939453,9.858719825744743],[123.49632263183628,9.861359596252498],[123.49002075195324,9.865630149841309],[123.47354888916038,9.875169754028434],[123.4742889404298,9.880419731140137],[123.47633361816406,9.887339591980208],[123.48103332519531,9.900569915771598],[123.48181915283214,9.903539657592773],[123.48412322998081,9.912619590759334],[123.48490905761719,9.914560317993221],[123.48892211914062,9.928560256958121],[123.4891815185548,9.929550170898438],[123.49031829833996,9.934479713439885],[123.49108123779308,9.939849853515625],[123.4937667846682,9.947119712829647],[123.49439239501953,9.949589729309139],[123.49748992919945,9.958359718322754],[123.4983901977539,9.963259696960506],[123.49970245361362,9.969019889831657],[123.5022964477539,9.976220130920524],[123.50443267822277,9.981920242309798],[123.50813293457031,9.991200447082633],[123.51653289794933,9.989270210266227],[123.52892303466797,9.986370086669979],[123.53925323486351,9.984270095825309],[123.55621337890659,9.980420112609863],[123.55832672119163,9.980059623718319],[123.57669830322311,9.975799560546989],[123.58309936523449,9.974390029907227],[123.59577178955124,9.971529960632267],[123.60888671875,9.968939781189079],[123.6136398315432,9.967840194702148],[123.61411285400402,9.967729568481445],[123.6210098266605,9.966139793395996],[123.62165069580101,9.965880393982047],[123.62167358398438,9.965000152587947],[123.62172698974621,9.964900016784668],[123.62188720703125,9.96465969085699],[123.62184906005882,9.964229583740462],[123.6214828491211,9.963850021362305],[123.6211166381836,9.96348953247076],[123.62084197998047,9.963129997253532],[123.62071990966797,9.962710380554313],[123.62103271484375,9.962100028991927],[123.62095642089855,9.961759567260742],[123.62094116210983,9.961709976196346],[123.62090301513672,9.96160030364996],[123.62079620361351,9.961370468139648],[123.62059783935558,9.96107006072998],[123.62049102783237,9.960709571838436],[123.62032318115257,9.960309982299918],[123.62027740478516,9.959870338439941],[123.62027740478516,9.959699630737532],[123.62027740478516,9.959440231323242],[123.62032318115257,9.959079742431868],[123.62043762207065,9.958809852600325],[123.6207733154298,9.958550453186035],[123.62084197998047,9.958410263061637],[123.62088775634788,9.958310127258358],[123.62100219726608,9.958069801330623],[123.6211166381836,9.95783996582054],[123.62132263183639,9.957719802856502],[123.62158966064487,9.957610130310115],[123.62184906005882,9.957489967346248],[123.62210845947277,9.95734977722168],[123.62236785888672,9.957220077514876],[123.622596740723,9.956999778747559],[123.62278747558628,9.95629024505638],[123.62294006347656,9.9557399749757],[123.62284088134766,9.955309867859],[123.62271881103561,9.954970359802303],[123.62265014648438,9.954719543457031],[123.62290954589889,9.954520225524902],[123.62322235107422,9.954230308532829],[123.62332153320312,9.953740119934139],[123.62300109863281,9.952989578247184],[123.62261199951195,9.952779769897461],[123.6222763061528,9.952679634094352],[123.6220474243164,9.952529907226676],[123.62181854248058,9.95236968994152],[123.62159729003906,9.952139854431266],[123.62156677246139,9.95197963714594],[123.62153625488293,9.951849937438965],[123.62171936035168,9.951539993286133],[123.62175750732467,9.951499938964844],[123.62194824218795,9.951279640197697],[123.62214660644577,9.951100349426326],[123.62239074707043,9.950849533081055]]]}},{"type":"Feature","properties":{"ID_0":177,"ISO":"PHL","NAME_0":"Philippines","ID_1":25,"NAME_1":"Cebu","ID_2":446,"NAME_2":"Badian","NL_NAME_2":null,"VARNAME_2":null,"TYPE_2":"Bayan|Munisipyo","ENGTYPE_2":"Municipality","PROVINCE":"Cebu","REGION":"Central Visayas (Region VII)"},"geometry":{"type":"MultiPolygon","coordinates":[[[[123.40033721923862,9.901180267333928],[123.41818237304688,9.899209976196403],[123.42371368408203,9.898610115051326],[123.42395782470726,9.898590087890739],[123.42675018310547,9.89828968048107],[123.42961120605469,9.89795970916748],[123.43237304687534,9.897649765014648],[123.43763732910156,9.896599769592285],[123.4418869018557,9.89525032043457],[123.44621276855469,9.893650054931868],[123.45149993896518,9.891309738159123],[123.45877838134766,9.887809753418026],[123.46688842773483,9.883890151977596],[123.4742889404298,9.880419731140137],[123.47354888916038,9.875169754028434],[123.47376251220737,9.87255001068138],[123.47438049316418,9.867440223693904],[123.47438812255893,9.860730171203727],[123.47354125976574,9.854740142822493],[123.47339630126953,9.853599548339787],[123.4726333618164,9.850460052490234],[123.47151947021496,9.84757041931158],[123.46946716308594,9.842350006103743],[123.46704864501964,9.838489532470703],[123.45967864990234,9.828519821167106],[123.45223236083984,9.817850112915039],[123.4414672851567,9.799980163574332],[123.43981933593784,9.79749965667719],[123.43779754638672,9.795149803161735],[123.43115997314499,9.779219627380371],[123.42437744140625,9.784310340881404],[123.42096710205078,9.786450386047363],[123.41613769531273,9.789050102233887],[123.41055297851562,9.791939735412654],[123.40505218505871,9.795129776000977],[123.39817047119186,9.798549652099723],[123.39047241210972,9.80160999298107],[123.38285827636741,9.804780006408635],[123.37471008300827,9.808270454406852],[123.36625671386741,9.812040328979549],[123.36633300781261,9.812150001525936],[123.36666870117188,9.812359809875488],[123.36672210693371,9.812399864196777],[123.36695098876987,9.812500000000227],[123.36723327636719,9.812620162963924],[123.36753082275425,9.812789916992188],[123.36788177490257,9.813039779663143],[123.36831665039062,9.81332015991211],[123.36876678466797,9.81367015838623],[123.36914825439453,9.81416034698492],[123.36946105957031,9.814729690551701],[123.36978149414074,9.815230369567814],[123.37007904052757,9.815640449523983],[123.3703231811528,9.816020011901912],[123.37055206298851,9.816329956054744],[123.37078094482422,9.81663036346447],[123.37093353271507,9.817029953003157],[123.37109375000011,9.817449569702262],[123.37114715576206,9.817939758300781],[123.3712768554692,9.818209648132324],[123.37135314941406,9.818369865417424],[123.37140655517601,9.818829536437988],[123.37149810791027,9.81925964355463],[123.37167358398449,9.819609642028752],[123.3718719482423,9.819950103759766],[123.37193298339844,9.820369720458984],[123.37188720703148,9.820830345153809],[123.37178039550815,9.821370124816951],[123.37204742431652,9.82201957702648],[123.37194061279297,9.822620391845703],[123.37175750732422,9.823140144348258],[123.37165832519577,9.82363033294672],[123.3715591430664,9.82402038574213],[123.37142181396484,9.824370384216422],[123.37135314941406,9.82476997375494],[123.37117004394531,9.82516002655052],[123.37111663818371,9.825630187988338],[123.37110900878918,9.826140403747559],[123.37110900878918,9.826660156250114],[123.37110900878918,9.827210426330794],[123.37109375000011,9.827790260314998],[123.3710708618164,9.827879905700684],[123.37101745605503,9.828370094299373],[123.37095642089878,9.828929901123047],[123.37117004394531,9.829389572143555],[123.37139892578159,9.829879760742244],[123.37167358398449,9.83043003082281],[123.37194061279297,9.831000328064022],[123.37217712402366,9.831569671630803],[123.37230682373047,9.832039833068961],[123.37236022949241,9.832093238830566],[123.37230682373047,9.832739830017204],[123.37245941162132,9.83333969116211],[123.37249755859375,9.833869934082088],[123.37251281738281,9.834309577941895],[123.37249755859375,9.834679603576774],[123.37246704101608,9.834989547729606],[123.37238311767578,9.835280418395996],[123.37222290039108,9.835599899292106],[123.37204742431652,9.835980415344181],[123.37207031250011,9.836449623107853],[123.3722763061528,9.836890220642317],[123.37245941162132,9.837229728698844],[123.37249755859375,9.837559700012207],[123.37249755859375,9.837889671325797],[123.37243652343761,9.838279724121207],[123.37229919433628,9.838729858398438],[123.37236022949241,9.839229583740234],[123.37256622314453,9.839679718017805],[123.37238311767578,9.840250015258903],[123.37251281738281,9.840640068054313],[123.37267303466831,9.841010093688965],[123.37277221679688,9.841389656066951],[123.37278747558594,9.841719627380485],[123.37274932861351,9.841970443725586],[123.37259674072266,9.842149734497184],[123.37249755859375,9.842370033264103],[123.37246704101608,9.842419624328727],[123.37222290039108,9.8427095413208],[123.37188720703148,9.842989921569767],[123.37153625488315,9.843250274658203],[123.37130737304699,9.843680381774902],[123.3710708618164,9.844109535217285],[123.37074279785179,9.844449996948242],[123.37039947509766,9.844779968261832],[123.37010192871094,9.84517955780052],[123.36985778808605,9.845600128173885],[123.36966705322277,9.846039772033691],[123.36947631835949,9.846420288085994],[123.36939239501964,9.846759796142635],[123.36923980712925,9.847049713134766],[123.36917114257858,9.847339630127067],[123.36911773681663,9.847620010376033],[123.36897277832031,9.847849845886458],[123.3688735961914,9.848130226135254],[123.36869812011719,9.848429679870833],[123.36856079101562,9.848879814148063],[123.36839294433594,9.849459648132267],[123.36836242675804,9.850119590759391],[123.36843109130871,9.85070991516119],[123.36853027343784,9.85116004943842],[123.36837768554688,9.851499557495117],[123.36837005615234,9.852899551391602],[123.36831665039062,9.853320121765137],[123.36813354492188,9.853730201721248],[123.36801147460938,9.854020118713379],[123.3679428100586,9.854209899902344],[123.36765289306686,9.854669570922908],[123.36757659912143,9.855119705200309],[123.3675537109375,9.855620384216422],[123.36750793457077,9.856149673461914],[123.3675537109375,9.856659889221135],[123.36776733398472,9.85708045959467],[123.367958068848,9.857449531555233],[123.367958068848,9.857879638671932],[123.36788177490257,9.858369827270621],[123.3680191040039,9.858839988708553],[123.36810302734409,9.859359741210938],[123.36829376220737,9.859869956970158],[123.36840057373047,9.860400199890137],[123.36859130859375,9.860830307006836],[123.36872863769565,9.861229896545524],[123.36885833740268,9.861570358276367],[123.36892700195335,9.861949920654297],[123.36908721923828,9.8623304367066],[123.3691635131836,9.862770080566406],[123.3691864013673,9.863260269165096],[123.36932373046875,9.863780021667424],[123.36942291259811,9.864339828491268],[123.36943817138706,9.864469528198242],[123.3694992065432,9.864930152893066],[123.36956787109386,9.865079879760799],[123.3697280883789,9.865409851074162],[123.36995697021496,9.865859985351562],[123.37000274658237,9.866339683532658],[123.37000274658237,9.866800308227482],[123.37006378173862,9.867250442504883],[123.37027740478516,9.867650032043457],[123.37050628662155,9.8680801391601],[123.3705291748048,9.868209838867244],[123.37059783935547,9.868599891662825],[123.37081146240246,9.869119644165039],[123.37111663818371,9.86958980560297],[123.37145996093795,9.869970321655273],[123.37188720703148,9.870189666748274],[123.37223052978561,9.870240211486816],[123.37238311767578,9.870269775390682],[123.3729019165039,9.870229721069393],[123.37341308593773,9.870050430297795],[123.37359619140636,9.870030403137434],[123.37393951416061,9.869999885559139],[123.3744888305664,9.869990348815975],[123.37503051757835,9.869939804077092],[123.37554168701206,9.869819641113281],[123.37610626220737,9.869810104370117],[123.37628936767624,9.869389533996582],[123.3765563964846,9.86913967132574],[123.37667846679722,9.869070053100643],[123.37684631347679,9.8689603805542],[123.37729644775402,9.8689804077149],[123.37772369384766,9.868780136108512],[123.3790893554692,9.86847019195568],[123.38079833984375,9.868109703063965],[123.3810806274414,9.868109703063965],[123.38124847412155,9.868120193481559],[123.38159179687511,9.868100166320858],[123.38188934326206,9.867970466613883],[123.38217926025402,9.867699623108024],[123.38256835937523,9.867509841919059],[123.38311004638683,9.867580413818473],[123.38378906250034,9.867879867553711],[123.38426971435558,9.867910385131836],[123.38456726074241,9.867730140685978],[123.38468933105503,9.867380142211857],[123.38465118408214,9.867179870605469],[123.38464355468761,9.86713981628418],[123.38456726074241,9.866740226745833],[123.38427734375011,9.866180419921818],[123.38365936279297,9.865679740905705],[123.38311004638683,9.865320205688477],[123.38276672363327,9.865169525146484],[123.38259124755893,9.865090370178223],[123.38208007812534,9.864910125732536],[123.38156890869186,9.864879608154354],[123.3810806274414,9.864959716796932],[123.38094329834007,9.86497974395752],[123.38062286376999,9.864999771118391],[123.38020324707031,9.865019798278752],[123.37975311279297,9.865079879760799],[123.37925720214844,9.865280151367188],[123.37870788574264,9.865559577941895],[123.37837219238304,9.865850448608626],[123.37812805175781,9.866100311279297],[123.37798309326183,9.866379737854118],[123.37776947021496,9.86658954620384],[123.37753295898438,9.866700172424373],[123.37728118896484,9.866669654846248],[123.37703704834007,9.866539955139274],[123.37674713134788,9.866430282593],[123.37641906738327,9.86637020111084],[123.37608337402366,9.866169929504395],[123.3758316040039,9.865579605102596],[123.37592315673862,9.864919662475643],[123.37616729736362,9.864319801330566],[123.37651824951172,9.863789558410758],[123.37693786621116,9.863369941711483],[123.37735748291016,9.86303997039795],[123.37770843505882,9.862719535827694],[123.37787628173862,9.862299919128418],[123.3778991699221,9.861749649048079],[123.3780288696289,9.861300468444767],[123.37834930419933,9.860969543457088],[123.37877655029331,9.860790252685547],[123.37921142578159,9.860839843749943],[123.37969970703136,9.860950469970703],[123.38024902343761,9.861069679260254],[123.38086700439499,9.861149787902775],[123.38140106201183,9.861300468444767],[123.38181304931686,9.861639976501465],[123.38220977783237,9.86194038391136],[123.38260650634766,9.862179756164608],[123.3829727172855,9.862339973449707],[123.38324737548828,9.86254978179943],[123.38346862792969,9.862790107727108],[123.38365173339844,9.863069534301815],[123.3839263916019,9.863320350647086],[123.38426208496105,9.863570213317928],[123.38465118408214,9.86376953125],[123.38507080078159,9.863869667053336],[123.38546752929688,9.863929748535156],[123.3857879638673,9.864049911499023],[123.38601684570358,9.86425971984869],[123.38622283935581,9.86454963684082],[123.38641357421909,9.864910125732536],[123.38665771484409,9.865240097045898],[123.38709259033203,9.865209579467773],[123.3874969482423,9.86493968963623],[123.38789367675793,9.86468982696556],[123.38823699951172,9.864769935607967],[123.38855743408237,9.864999771118391],[123.3888778686528,9.865260124206657],[123.3891830444336,9.865509986877441],[123.38944244384811,9.865759849548454],[123.38963317871139,9.866279602051009],[123.38979339599621,9.866869926452637],[123.38981628417991,9.86692047119152],[123.38999938964855,9.867230415344352],[123.39035034179733,9.867340087890625],[123.39074707031261,9.867329597473201],[123.39100646972656,9.867400169372786],[123.39118194580112,9.867620468139762],[123.39134979248092,9.868000030517521],[123.39148712158249,9.868439674377555],[123.39141845703159,9.868820190429801],[123.3912582397461,9.869099617004451],[123.39102935791027,9.869330406189022],[123.39076232910168,9.869689941406307],[123.3902587890625,9.870109558105526],[123.38979339599621,9.870630264282227],[123.3895874023442,9.87117958068842],[123.38961791992199,9.871290206909123],[123.38968658447266,9.871600151061955],[123.3900070190432,9.871850013732967],[123.39026641845714,9.87211990356451],[123.39029693603538,9.872159957885799],[123.39048767089866,9.872429847717342],[123.39074707031261,9.872759819030762],[123.39099884033203,9.87296009063732],[123.39114379882824,9.873069763183594],[123.39157104492188,9.873419761657715],[123.39196014404297,9.873889923095817],[123.39240264892578,9.874329566955623],[123.39275360107456,9.874560356140364],[123.3929214477539,9.874679565429915],[123.39350128173828,9.8748397827149],[123.39399719238293,9.874990463256893],[123.39437866210949,9.875160217285156],[123.39462280273438,9.875439643859977],[123.39485168457065,9.875539779663086],[123.39507293701172,9.875720024108944],[123.39537811279331,9.876190185546932],[123.3958511352539,9.876729965210188],[123.39617919921886,9.877070426941032],[123.39646911621105,9.877220153808707],[123.39681243896484,9.877519607543945],[123.39714813232456,9.877639770507812],[123.39716339111351,9.877860069274902],[123.39726257324264,9.878179550170898],[123.39742279052746,9.87862968444847],[123.39753723144554,9.879130363464583],[123.39775848388672,9.879560470581112],[123.39792633056663,9.879989624023494],[123.39808654785168,9.880399703979606],[123.3983078002932,9.88076019287115],[123.39848327636753,9.881170272827262],[123.39861297607456,9.881449699401912],[123.39856719970714,9.881719589233512],[123.39830017089866,9.88197994232172],[123.39798736572277,9.88230991363531],[123.39785766601597,9.882789611816406],[123.39800262451183,9.883379936218375],[123.39804840087925,9.883939743041992],[123.39806365966797,9.884469985961971],[123.39804077148472,9.884949684143066],[123.39794921875,9.885430335998649],[123.39859771728561,9.886309623718262],[123.39881134033237,9.887209892273063],[123.39877319335949,9.88848972320568],[123.39900207519565,9.88891983032238],[123.39910888671875,9.889349937439022],[123.3991622924807,9.889730453491325],[123.39916992187545,9.890049934387434],[123.39916992187545,9.890339851379338],[123.39920806884766,9.890640258789062],[123.39932250976574,9.890959739685002],[123.39923858642612,9.891340255737305],[123.39917755126999,9.891790390014876],[123.3991622924807,9.892299652099666],[123.39916992187545,9.892829895019645],[123.39916992187545,9.89291954040533],[123.39919281005893,9.893400192260685],[123.39932250976574,9.893989562988395],[123.39940643310547,9.894610404968319],[123.39943695068393,9.89525032043457],[123.39943695068393,9.895850181579647],[123.39943695068393,9.896360397338924],[123.39943695068393,9.896789550781307],[123.39943695068393,9.897179603576717],[123.39943695068393,9.897540092468205],[123.39943695068393,9.897910118103084],[123.39943695068393,9.897979736328239],[123.39943695068393,9.898269653320312],[123.39943695068393,9.898619651794434],[123.3994293212894,9.89896011352539],[123.39940643310547,9.89900016784668],[123.3993377685548,9.899270057678223],[123.39935302734398,9.899600028991813],[123.39971923828136,9.8999996185305],[123.39990997314464,9.900190353393782],[123.40000152587925,9.900279998779297],[123.40000152587925,9.901180267333928],[123.40026855468795,9.901160240173567],[123.40033721923862,9.901180267333928]]]]}},{"type":"Feature","properties":{"ID_0":177,"ISO":"PHL","NAME_0":"Philippines","ID_1":25,"NAME_1":"Cebu","ID_2":449,"NAME_2":"Barili","NL_NAME_2":null,"VARNAME_2":null,"TYPE_2":"Bayan|Munisipyo","ENGTYPE_2":"Municipality","PROVINCE":"Cebu","REGION":"Central Visayas (Region VII)"},"geometry":{"type":"Polygon","coordinates":[[[123.58522796630882,10.120739936828556],[123.58209991455112,10.1143798828125],[123.5811767578125,10.111149787902946],[123.58048248291016,10.108779907226676],[123.58019256591831,10.107210159301815],[123.5789566040039,10.101570129394531],[123.57852172851574,10.095939636230526],[123.55844879150425,10.076189994812069],[123.55084991455078,10.065750122070312],[123.54810333251964,10.063420295715389],[123.54692077636719,10.06149959564209],[123.53529357910156,10.045860290527287],[123.53296661376976,10.041950225830021],[123.52205657958984,10.050809860229492],[123.51599884033203,10.0555801391601],[123.51425170898472,10.056980133056754],[123.49844360351585,10.069290161132926],[123.49400329589844,10.072870254516658],[123.49054718017612,10.075679779052848],[123.48520660400425,10.080080032348633],[123.48403167724621,10.080980300903434],[123.47821044921909,10.085510253906364],[123.46608734130871,10.095310211181754],[123.46618652343784,10.09539985656761],[123.46662139892578,10.095820426940975],[123.46703338623058,10.096220016479492],[123.46734619140648,10.096460342407227],[123.46748352050781,10.096570014953613],[123.46788787841797,10.096879959106445],[123.46823120117222,10.097160339355412],[123.46846008300781,10.097450256347884],[123.46864318847656,10.097749710083121],[123.46884155273438,10.098030090332259],[123.46900177001987,10.09834003448509],[123.46914672851574,10.098670005798283],[123.46925354003929,10.09904956817627],[123.46946716308594,10.09949970245367],[123.46977996826172,10.100000381469783],[123.47016906738281,10.100449562072754],[123.47059631347679,10.100790023803711],[123.47099304199219,10.10114955902094],[123.47119903564453,10.101349830627555],[123.47139739990234,10.101550102233944],[123.4717788696289,10.10196971893322],[123.47206115722656,10.10241985321045],[123.47231292724632,10.102840423583984],[123.47251892089844,10.103289604187125],[123.47255706787155,10.103560447692928],[123.47260284423874,10.103779792785645],[123.47260284423874,10.103839874267805],[123.47254943847702,10.104530334472713],[123.47252655029297,10.104630470275822],[123.47241973876999,10.10529994964611],[123.47254180908203,10.105719566345158],[123.47276306152355,10.105919837951774],[123.47299957275425,10.106120109558162],[123.47329711914062,10.106349945068416],[123.47371673583996,10.106539726257438],[123.4741897583009,10.106789588928223],[123.47467041015636,10.10700988769537],[123.47508239746139,10.1072998046875],[123.47554016113315,10.107556343078727],[123.47590637207043,10.107879638671875],[123.47679138183616,10.108039855956974],[123.4774169921875,10.108309745788574],[123.4777297973634,10.108980178833121],[123.47783660888695,10.109210014343375],[123.47783660888695,10.109900474548454],[123.47767639160156,10.110560417175407],[123.47766876220703,10.110619544982967],[123.47781372070324,10.111100196838322],[123.47782897949253,10.111149787902946],[123.47801971435581,10.111579895019588],[123.47811126708996,10.111849784851131],[123.47820281982456,10.112150192260856],[123.47836303710938,10.11277008056652],[123.47857666015636,10.113300323486328],[123.47879791259788,10.113750457763729],[123.4790878295903,10.11398983001709],[123.47913360595703,10.11406040191656],[123.47931671142578,10.1142196655274],[123.47955322265648,10.114450454711971],[123.4797973632817,10.114689826965332],[123.48008728027344,10.11491012573265],[123.48046112060547,10.115079879760742],[123.48081207275436,10.115300178527889],[123.48097991943371,10.115449905395565],[123.48111724853516,10.115579605102539],[123.48143005371094,10.115880012512434],[123.48150634765625,10.116040229797363],[123.4816665649414,10.11625957489025],[123.48191833496105,10.116660118103027],[123.48214721679733,10.117059707641602],[123.48230743408214,10.117329597473145],[123.48239135742199,10.117469787597713],[123.48258972168003,10.117699623108138],[123.48269653320324,10.117839813232536],[123.48298645019554,10.118209838867188],[123.48327636718773,10.118579864502067],[123.48362731933605,10.118840217590275],[123.48387908935581,10.118960380554313],[123.48401641845714,10.119039535522404],[123.48452758789062,10.119139671325684],[123.48503875732422,10.119090080261287],[123.48542022705078,10.11886978149414],[123.48570251464844,10.118610382080021],[123.48593139648449,10.118350028991813],[123.4861831665039,10.118129730224666],[123.48647308349655,10.117970466613826],[123.48679351806675,10.117779731750545],[123.48715972900402,10.117589950561523],[123.48757934570312,10.117489814758244],[123.48798370361328,10.117389678955305],[123.48832702636741,10.117250442504883],[123.48866271972656,10.117219924926871],[123.48899078369152,10.117219924926871],[123.48937225341808,10.117230415344295],[123.48982238769531,10.117289543151855],[123.4902572631836,10.117389678955305],[123.49060821533237,10.117549896240291],[123.49095916748047,10.117670059204102],[123.49147033691418,10.117529869079704],[123.49189758300781,10.117489814758244],[123.4920806884769,10.11775016784668],[123.49201965332043,10.1182603836059],[123.49199676513672,10.118709564209041],[123.49211883544933,10.119070053100586],[123.4922332763673,10.119449615478516],[123.4925003051759,10.119720458984375],[123.4925003051759,10.119770050048771],[123.4925003051759,10.120650291442871],[123.4925003051759,10.12082958221447],[123.49276733398483,10.121109962463436],[123.49276733398483,10.121669769287053],[123.49288177490246,10.121769905090389],[123.49305725097656,10.121939659118596],[123.49305725097656,10.122500419616756],[123.49310302734398,10.122550010681152],[123.49333190917969,10.122779846191406],[123.49333190917969,10.123330116271973],[123.49320983886764,10.123880386352653],[123.49278259277355,10.124030113220158],[123.49241638183605,10.124250411987305],[123.49210357666016,10.124440193176326],[123.49199676513672,10.124500274658317],[123.49144744873058,10.124799728393555],[123.49092102050827,10.125260353088379],[123.49063110351562,10.125840187072754],[123.49064636230469,10.126489639282454],[123.4908218383789,10.126939773559684],[123.49088287353527,10.127079963684082],[123.49121856689453,10.127590179443303],[123.49165344238293,10.127989768982047],[123.4921875,10.128270149231014],[123.49272155761741,10.128589630126953],[123.49329376220726,10.128860473632812],[123.493896484375,10.129039764404354],[123.49449920654308,10.129190444946346],[123.4950180053711,10.129409790039062],[123.49546813964855,10.129670143127441],[123.49585723876964,10.130020141601562],[123.49627685546909,10.13041973114008],[123.49674224853516,10.13078975677496],[123.49719238281261,10.131079673767033],[123.49758911132858,10.13136005401617],[123.49787139892601,10.13175010681158],[123.4981918334961,10.132109642028809],[123.49845123291016,10.132590293884391],[123.498779296875,10.13294982910162],[123.49933624267578,10.133139610290641],[123.49983978271496,10.133259773254451],[123.50018310546875,10.133410453796444],[123.50039672851608,10.133640289306754],[123.50051116943371,10.133990287780875],[123.50063323974632,10.134460449218977],[123.50083160400436,10.134969711303768],[123.50112915039062,10.135410308837834],[123.5015487670903,10.135800361633244],[123.50198364257858,10.136269569397086],[123.50247955322266,10.136639595031738],[123.50286865234375,10.137020111084041],[123.50319671630893,10.137350082397404],[123.50350952148483,10.13766956329357],[123.5038070678711,10.137980461120662],[123.50409698486362,10.13831996917736],[123.50441741943371,10.138660430908203],[123.50473785400413,10.139039993286133],[123.5050430297855,10.13941955566429],[123.50543212890659,10.139699935913086],[123.50581359863315,10.139989852905387],[123.50614166259777,10.140339851379508],[123.50647735595703,10.14070987701416],[123.50684356689453,10.141010284423885],[123.50715637207031,10.141329765319824],[123.50747680664074,10.141639709472656],[123.50779724121094,10.142029762268066],[123.50810241699253,10.142459869384709],[123.50850677490234,10.142780303955135],[123.50887298583984,10.143110275268555],[123.5090484619144,10.143280029296989],[123.50919342041027,10.143429756164494],[123.50949859619163,10.143670082092399],[123.50977325439464,10.143890380859318],[123.5100326538086,10.144089698791618],[123.51029968261719,10.144289970398063],[123.51058197021518,10.144490242004622],[123.5108337402346,10.144740104675293],[123.51109313964855,10.145000457763672],[123.51133728027378,10.145279884338379],[123.51157379150402,10.145589828491211],[123.51178741455101,10.145939826965332],[123.51206970214855,10.146240234375],[123.51235961914085,10.146590232849121],[123.51270294189453,10.146920204162711],[123.51297760009766,10.147359848022518],[123.51334381103516,10.147780418396223],[123.51365661621094,10.148170471191463],[123.51393127441406,10.148500442504996],[123.51419067382858,10.148779869079704],[123.51439666748081,10.149040222167912],[123.51451873779342,10.14931964874279],[123.51467895507812,10.149539947509766],[123.51480865478516,10.149789810180721],[123.51496887207065,10.150050163269157],[123.51492309570324,10.150380134582576],[123.51492309570324,10.150799751281795],[123.51531219482433,10.151350021362305],[123.51582336425781,10.151840209960994],[123.51625061035168,10.152130126953125],[123.5166473388673,10.15231990814209],[123.51702117919933,10.152500152587947],[123.5170516967778,10.152520179748535],[123.51737976074264,10.152819633483944],[123.51759338378918,10.15320014953636],[123.51764678955078,10.1535902023316],[123.51754760742188,10.153949737548828],[123.51728820800781,10.154330253601074],[123.51686859130893,10.154760360717773],[123.51640319824219,10.155220031738338],[123.51602172851562,10.155699729919377],[123.5157470703125,10.156229972839355],[123.51558685302768,10.156760215759334],[123.51544952392578,10.15717983245861],[123.51545715332031,10.157320022583008],[123.51547241210983,10.157600402832145],[123.51551055908226,10.157699584960994],[123.51563262939453,10.158049583435059],[123.51580047607445,10.158530235290641],[123.51586914062511,10.15902042388916],[123.51584625244186,10.1593399047851],[123.51583099365234,10.159520149230957],[123.51571655273483,10.160050392150936],[123.51557159423828,10.160590171814022],[123.5155410766605,10.160699844360465],[123.51532745361374,10.161390304565373],[123.51521301269565,10.162019729614371],[123.5152587890625,10.162369728088493],[123.51528930664074,10.16254997253418],[123.51535034179722,10.16304016113287],[123.51555633544922,10.163439750671387],[123.5157470703125,10.163849830627669],[123.51580047607445,10.16431999206543],[123.51580810546875,10.164819717407283],[123.51622772216842,10.165309906005973],[123.51644897460949,10.165969848632926],[123.51670837402344,10.166390419006461],[123.51686859130893,10.16662979125988],[123.51698303222656,10.166799545288086],[123.51727294921875,10.167329788208065],[123.51750183105503,10.16790962219244],[123.51756286621139,10.168410301208553],[123.51757049560592,10.168560028076286],[123.51775360107467,10.16917991638195],[123.51795959472668,10.169819831848145],[123.51817321777355,10.170479774475098],[123.51844024658214,10.171059608459473],[123.5186996459961,10.171580314636344],[123.51889038085938,10.17206001281744],[123.51907348632812,10.17255020141613],[123.51920318603527,10.17306041717552],[123.51941680908226,10.173509597778263],[123.5196533203125,10.173979759216422],[123.51988983154308,10.174469947814941],[123.52011108398472,10.174980163574162],[123.52034759521496,10.175470352172852],[123.52057647705078,10.17590045928955],[123.52079010009766,10.176320075988826],[123.52088928222656,10.176819801330794],[123.52102661132824,10.17735958099371],[123.52113342285179,10.177949905395508],[123.52126312255893,10.178560256958235],[123.52129364013672,10.178899765014762],[123.52134704589844,10.179450035095442],[123.52149200439464,10.180100440979118],[123.52144622802768,10.18074989318842],[123.52162170410202,10.181400299072266],[123.52174377441406,10.182049751281795],[123.52189636230491,10.182649612426701],[123.52195739746139,10.18317985534668],[123.52210998535156,10.183650016784668],[123.52224731445312,10.184129714965934],[123.52250671386719,10.184619903564396],[123.52279663085938,10.185130119323844],[123.5231170654298,10.18560981750494],[123.52349853515636,10.185990333557186],[123.52388000488293,10.186300277710018],[123.52390289306663,10.186340332031477],[123.52416229248058,10.186599731445426],[123.52436828613315,10.186920166015682],[123.52443695068405,10.187029838562125],[123.53505706787132,10.1815700531007],[123.54752349853527,10.174200057983398],[123.5549774169923,10.169799804687614],[123.557167053223,10.168479919433707],[123.56626892089878,10.163200378417969],[123.57993316650436,10.15474987030052],[123.58255004882835,10.1531600952149],[123.59882354736374,10.143600463867244],[123.59172058105469,10.131369590759334],[123.58796691894543,10.125559806823958],[123.58522796630882,10.120739936828556]]]}},{"type":"Feature","properties":{"ID_0":177,"ISO":"PHL","NAME_0":"Philippines","ID_1":25,"NAME_1":"Cebu","ID_2":451,"NAME_2":"Boljoon","NL_NAME_2":null,"VARNAME_2":null,"TYPE_2":"Bayan|Munisipyo","ENGTYPE_2":"Municipality","PROVINCE":"Cebu","REGION":"Central Visayas (Region VII)"},"geometry":{"type":"Polygon","coordinates":[[[123.47039794921898,9.583279609680176],[123.47041320800781,9.583180427551326],[123.433387756348,9.60214996337902],[123.42373657226574,9.607210159301701],[123.40773010253918,9.615220069885254],[123.39304351806652,9.622440338134822],[123.39848327636753,9.63805007934576],[123.40200042724621,9.64865970611578],[123.4058837890625,9.6565198898316],[123.41520690918003,9.677459716797102],[123.42356109619152,9.690279960632381],[123.45095825195312,9.681940078735465],[123.4602203369144,9.678640365600529],[123.47752380371105,9.672419548034782],[123.48116302490246,9.671449661254996],[123.48429107666016,9.6706800460816],[123.4882431030278,9.66977977752697],[123.49147033691418,9.669050216674918],[123.49571228027344,9.668279647827205],[123.49712371826172,9.667819976806868],[123.4973831176759,9.667730331421012],[123.49807739257812,9.667510032654036],[123.50121307373092,9.665909767150993],[123.50171661376953,9.665510177612305],[123.501708984375,9.665470123291016],[123.50145721435547,9.664850234985352],[123.50106048583984,9.664409637451229],[123.50061798095714,9.664050102234],[123.50026702880905,9.663720130920467],[123.4999771118164,9.663450241088867],[123.49977111816429,9.66310977935791],[123.49951171875034,9.662839889526367],[123.49922943115234,9.662579536438102],[123.498779296875,9.662360191345442],[123.49816131591842,9.662190437317008],[123.49752807617188,9.661979675293026],[123.49688720703136,9.661860466003475],[123.49653625488304,9.661700248718489],[123.49638366699219,9.661629676818904],[123.4961929321289,9.661450386047306],[123.49594116210972,9.661259651184025],[123.49559020996094,9.660920143127555],[123.49529266357445,9.66051959991455],[123.49507904052746,9.660050392150879],[123.49495697021484,9.659529685974178],[123.49472808837936,9.659049987792912],[123.49449157714889,9.658570289611873],[123.49427032470703,9.658080101013184],[123.49400329589844,9.657609939575195],[123.49369812011719,9.6571302413941],[123.49346923828159,9.656550407409895],[123.49311065673828,9.656040191650504],[123.49275207519531,9.65552043914795],[123.49253082275413,9.655289649963379],[123.49234771728516,9.65507030487072],[123.49212646484409,9.65447998046875],[123.4919204711914,9.653869628906364],[123.4916687011721,9.653240203857422],[123.49143218994186,9.652580261230469],[123.49134063720703,9.651880264282227],[123.49111175537155,9.65126991271967],[123.49085235595703,9.650690078735295],[123.49064636230469,9.650090217590389],[123.49047851562545,9.649479866027832],[123.4902572631836,9.648889541626204],[123.4900131225586,9.648369789123649],[123.48972320556686,9.64783954620367],[123.48944091796875,9.647339820862044],[123.48915100097702,9.646849632263184],[123.48883056640659,9.646369934082259],[123.48856353759766,9.645850181579533],[123.48832702636741,9.645350456237907],[123.48809814453125,9.644900321960506],[123.48800659179733,9.644439697265682],[123.48784637451183,9.644040107727164],[123.48777770996094,9.643630027770996],[123.48773193359386,9.643250465393066],[123.48757171630882,9.64295959472662],[123.48748016357467,9.64264011383068],[123.4873504638673,9.642339706420955],[123.4872436523442,9.642000198364315],[123.48716735839878,9.641570091247786],[123.48696899414074,9.641169548034782],[123.48681640625,9.640709877014274],[123.48664093017578,9.640239715576286],[123.4863967895509,9.639829635620345],[123.48621368408237,9.639410018920898],[123.48605346679688,9.638979911804256],[123.48583221435581,9.638609886169377],[123.48564147949253,9.638250350952148],[123.48557281494186,9.637860298156738],[123.48552703857467,9.637450218200797],[123.48541259765625,9.637089729309082],[123.48528289794945,9.636699676513672],[123.48516082763683,9.636280059814453],[123.4850234985355,9.635840415954647],[123.48489379882835,9.635359764099064],[123.48464965820312,9.634929656982422],[123.48436737060547,9.634499549865723],[123.48430633544956,9.634429931640568],[123.48404693603561,9.634090423584041],[123.48384094238293,9.633589744567928],[123.48359680175781,9.633139610290527],[123.48336029052768,9.632719993591309],[123.48320770263672,9.632300376892204],[123.48291015625045,9.631979942321777],[123.48252105712936,9.631779670715389],[123.48211669921886,9.63158035278343],[123.4816665649414,9.63136959075922],[123.48126220703159,9.63109016418457],[123.48091125488281,9.630729675293196],[123.48069000244175,9.630260467529354],[123.48053741455078,9.629750251770133],[123.48036956787155,9.629260063171444],[123.48036193847656,9.628769874572754],[123.48052215576172,9.628299713134766],[123.48069000244175,9.627809524536076],[123.48081207275436,9.627289772033748],[123.48082733154331,9.62670040130638],[123.48082733154331,9.626079559326229],[123.48082733154331,9.625430107116756],[123.48082733154331,9.624799728393668],[123.48082733154331,9.62423038482666],[123.48078918457043,9.623860359192008],[123.4807815551759,9.6237602233889],[123.48062133789108,9.623370170593319],[123.48053741455078,9.622989654541072],[123.48037719726608,9.622619628906193],[123.48016357421875,9.622249603271541],[123.47985076904342,9.621910095214844],[123.47958374023438,9.621540069580192],[123.47928619384811,9.62123012542736],[123.4790267944336,9.620940208435059],[123.47886657714855,9.620599746704102],[123.4786834716798,9.62024974822998],[123.47849273681652,9.619870185851994],[123.4783325195317,9.61944961547863],[123.47817993164062,9.619009971618652],[123.47802734375023,9.618579864501953],[123.477821350098,9.618160247802734],[123.47773742675793,9.617910385131893],[123.4776535034182,9.617670059204215],[123.4774169921875,9.617139816284407],[123.47711944580078,9.616580009460392],[123.47675323486374,9.616080284118766],[123.47643280029331,9.615590095520247],[123.47614288330078,9.615139961242676],[123.47593688964866,9.61470031738304],[123.47577667236328,9.614299774170036],[123.4755630493164,9.613980293273926],[123.47535705566429,9.613670349121094],[123.47525024414074,9.613309860229549],[123.47509002685592,9.612990379333553],[123.47501373291016,9.612629890441838],[123.47495269775402,9.612250328064079],[123.47473907470703,9.611909866333065],[123.47454071044922,9.611470222473088],[123.47441101074241,9.610879898071289],[123.4741897583009,9.610250473022518],[123.47411346435558,9.609970092773551],[123.47400665283237,9.609569549560547],[123.47382354736362,9.608940124511719],[123.47360229492188,9.608400344848633],[123.47338104248081,9.60795974731451],[123.47334289550793,9.60750961303711],[123.47332763671886,9.607099533081168],[123.47334289550793,9.60673999786377],[123.47334289550793,9.606389999389648],[123.47334289550793,9.606049537658635],[123.47334289550793,9.605680465698299],[123.4733581542971,9.605259895324764],[123.47350311279342,9.604840278625488],[123.47368621826172,9.604379653930664],[123.47383117675804,9.604100227355957],[123.47384643554688,9.604060173034668],[123.47393035888695,9.603899955749739],[123.47422790527344,9.603440284729004],[123.4746322631836,9.603039741516227],[123.47493743896484,9.602780342102108],[123.47505950927746,9.602669715881348],[123.47538757324219,9.602540016174373],[123.47561645507824,9.602439880371094],[123.47619628906261,9.60221004486084],[123.47678375244152,9.601940155029297],[123.47730255126953,9.601650238037166],[123.47770690918014,9.601289749145451],[123.47786712646484,9.6010103225708],[123.47794342041061,9.600890159606934],[123.47796630859409,9.600480079650993],[123.4777297973634,9.600099563598746],[123.47738647460972,9.599749565124625],[123.47699737548874,9.599450111389217],[123.47664642333984,9.59916973114025],[123.4763412475586,9.59887981414795],[123.47606658935547,9.598580360412711],[123.47580718994152,9.598310470581168],[123.4755630493164,9.598050117492733],[123.47535705566429,9.59778022766136],[123.47516632080101,9.597499847412223],[123.47492218017578,9.597209930419922],[123.47464752197311,9.596870422363224],[123.47454833984375,9.596770286560115],[123.47429656982433,9.59652042388916],[123.47395324707065,9.596170425415039],[123.4737777709961,9.59599971771246],[123.47363281250034,9.595849990844783],[123.47335052490246,9.595560073852653],[123.47316741943382,9.595259666442985],[123.47305297851597,9.594969749450684],[123.47289276123047,9.59469985961914],[123.47276306152355,9.59440994262701],[123.47260284423874,9.594099998474178],[123.47251892089844,9.593689918518066],[123.4725036621096,9.593170166015682],[123.47245788574219,9.592599868774471],[123.47228240966808,9.592049598693904],[123.47218322753918,9.591489791870117],[123.47197723388717,9.590990066528263],[123.47184753418014,9.590479850769043],[123.47168731689453,9.58998012542719],[123.47167205810581,9.589449882507438],[123.47165679931686,9.588930130004883],[123.47161865234386,9.588450431823958],[123.47144317626964,9.588040351867676],[123.47138977050781,9.587610244750977],[123.47135925292991,9.587169647216854],[123.47122192382858,9.586770057678166],[123.47109222412143,9.58633041381836],[123.47090911865268,9.585869789123535],[123.47080993652344,9.585370063781738],[123.47078704834007,9.585309982299862],[123.47067260742199,9.585020065307617],[123.47055053710938,9.58473968505865],[123.47032928466831,9.5841703414917],[123.47032165527389,9.583580017089844],[123.47039794921898,9.583279609680176]]]}},{"type":"Feature","properties":{"ID_0":177,"ISO":"PHL","NAME_0":"Philippines","ID_1":25,"NAME_1":"Cebu","ID_2":453,"NAME_2":"Carcar","NL_NAME_2":null,"VARNAME_2":null,"TYPE_2":"Bayan|Munisipyo","ENGTYPE_2":"Municipality","PROVINCE":"Cebu","REGION":"Central Visayas (Region VII)"},"geometry":{"type":"Polygon","coordinates":[[[123.67590332031261,10.131819725036735],[123.67726898193405,10.131560325622615],[123.67870330810547,10.131569862365723],[123.67980957031284,10.13129997253418],[123.68063354492188,10.130929946899528],[123.68126678466842,10.130579948425407],[123.68138885498047,10.130339622497559],[123.68180084228527,10.129920005798454],[123.68199157714855,10.129480361938477],[123.68221282959007,10.128569602966422],[123.68215942382812,10.127949714660758],[123.68203735351608,10.127180099487362],[123.68253326416016,10.12674999237072],[123.68292999267624,10.126540184020996],[123.68316650390648,10.126500129699707],[123.68359375,10.126449584961165],[123.68460083007835,10.12660980224615],[123.68504333496105,10.12670993804943],[123.68521118164062,10.126689910888672],[123.68551635742188,10.126409530639705],[123.68604278564499,10.126179695129622],[123.68618774414074,10.126210212707576],[123.68675231933639,10.126529693603572],[123.6872329711914,10.126390457153263],[123.68760681152344,10.126680374145735],[123.68766021728516,10.12683010101324],[123.68771362304699,10.12592983245844],[123.6876373291019,10.125309944152775],[123.68788146972656,10.123970031738509],[123.68778991699219,10.123590469360352],[123.68773651123058,10.12318038940441],[123.6875,10.122779846191406],[123.6875,10.122500419616756],[123.6872329711914,10.12222003936779],[123.6872329711914,10.121939659118596],[123.68639373779308,10.121109962463436],[123.68639373779308,10.12082958221447],[123.68611145019565,10.12055969238287],[123.68611145019565,10.12028026580822],[123.68639373779308,10.119999885559082],[123.68639373779308,10.119449615478516],[123.68611145019565,10.119170188904036],[123.68611145019565,10.118610382080021],[123.68666839599621,10.118060111999512],[123.68666839599621,10.117779731750545],[123.68686676025425,10.116880416870174],[123.68678283691418,10.116669654846191],[123.68666839599621,10.116390228271484],[123.68644714355469,10.116109848022518],[123.68611145019565,10.115900039672795],[123.68582916259777,10.115489959716854],[123.68554687500023,10.115559577942008],[123.68546295166061,10.115559577942008],[123.68527984619186,10.115559577942008],[123.68521881103561,10.115500450134277],[123.68462371826172,10.114899635315055],[123.6844482421875,10.114720344543514],[123.68417358398438,10.114720344543514],[123.68389129638717,10.114439964294547],[123.68389129638717,10.114170074462947],[123.68360900878906,10.11388969421381],[123.68360900878906,10.113329887390194],[123.68379211425781,10.113149642944336],[123.68389129638717,10.113059997558594],[123.68389129638717,10.111940383911133],[123.68360900878906,10.111669540405273],[123.68360900878906,10.111390113830623],[123.68321228027344,10.11098957061779],[123.68305206298862,10.11083030700695],[123.68277740478527,10.11083030700695],[123.68195343017578,10.109999656677303],[123.68195343017578,10.109720230102596],[123.68138885498047,10.109169960022086],[123.68083190918014,10.109169960022086],[123.68000030517612,10.109999656677303],[123.68000030517612,10.110560417175407],[123.68026733398483,10.11083030700695],[123.68026733398483,10.111109733581657],[123.68083190918014,10.111669540405273],[123.68138885498047,10.111669540405273],[123.68195343017578,10.11221981048584],[123.68195343017578,10.113059997558594],[123.68138885498047,10.11361026763916],[123.68110656738281,10.11361026763916],[123.68055725097656,10.114170074462947],[123.67944335937523,10.114170074462947],[123.67888641357422,10.114720344543514],[123.67833709716797,10.114720344543514],[123.67804718017612,10.114439964294547],[123.67804718017612,10.114170074462947],[123.67778015136764,10.114170074462947],[123.67804718017612,10.11388969421381],[123.67804718017612,10.11361026763916],[123.67944335937523,10.11221981048584],[123.67916870117233,10.111940383911133],[123.67916870117233,10.111669540405273],[123.67888641357422,10.111390113830623],[123.67888641357422,10.11083030700695],[123.67916870117233,10.110560417175407],[123.67888641357422,10.11028003692627],[123.67888641357422,10.10888957977295],[123.67973327636741,10.108059883117903],[123.67973327636741,10.107500076293888],[123.68026733398483,10.106940269470272],[123.68026733398483,10.106109619140739],[123.68138885498047,10.104999542236385],[123.68138885498047,10.104720115661735],[123.68195343017578,10.104169845580998],[123.68166351318393,10.103890419006348],[123.68222045898483,10.103890419006348],[123.68248748779331,10.10342025756836],[123.68269348144554,10.103070259094238],[123.68267822265659,10.102740287780875],[123.68254852294967,10.102430343628043],[123.68250274658226,10.102069854736328],[123.68247222900402,10.101659774780387],[123.68240356445335,10.101249694824276],[123.68226623535156,10.100879669189396],[123.68228149414074,10.100549697876204],[123.68244171142578,10.100239753723372],[123.68257141113293,10.09988975524925],[123.68263244628906,10.099490165710563],[123.68244934082031,10.099129676818848],[123.68216705322311,10.09883022308361],[123.68190002441418,10.098520278930778],[123.68174743652344,10.098130226135197],[123.68183135986351,10.097689628601131],[123.68195343017578,10.09724044799816],[123.68208312988281,10.09681034088129],[123.68216705322311,10.096420288085938],[123.68222045898483,10.096389770507756],[123.68250274658226,10.096110343933105],[123.68250274658226,10.095000267028922],[123.68222045898483,10.094719886779785],[123.68222045898483,10.093330383300895],[123.68250274658226,10.093059539794865],[123.68250274658226,10.092220306396541],[123.68277740478527,10.091939926147575],[123.68277740478527,10.091670036316032],[123.68244171142578,10.091329574585018],[123.68222045898483,10.091110229492188],[123.68222045898483,10.090829849243391],[123.68208312988281,10.09053993225092],[123.68240356445335,10.090189933776855],[123.68245697021484,10.089879989624023],[123.68244934082031,10.08957958221447],[123.68247985839878,10.089240074157772],[123.68245697021484,10.088820457458553],[123.68224334716831,10.088299751281852],[123.68206787109375,10.087820053100586],[123.68193817138672,10.087400436401367],[123.68182373046886,10.087010383605957],[123.68163299560558,10.086629867553654],[123.6813735961914,10.0862398147583],[123.68109893798862,10.085820198059196],[123.68081665039062,10.085450172424373],[123.68052673339878,10.085140228271541],[123.6802597045903,10.084879875183105],[123.67999267578136,10.084650039672852],[123.6797485351567,10.084420204162598],[123.67952728271496,10.084199905395621],[123.67931365966842,10.084050178527889],[123.67909240722656,10.084019660949764],[123.6787109375,10.084139823913574],[123.67826843261719,10.084219932556152],[123.67817687988293,10.08423995971691],[123.67769622802734,10.084030151367188],[123.67735290527366,10.083600044250488],[123.67706298828148,10.083250045776367],[123.67664337158249,10.082920074463004],[123.67617797851574,10.082590103149414],[123.67572021484386,10.082389831543196],[123.67523956298862,10.082309722900447],[123.67484283447277,10.082599639892578],[123.67459106445358,10.08273029327404],[123.6741561889653,10.082779884338436],[123.67395782470703,10.08285045623785],[123.6738204956057,10.08285045623785],[123.67350006103516,10.08285045623785],[123.67342376708996,10.082739830017317],[123.67308044433628,10.082770347595272],[123.67266845703136,10.082770347595272],[123.67223358154297,10.082710266113281],[123.67179107666027,10.082839965820426],[123.67141723632847,10.08290958404541],[123.67106628417969,10.08279037475586],[123.6707687377932,10.082679748535156],[123.67054748535168,10.082759857177678],[123.67031860351562,10.082779884338436],[123.6700668334961,10.082779884338436],[123.66979217529308,10.082739830017317],[123.66945648193393,10.082610130310172],[123.66905975341842,10.08269023895275],[123.66869354248081,10.082940101623535],[123.66835021972656,10.083040237426871],[123.66652679443405,10.083120346069393],[123.66542053222668,10.083120346069393],[123.66430664062534,10.083189964294547],[123.66354370117222,10.0833997726441],[123.66235351562511,10.083259582519531],[123.6619491577153,10.082679748535156],[123.6616363525394,10.082440376281738],[123.66127014160156,10.082139968872013],[123.6607666015625,10.081919670105094],[123.66021728515625,10.081709861755371],[123.65962982177734,10.081709861755371],[123.65918731689453,10.081959724426326],[123.65914916992233,10.081979751586914],[123.65892028808605,10.082380294799918],[123.65888977050781,10.082869529724121],[123.6588973999028,10.083410263061523],[123.65899658203125,10.083930015564079],[123.65936279296875,10.084219932556152],[123.65972137451217,10.08446025848383],[123.66000366210938,10.084719657898006],[123.66027832031273,10.085000038146973],[123.66027832031273,10.08528041839611],[123.66055297851597,10.08555984497076],[123.66055297851597,10.086110115051326],[123.66084289550793,10.086389541625977],[123.66110992431652,10.086389541625977],[123.66139221191418,10.086669921874943],[123.66194152832031,10.086669921874943],[123.6624984741211,10.08722019195568],[123.66262817382812,10.087089538574219],[123.66361236572288,10.086110115051326],[123.6638870239259,10.086110115051326],[123.66583251953159,10.088060379028263],[123.66583251953159,10.088609695434684],[123.66555786132812,10.08889007568365],[123.66583251953159,10.089170455932617],[123.66583251953159,10.089440345764217],[123.66638946533249,10.090000152587834],[123.66638946533249,10.090559959411848],[123.66583251953159,10.091110229492188],[123.66555786132812,10.091110229492188],[123.665283203125,10.090829849243391],[123.6650009155278,10.091110229492188],[123.66443634033249,10.091110229492188],[123.6638870239259,10.091670036316032],[123.6630630493164,10.092499732971248],[123.66166687011719,10.092499732971248],[123.66139221191418,10.092780113220215],[123.66110992431652,10.092499732971248],[123.66110992431652,10.091850280761719],[123.66110992431652,10.091110229492188],[123.66000366210938,10.090000152587834],[123.65937805175781,10.089229583740348],[123.65902709960972,10.089440345764217],[123.65882110595714,10.089440345764217],[123.6578369140625,10.090060234069881],[123.65769958496116,10.090339660644531],[123.65727996826172,10.090620040893498],[123.65693664550804,10.090959548950195],[123.65664672851574,10.091099739074764],[123.6560287475586,10.091239929199162],[123.6556091308596,10.091309547424316],[123.65531158447277,10.091270446777344],[123.65512084960949,10.091239929199162],[123.65476989746128,10.09103012084961],[123.65361785888717,10.089520454406738],[123.65326690673828,10.089639663696289],[123.65257263183594,10.08987045288086],[123.65187072753918,10.089940071106184],[123.6515274047855,10.089839935302734],[123.65141296386741,10.089670181274471],[123.65115356445347,10.089400291442928],[123.65110778808605,10.089170455932617],[123.65043640136753,10.088500022888297],[123.65028381347656,10.088330268859863],[123.65016937255882,10.088290214538574],[123.65000915527378,10.088069915771598],[123.64988708496116,10.087820053100586],[123.64975738525402,10.087610244751033],[123.6496734619144,10.087349891662654],[123.64961242675827,10.087209701538086],[123.64955139160202,10.087070465087947],[123.64955902099655,10.086649894714583],[123.64938354492199,10.086099624633903],[123.64901733398449,10.085729598999023],[123.64852905273472,10.085720062256087],[123.64808654785202,10.085809707641602],[123.64762878417969,10.085800170898494],[123.64713287353561,10.085639953613338],[123.64605712890659,10.085590362548942],[123.6443862915039,10.085590362548942],[123.64382934570358,10.085590362548942],[123.64327239990246,10.085519790649528],[123.64230346679733,10.08518028259283],[123.64187622070335,10.08483028411871],[123.64140319824264,10.084349632263127],[123.64103698730503,10.083860397339095],[123.640907287598,10.083450317382812],[123.6408309936528,10.083100318908691],[123.64069366455078,10.082900047302246],[123.64006805419967,10.082070350647086],[123.63984680175793,10.081580162048397],[123.63964843750011,10.080960273742733],[123.63964843750011,10.080410003662166],[123.63971710205078,10.079779624938908],[123.63992309570312,10.079199790954533],[123.63992309570312,10.079159736633244],[123.64032745361362,10.07876968383789],[123.6408309936528,10.07826042175293],[123.64111328125023,10.077850341796989],[123.6411819458009,10.077429771423397],[123.6411819458009,10.076809883117733],[123.64109039306675,10.076569557190055],[123.64098358154308,10.076259613037223],[123.64064025878952,10.07583045959484],[123.64048767089844,10.075639724731559],[123.64021301269577,10.075289726257267],[123.63993072509766,10.074740409851074],[123.63951110839878,10.07404994964594],[123.63909149169933,10.073430061340275],[123.63909149169933,10.072939872741756],[123.63916015625,10.072529792785645],[123.63934326171875,10.07188987731945],[123.6393966674807,10.071660041809139],[123.63951110839878,10.071279525757063],[123.63999938964844,10.070219993591422],[123.63999938964844,10.0698499679566],[123.6399917602539,10.069700241088867],[123.63997650146484,10.069470405578613],[123.63996887207054,10.069390296936035],[123.63993072509766,10.06914043426525],[123.63971710205078,10.068329811096305],[123.6394271850586,10.068059921264705],[123.63941955566406,10.068019866943473],[123.63935852050781,10.067950248718319],[123.63818359375034,10.06636047363304],[123.6377792358403,10.06583023071289],[123.6377792358403,10.065569877624455],[123.63749694824219,10.065279960632381],[123.63749694824219,10.064999580383414],[123.63707733154308,10.06457996368431],[123.63704681396484,10.064550399780273],[123.63694763183594,10.06443977355957],[123.63694763183594,10.064169883728027],[123.63639068603561,10.063610076904354],[123.6363525390625,10.06359958648693],[123.63568878173874,10.063340187072981],[123.63540649414062,10.062509536743164],[123.63548278808616,10.061610221862793],[123.6355209350586,10.061289787292708],[123.63546752929699,10.06110954284668],[123.62006378173862,10.075070381164778],[123.61483764648483,10.07787036895752],[123.59854888916027,10.086700439453125],[123.59413146972656,10.08882999420166],[123.57852172851574,10.095939636230526],[123.5789566040039,10.101570129394531],[123.58019256591831,10.107210159301815],[123.58048248291016,10.108779907226676],[123.5811767578125,10.111149787902946],[123.58209991455112,10.1143798828125],[123.58522796630882,10.120739936828556],[123.58796691894543,10.125559806823958],[123.59172058105469,10.131369590759334],[123.59882354736374,10.143600463867244],[123.60690307617222,10.15647029876709],[123.61064910888717,10.162730216980037],[123.61480712890625,10.169560432434025],[123.61799621582031,10.175720214843864],[123.63675689697266,10.164930343628157],[123.64093780517578,10.162240028381348],[123.64270019531261,10.161069869995117],[123.6520462036134,10.154910087585506],[123.66010284423874,10.149290084839095],[123.66761779785179,10.143739700317326],[123.66768646240246,10.143250465393294],[123.66763305664062,10.142829895019588],[123.66757202148438,10.142379760742188],[123.66869354248081,10.141389846801815],[123.66928100585938,10.140959739685172],[123.66956329345703,10.140660285949764],[123.67027282714878,10.139949798584098],[123.67077636718795,10.139229774475154],[123.67096710205124,10.1387300491333],[123.67082977294922,10.138369560241756],[123.67076110839855,10.137999534606934],[123.67092132568405,10.137590408325309],[123.6713485717778,10.137089729309196],[123.6723022460942,10.136469841003532],[123.67328643798828,10.135860443115291],[123.67357635498047,10.135290145874023],[123.6735610961914,10.134519577026367],[123.6735076904298,10.133119583129883],[123.67414093017578,10.132439613342399],[123.67516326904342,10.132089614868278],[123.67590332031261,10.131819725036735]]]}},{"type":"Feature","properties":{"ID_0":177,"ISO":"PHL","NAME_0":"Philippines","ID_1":25,"NAME_1":"Cebu","ID_2":461,"NAME_2":"Dalaguete","NL_NAME_2":null,"VARNAME_2":null,"TYPE_2":"Bayan|Munisipyo","ENGTYPE_2":"Municipality","PROVINCE":"Cebu","REGION":"Central Visayas (Region VII)"},"geometry":{"type":"Polygon","coordinates":[[[123.5535583496096,9.811249732971305],[123.55329132080124,9.811090469360465],[123.55299377441429,9.810930252075195],[123.55259704589878,9.810839653015194],[123.55214691162155,9.810759544372786],[123.55166625976562,9.81066989898693],[123.55130004882812,9.810600280761776],[123.55119323730514,9.810580253601074],[123.55069732666038,9.81056976318365],[123.55024719238315,9.810660362243596],[123.54984283447288,9.810790061950797],[123.54943084716808,9.810870170593319],[123.54907226562511,9.811050415039006],[123.54869079589855,9.811129570007267],[123.54833984375034,9.811200141906738],[123.54818725585938,9.811200141906738],[123.54808044433639,9.811189651489315],[123.54802703857445,9.811189651489315],[123.54798889160156,9.811169624328556],[123.54772949218761,9.811039924621582],[123.54743957519565,9.810799598694075],[123.54723358154297,9.810560226440487],[123.54694366455124,9.810560226440487],[123.5465774536134,9.810199737548771],[123.54638671875011,9.8100004196167],[123.54611206054722,9.8100004196167],[123.54582977294933,9.809720039367676],[123.54528045654342,9.809720039367676],[123.54332733154308,9.807780265808162],[123.54332733154308,9.807959556579704],[123.54305267334018,9.807579994201717],[123.54273223876953,9.807200431823787],[123.54234313964844,9.806870460510368],[123.54200744628918,9.806480407714787],[123.54168701171875,9.806159973144531],[123.5413818359375,9.805830001831168],[123.5410766601567,9.805529594421444],[123.5407485961914,9.805279731750488],[123.54036712646484,9.80504035949707],[123.53991699218761,9.80490970611578],[123.53946685791016,9.80475044250494],[123.53897094726585,9.804719924926985],[123.53846740722668,9.804770469665527],[123.53813934326172,9.804900169372672],[123.53801727294945,9.804940223693961],[123.53759002685592,9.804880142211914],[123.53735351562523,9.804699897766056],[123.53720855712936,9.804610252380371],[123.53713989257847,9.804559707641658],[123.5368270874028,9.804329872131404],[123.53653717041016,9.804010391235465],[123.53634643554688,9.803580284118766],[123.53610992431663,9.803130149841536],[123.53589630126964,9.802639961242676],[123.53582763671898,9.802109718322697],[123.53574371337936,9.801600456237736],[123.5355606079105,9.801139831542912],[123.535400390625,9.80066967010498],[123.53530883789108,9.800350189208984],[123.53526306152344,9.800200462341309],[123.53508758544922,9.799790382385368],[123.5350112915039,9.799389839172363],[123.5349731445317,9.799019813537711],[123.53482818603516,9.798689842224121],[123.53473663330124,9.79833984375],[123.53472137451172,9.797949790954647],[123.53472137451172,9.797579765319767],[123.53472137451172,9.797229766845646],[123.53472137451172,9.796890258789176],[123.53472137451172,9.796520233154297],[123.53472137451172,9.796119689941463],[123.5347290039067,9.795680046081486],[123.53479003906295,9.79524040222168],[123.53498840332065,9.794839859008903],[123.5350494384769,9.79469013214134],[123.53515625000023,9.794429779052734],[123.53531646728527,9.793990135192928],[123.5355606079105,9.793560028076286],[123.53582000732445,9.793109893798885],[123.5360794067384,9.792659759521428],[123.53627777099621,9.792189598083496],[123.53656005859386,9.79181003570551],[123.5366668701173,9.791350364685172],[123.53675079345714,9.790929794311637],[123.53691101074219,9.790579795837516],[123.5369873046875,9.79022026062006],[123.53713989257847,9.789910316467228],[123.53721618652389,9.789580345154036],[123.53724670410168,9.78921985626232],[123.5373764038086,9.788860321044922],[123.53743743896496,9.788479804992619],[123.53727722168003,9.788080215454102],[123.53716278076195,9.787639617920036],[123.53697204589866,9.78722000122093],[123.53685760498058,9.786740303039664],[123.53665161132824,9.786330223083553],[123.53662872314453,9.786290168762434],[123.53639984130882,9.78594970703125],[123.53614044189487,9.785590171814022],[123.53588867187511,9.785229682922306],[123.5356674194336,9.784850120544547],[123.53543853759788,9.784480094909668],[123.5351181030278,9.784150123596305],[123.53475952148449,9.783769607544002],[123.53440093994186,9.783320426940918],[123.53395080566406,9.782870292663688],[123.53360748291027,9.782309532165584],[123.53337860107422,9.781820297241154],[123.53333282470737,9.781720161438216],[123.53305053710949,9.781149864196777],[123.53278350830078,9.780639648437727],[123.53250122070358,9.780150413513184],[123.53225708007858,9.77964973449707],[123.53212738037143,9.779049873352278],[123.5318374633789,9.778490066528263],[123.53163146972679,9.7778701782226],[123.53140258789062,9.777270317077694],[123.53135681152389,9.777130126953125],[123.5313415527346,9.777050018310547],[123.53122711181675,9.776659965515137],[123.53108215332031,9.776069641113509],[123.5308837890625,9.775500297546387],[123.53083801269543,9.774930000305119],[123.5308837890625,9.77437973022461],[123.53106689453125,9.773900032043684],[123.53118896484375,9.773440361023006],[123.53135681152389,9.773050308227596],[123.53146362304688,9.772640228271484],[123.53164672851562,9.772310256958065],[123.53180694580112,9.771929740905819],[123.53196716308594,9.771530151367301],[123.5322265625,9.77110958099371],[123.53250122070358,9.770669937133732],[123.53278350830078,9.770210266113395],[123.53304290771496,9.769800186157283],[123.5331802368164,9.769579887390137],[123.53327178955112,9.769450187683162],[123.53350830078136,9.769129753112907],[123.53389739990268,9.768819808960075],[123.53421020507858,9.768610000610352],[123.53434753418014,9.768520355224666],[123.5346908569336,9.768119812011832],[123.53492736816452,9.767669677734602],[123.53507995605469,9.767180442810059],[123.53529357910156,9.766819953918514],[123.53533935546886,9.766739845276106],[123.5356674194336,9.766329765319824],[123.53605651855469,9.765890121460018],[123.53632354736362,9.765399932861328],[123.53640747070312,9.764860153198185],[123.53652954101562,9.764349937438965],[123.53668212890648,9.763879776001033],[123.53678894042969,9.76338005065918],[123.5366668701173,9.763119697570744],[123.53652191162143,9.762760162353516],[123.53662872314453,9.762249946594295],[123.5366668701173,9.761759757995605],[123.53671264648472,9.761320114135799],[123.53684234619152,9.760919570922965],[123.53694152832043,9.760540008544979],[123.53704833984386,9.760199546814022],[123.53723144531261,9.759880065918026],[123.53743743896496,9.759550094604492],[123.53755187988281,9.759149551391658],[123.53772735595726,9.758740425109863],[123.53777313232422,9.758279800414982],[123.53766632080112,9.757820129394645],[123.53748321533203,9.757379531860352],[123.53720855712936,9.756979942321834],[123.53687286376976,9.756609916687012],[123.53643798828125,9.756319999694881],[123.53600311279331,9.756030082702637],[123.53550720214855,9.755840301513615],[123.5350112915039,9.755669593811092],[123.53453063964844,9.755490303039494],[123.53408813476597,9.755290031433105],[123.53360748291027,9.755129814148006],[123.53314208984409,9.754960060119743],[123.53269195556686,9.754739761352596],[123.53224945068405,9.754509925842342],[123.53208160400402,9.754389762878645],[123.53182220459007,9.75419998168951],[123.53137207031284,9.75391006469738],[123.53089904785156,9.753700256347656],[123.53044891357422,9.753580093383846],[123.53006744384766,9.7533798217774],[123.52973175048828,9.753190040588436],[123.52947998046875,9.753279685974121],[123.52911376953125,9.753410339355582],[123.52863311767624,9.75341987609886],[123.52851104736362,9.753399848937988],[123.52823638916016,9.753339767456112],[123.52784729003906,9.753230094909725],[123.52749633789074,9.753049850463867],[123.52713775634777,9.752840042114485],[123.52673339843761,9.752690315246582],[123.52635955810558,9.752490043640364],[123.52599334716808,9.752249717712516],[123.52558898925793,9.751999855041504],[123.52522277832043,9.751620292663517],[123.52487182617233,9.751199722290153],[123.52446746826183,9.750909805297908],[123.52400207519554,9.75082969665533],[123.52352905273483,9.750769615173283],[123.5231170654298,9.750559806823787],[123.52277374267624,9.75032043457054],[123.52242279052734,9.750080108642692],[123.52204132080078,9.74989032745367],[123.5217514038086,9.749560356140137],[123.52144622802768,9.749190330505485],[123.52126312255893,9.749010086059627],[123.52108764648438,9.748849868774471],[123.52075195312523,9.748510360717773],[123.52041625976562,9.748189926147518],[123.5201034545903,9.747859954833984],[123.51976013183594,9.747529983520565],[123.51941680908226,9.747209548950138],[123.51902770996128,9.746899604797306],[123.5186996459961,9.746540069580078],[123.51840209960972,9.746150016784668],[123.5181808471682,9.745699882507267],[123.51785278320312,9.745309829711857],[123.5174026489259,9.744970321655387],[123.5169677734375,9.744549751281795],[123.51653289794933,9.744059562683105],[123.5160598754884,9.743619918823299],[123.51561737060547,9.743209838867188],[123.51524353027344,9.74285030365013],[123.51480865478516,9.742679595947209],[123.51447296142578,9.742440223693848],[123.51422882080078,9.742159843444881],[123.51419067382858,9.742119789123592],[123.51393890380905,9.741709709167424],[123.51370239257835,9.741189956665096],[123.51348876953159,9.740579605102539],[123.51331329345726,9.740150451660156],[123.51325225830112,9.739990234375057],[123.51303863525436,9.739419937133789],[123.51287078857456,9.739100456237793],[123.51278686523438,9.738920211791935],[123.51270294189453,9.738430023193473],[123.51249694824219,9.738019943237305],[123.51233673095714,9.737620353698787],[123.51223754882824,9.737219810485783],[123.5122528076173,9.736820220947266],[123.51236724853538,9.736459732055721],[123.51249694824219,9.73628044128418],[123.51193237304688,9.73622035980236],[123.5022964477539,9.739330291748104],[123.48956298828136,9.743180274963322],[123.48288726806652,9.74384975433361],[123.47770690918014,9.744609832763672],[123.47290802001953,9.745849609375],[123.47161102294933,9.746319770812931],[123.47122955322277,9.746470451354924],[123.46797180175827,9.747670173644963],[123.46602630615234,9.748629570007324],[123.46589660644543,9.748689651489371],[123.46436309814464,9.749449729919434],[123.46005249023438,9.751649856567383],[123.4600219726567,9.751669883728141],[123.45390319824241,9.75625991821289],[123.45054626464878,9.758970260620117],[123.44905090332031,9.760169982910156],[123.44348907470737,9.765219688415641],[123.43730926513695,9.771659851074276],[123.43351745605503,9.776639938354606],[123.43115997314499,9.779219627380371],[123.43779754638672,9.795149803161735],[123.43981933593784,9.79749965667719],[123.4414672851567,9.799980163574332],[123.45223236083984,9.817850112915039],[123.45967864990234,9.828519821167106],[123.46704864501964,9.838489532470703],[123.46946716308594,9.842350006103743],[123.47151947021496,9.84757041931158],[123.4726333618164,9.850460052490234],[123.47339630126953,9.853599548339787],[123.47354125976574,9.854740142822493],[123.47438812255893,9.860730171203727],[123.47438049316418,9.867440223693904],[123.47376251220737,9.87255001068138],[123.47354888916038,9.875169754028434],[123.49002075195324,9.865630149841309],[123.49632263183628,9.861359596252498],[123.50000762939453,9.858719825744743],[123.50238800048828,9.85696029663086],[123.51689147949219,9.846159934997559],[123.51991271972702,9.844070434570312],[123.52900695800827,9.837750434875488],[123.53560638427746,9.832699775695914],[123.54360961914062,9.825630187988338],[123.54979705810592,9.821590423584098],[123.55877685546886,9.815059661865291],[123.55863952636753,9.814860343933333],[123.55829620361328,9.81437969207758],[123.55793762207065,9.813940048217773],[123.5575180053711,9.813559532165527],[123.55711364746128,9.813190460205135],[123.5565872192384,9.812990188598746],[123.55609893798874,9.812780380249023],[123.55563354492199,9.812600135803166],[123.55518341064476,9.812419891357479],[123.55478668212902,9.812230110168684],[123.55444335937534,9.812049865722656],[123.55415344238281,9.8118896484375],[123.55393981933616,9.811679840088004],[123.55377960205078,9.811429977416992],[123.5535583496096,9.811249732971305]]]}},{"type":"Feature","properties":{"ID_0":177,"ISO":"PHL","NAME_0":"Philippines","ID_1":25,"NAME_1":"Cebu","ID_2":464,"NAME_2":"Dumanjug","NL_NAME_2":null,"VARNAME_2":null,"TYPE_2":"Bayan|Munisipyo","ENGTYPE_2":"Municipality","PROVINCE":"Cebu","REGION":"Central Visayas (Region VII)"},"geometry":{"type":"Polygon","coordinates":[[[123.49054718017612,10.075679779052848],[123.49400329589844,10.072870254516658],[123.49844360351585,10.069290161132926],[123.51425170898472,10.056980133056754],[123.51599884033203,10.0555801391601],[123.52205657958984,10.050809860229492],[123.53296661376976,10.041950225830021],[123.52629089355491,10.028450012207145],[123.51976013183594,10.014980316162166],[123.51761627197311,10.0110502243042],[123.51429748535156,10.004079818725586],[123.50813293457031,9.991200447082633],[123.49114990234375,9.998189926147461],[123.48916625976574,9.999119758605957],[123.4684219360355,10.008830070495833],[123.45745086669922,10.013919830322266],[123.44843292236328,10.01807022094738],[123.43740081787132,10.023079872131404],[123.4307632446289,10.02595043182373],[123.42485809326172,10.028710365295353],[123.41081237793014,10.035320281982422],[123.41062164306686,10.03477954864502],[123.41007995605469,10.033639907837028],[123.40959930419922,10.03308963775629],[123.40971374511719,10.033329963684196],[123.4099273681644,10.033889770507812],[123.41007232666016,10.034489631652946],[123.41023254394577,10.035059928893986],[123.41033172607422,10.035639762878418],[123.41047668457031,10.036219596862793],[123.41047668457031,10.036840438842717],[123.41058349609386,10.03744029998802],[123.41076660156261,10.038009643554801],[123.4110336303711,10.038530349731445],[123.41111755371094,10.039030075073299],[123.41118621826217,10.039460182189941],[123.41134643554699,10.039779663085938],[123.4113922119144,10.04008960723877],[123.41140747070312,10.040410041809196],[123.41143798828136,10.040760040283317],[123.41150665283203,10.041139602661076],[123.41172027587902,10.041520118713379],[123.41184234619163,10.042090415954647],[123.41206359863281,10.042770385742301],[123.41233825683639,10.04345989227295],[123.41264343261719,10.04403018951416],[123.41297149658237,10.044429779052678],[123.41311645507847,10.044899940490836],[123.41330718994175,10.045359611511174],[123.41345214843761,10.045760154724178],[123.41348266601608,10.045840263366927],[123.4136428833009,10.046339988708553],[123.41377258300781,10.046790122985783],[123.41380310058639,10.04685020446783],[123.41372680664074,10.047450065612736],[123.4136962890625,10.047769546508903],[123.41404724121139,10.048529624938965],[123.41409301757812,10.048769950866813],[123.41419219970749,10.049360275268612],[123.41433715820312,10.049770355224553],[123.41433715820312,10.050080299377385],[123.41433715820312,10.050189971923828],[123.41445922851562,10.050470352172795],[123.41454315185547,10.050669670105094],[123.41474914550781,10.051090240478459],[123.41510009765625,10.051569938659725],[123.41539764404331,10.05202960968029],[123.41558837890659,10.052330017089787],[123.4158706665039,10.052809715271053],[123.41628265380905,10.053370475768986],[123.41663360595703,10.053640365600586],[123.41725921630871,10.054200172424373],[123.41782379150402,10.05475044250494],[123.4184265136721,10.055370330810604],[123.4186782836914,10.055560111999739],[123.41887664794933,10.055820465088004],[123.41909027099632,10.056079864501953],[123.41921997070347,10.056240081787053],[123.4193572998048,10.05640029907238],[123.41960144043003,10.056839942932186],[123.41996765136764,10.057220458984432],[123.42032623291027,10.057629585266113],[123.42056274414062,10.057880401611555],[123.42063903808594,10.05795001983654],[123.42070770263683,10.058019638061467],[123.42102813720703,10.058489799499625],[123.42149353027389,10.058839797973746],[123.4220428466798,10.059080123901424],[123.42263793945358,10.059229850769157],[123.42321777343784,10.059430122375716],[123.42378997802768,10.059610366821403],[123.42429351806686,10.059829711914062],[123.42478942871105,10.06000995635992],[123.42529296875023,10.060179710388184],[123.42588806152378,10.060259819030762],[123.4264907836914,10.060279846191463],[123.42707824707043,10.060290336608887],[123.42764282226562,10.060350418090934],[123.42820739746094,10.060469627380485],[123.42874145507858,10.060310363769645],[123.42923736572266,10.060150146484318],[123.42971038818393,10.060040473938102],[123.42987060546898,10.060040473938102],[123.43018341064453,10.060040473938102],[123.43065643310581,10.060119628906364],[123.4311981201173,10.060150146484318],[123.4318008422855,10.060040473938102],[123.43250274658249,10.060000419616813],[123.43332672119175,10.060000419616813],[123.43360900878906,10.060090065002669],[123.43419647216797,10.060279846191463],[123.43518066406261,10.060279846191463],[123.43615722656261,10.060210227966365],[123.4372329711914,10.060000419616813],[123.4373168945317,10.06005001068138],[123.43746948242199,10.060029983520508],[123.43772125244175,10.060000419616813],[123.43802642822311,10.060040473938102],[123.43829345703159,10.060190200805778],[123.43846130371139,10.060259819030762],[123.43878173828125,10.060469627380485],[123.43898010253952,10.060669898987044],[123.43929290771518,10.060959815979004],[123.43950653076195,10.061160087585563],[123.43956756591808,10.06120967864996],[123.43966674804699,10.061300277709961],[123.44013977050793,10.061530113220215],[123.44055175781273,10.061699867248478],[123.44088745117233,10.061900138855094],[123.44125366210938,10.061980247497615],[123.44167327880871,10.061880111694336],[123.4420166015625,10.061820030212516],[123.44226074218761,10.06198978424078],[123.4423828125,10.0623397827149],[123.44241333007858,10.062740325927678],[123.44257354736328,10.063130378723088],[123.44283294677746,10.06365966796875],[123.44331359863304,10.064279556274414],[123.44373321533203,10.064749717712402],[123.4438095092778,10.064800262451286],[123.44403839111328,10.064909934997502],[123.44432067871139,10.064999580383414],[123.44470977783249,10.065110206604118],[123.44526672363281,10.065279960632381],[123.44542694091797,10.065119743347225],[123.44611358642612,10.06443977355957],[123.4463882446289,10.064169883728027],[123.44666290283249,10.06389045715332],[123.44721984863293,10.06389045715332],[123.447303771973,10.063969612121582],[123.44805908203136,10.064720153808707],[123.44750213623081,10.065279960632381],[123.44743347168014,10.065549850464095],[123.44721984863293,10.066390037536735],[123.44725036621128,10.067070007324219],[123.4480895996096,10.06692981719982],[123.44895172119186,10.067399978637809],[123.44970703125023,10.068160057067871],[123.44970703125023,10.068849563598633],[123.44880676269531,10.069540023803768],[123.44776153564499,10.069540023803768],[123.44719696044933,10.0691299438476],[123.4465103149414,10.068710327148551],[123.44635009765659,10.0689697265625],[123.44615936279331,10.069270133972225],[123.44611358642612,10.070280075073242],[123.44611358642612,10.071390151977596],[123.44635772705112,10.072380065917969],[123.4463882446289,10.072500228881779],[123.4463882446289,10.072779655456657],[123.44611358642612,10.072779655456657],[123.44563293457031,10.07291030883789],[123.44531250000011,10.072839736938477],[123.445068359375,10.072779655456657],[123.4442367553711,10.07285022735607],[123.44361114501999,10.07388973236084],[123.44402313232422,10.074649810791072],[123.44441986083984,10.075090408325138],[123.44509124755905,10.075240135192871],[123.44523620605469,10.07528018951416],[123.44571685791061,10.075619697570858],[123.44600677490234,10.076239585876522],[123.44648742675815,10.076999664306754],[123.44676971435547,10.077759742736816],[123.44693756103538,10.078009605407829],[123.44696044921875,10.078040122985954],[123.44705200195358,10.078180313110352],[123.4476776123048,10.078390121460075],[123.44779968261741,10.078430175781364],[123.4480972290039,10.078550338745174],[123.44846343994163,10.078949928283748],[123.44859313964878,10.079279899597282],[123.4486465454105,10.079389572143555],[123.44882965087925,10.079819679260197],[123.44902801513706,10.080289840698356],[123.44922637939476,10.080860137939396],[123.4492416381836,10.080900192260685],[123.44947052001999,10.081620216369686],[123.45108032226562,10.082369804382324],[123.45144653320347,10.082630157470703],[123.45149230957043,10.082650184631461],[123.45191192626953,10.083000183105582],[123.45256805419945,10.083709716796932],[123.45260620117188,10.083760261535645],[123.45310211181686,10.084380149841309],[123.4532394409182,10.084719657898006],[123.45365905761719,10.085209846496696],[123.45427703857433,10.085760116577205],[123.45464324951183,10.086039543151855],[123.45491027832031,10.086250305175895],[123.45523834228538,10.086370468139705],[123.4556121826173,10.086520195007438],[123.45638275146507,10.087140083313102],[123.45736694335972,10.087789535522461],[123.4580764770509,10.088250160217285],[123.45838165283226,10.08841991424572],[123.45841217041016,10.08843994140625],[123.45868682861374,10.088680267333928],[123.45894622802768,10.088939666748104],[123.45921325683605,10.089229583740348],[123.45928192138672,10.08932018280052],[123.45950317382824,10.089599609375],[123.45986938476562,10.089960098266545],[123.4603271484375,10.090270042419377],[123.46083068847656,10.09055042266857],[123.46098327636753,10.090629577636832],[123.46130371093795,10.090800285339355],[123.46161651611362,10.091079711914062],[123.46190643310558,10.0913600921632],[123.46221160888672,10.091679573059139],[123.46251678466831,10.092049598693848],[123.46286773681663,10.09241962432884],[123.4632720947269,10.092749595642033],[123.46363830566452,10.093090057373047],[123.46391296386741,10.093339920044059],[123.46401977539108,10.093449592590446],[123.46444702148438,10.093810081482161],[123.46454620361374,10.093899726867676],[123.46488189697266,10.094189643859977],[123.46531677246105,10.09459018707281],[123.46576690673828,10.094980239868164],[123.46608734130871,10.095310211181754],[123.47821044921909,10.085510253906364],[123.48403167724621,10.080980300903434],[123.48520660400425,10.080080032348633],[123.49054718017612,10.075679779052848]]]}},{"type":"Feature","properties":{"ID_0":177,"ISO":"PHL","NAME_0":"Philippines","ID_1":25,"NAME_1":"Cebu","ID_2":465,"NAME_2":"Ginatilan","NL_NAME_2":null,"VARNAME_2":null,"TYPE_2":"Bayan|Munisipyo","ENGTYPE_2":"Municipality","PROVINCE":"Cebu","REGION":"Central Visayas (Region VII)"},"geometry":{"type":"Polygon","coordinates":[[[123.37349700927768,9.559080123901367],[123.3712387084961,9.553449630737362],[123.37065124511741,9.551779747009391],[123.33645629882812,9.552700042724553],[123.32095336914074,9.553070068359432],[123.31945800781284,9.55313968658453],[123.30793762207031,9.553739547729492],[123.30779266357433,9.553640365600643],[123.3078384399414,9.55391979217535],[123.30800628662155,9.554180145263786],[123.30809020996116,9.554490089416618],[123.30824279785156,9.554780006408691],[123.30831909179688,9.555109977722282],[123.30834197998058,9.555500030517635],[123.30843353271484,9.555899620056152],[123.3086166381836,9.556269645691032],[123.30867004394531,9.55636978149414],[123.30883789062534,9.556650161743278],[123.3088607788086,9.556870460510254],[123.30888366699219,9.557149887084904],[123.30892944335949,9.557660102844352],[123.3091430664067,9.558110237121582],[123.30927276611328,9.55856990814209],[123.3094177246096,9.559000015258789],[123.30947875976608,9.559479713440055],[123.30963134765625,9.559949874878043],[123.30970001220714,9.560400009155273],[123.30967712402355,9.560910224914664],[123.30960845947288,9.56132984161377],[123.30959320068393,9.56145000457758],[123.30948638916027,9.562040328979549],[123.30959320068393,9.56262016296398],[123.3098373413086,9.563119888305778],[123.3099594116211,9.563579559326115],[123.30996704101574,9.563659667968864],[123.30999755859398,9.564249992370662],[123.31004333496139,9.564869880676326],[123.31027221679699,9.565460205078125],[123.31053924560558,9.566080093383789],[123.31078338623047,9.566690444946516],[123.31096649169922,9.567290306091309],[123.31108093261719,9.567879676818961],[123.31111145019543,9.56847000122076],[123.31109619140625,9.568690299987907],[123.311073303223,9.569040298462028],[123.31089782714844,9.569589614868278],[123.3108367919923,9.570139884948958],[123.3108367919923,9.570219993591365],[123.31082916259777,9.57091999053955],[123.3108367919923,9.571660041809082],[123.3109283447269,9.572420120239315],[123.3111572265625,9.573100090026799],[123.31144714355503,9.573670387268066],[123.31175231933594,9.574110031127873],[123.31205749511719,9.574410438537598],[123.31236267089855,9.574589729309139],[123.31263732910168,9.574749946594295],[123.31289672851562,9.574970245361442],[123.31324005126976,9.575180053710938],[123.31360626220737,9.575400352478084],[123.31363677978516,9.575420379638672],[123.31408691406261,9.575619697570744],[123.31448364257858,9.57588005065918],[123.31461334228516,9.576049804687614],[123.31465911865246,9.576100349426497],[123.31474304199253,9.576189994812012],[123.31498718261719,9.576470375060978],[123.31520080566452,9.576769828796387],[123.3153228759769,9.577159881591797],[123.31551361084018,9.577540397644043],[123.31558227539108,9.578020095825138],[123.31571960449241,9.578479766845703],[123.31585693359375,9.578940391540527],[123.31609344482445,9.579389572143612],[123.31623077392578,9.579810142517204],[123.31627655029331,9.580240249633846],[123.31617736816418,9.580690383911076],[123.31591796875,9.581170082092342],[123.31585693359375,9.581749916076717],[123.3159408569336,9.582369804382381],[123.3160781860355,9.582980155944938],[123.31607055664074,9.58360958099371],[123.31601715087936,9.583729743957747],[123.31590270996116,9.58401966094965],[123.31582641601608,9.584190368652571],[123.3155975341798,9.584819793701172],[123.3155517578125,9.585470199585188],[123.3155517578125,9.586090087890852],[123.3155975341798,9.58666038513195],[123.31578063964855,9.587149620056152],[123.31585693359375,9.587630271911735],[123.31588745117222,9.588120460510197],[123.3160629272461,9.588479995727653],[123.31614685058639,9.588899612426701],[123.3163528442384,9.589289665222282],[123.31636810302746,9.589360237121525],[123.3164291381836,9.589730262756404],[123.3166275024414,9.590160369873047],[123.31672668457077,9.590649604797477],[123.31693267822277,9.591090202331543],[123.3171005249028,9.591540336609],[123.31719207763672,9.592000007629508],[123.31714630126976,9.592470169067496],[123.3171005249028,9.592709541320858],[123.31704711914085,9.592960357665959],[123.31696319580124,9.59346961975092],[123.3169403076173,9.593999862670898],[123.3169403076173,9.594510078430119],[123.3169403076173,9.595009803771973],[123.3169403076173,9.59550952911377],[123.31694793701183,9.596030235290641],[123.31700897216797,9.596529960632438],[123.317176818848,9.596949577331543],[123.31725311279297,9.59739017486578],[123.3173828125,9.59780025482172],[123.31748199462936,9.598239898681754],[123.31748962402389,9.598509788513297],[123.31749725341808,9.598759651184082],[123.31749725341808,9.599300384521484],[123.31754302978561,9.59982013702404],[123.31774139404331,9.600250244140739],[123.31773376464889,9.600299835205305],[123.31777954101562,9.60062026977539],[123.31783294677734,9.60093975067133],[123.31797790527355,9.601180076599235],[123.31804656982422,9.60142993927002],[123.31804656982422,9.601730346679915],[123.31804656982422,9.602080345153865],[123.31804656982422,9.602410316467228],[123.31806945800793,9.602470397949276],[123.31804656982422,9.60291957855236],[123.31807708740246,9.60336971282959],[123.31820678710938,9.603750228881836],[123.31822204589844,9.603790283203125],[123.3183364868164,9.604189872741642],[123.31848144531273,9.60459995269781],[123.31864166259777,9.60501956939703],[123.31887817382858,9.605360031128043],[123.319091796875,9.605669975280875],[123.31918334960938,9.60603046417242],[123.31925964355514,9.606320381164494],[123.3193969726567,9.606539726257324],[123.31944274902389,9.606780052185059],[123.31948852539062,9.607040405273438],[123.31963348388717,9.60729026794445],[123.31964874267612,9.607339859008846],[123.31971740722679,9.60758018493658],[123.31970977783237,9.60764026641857],[123.31971740722679,9.607979774475098],[123.31973266601562,9.608449935913029],[123.31980133056652,9.608949661254883],[123.31997680664074,9.609450340270996],[123.32012176513672,9.609990119934082],[123.32026672363293,9.610529899597168],[123.32041931152378,9.611069679260254],[123.32053375244186,9.611630439758414],[123.32055664062511,9.612199783325195],[123.32054138183639,9.612770080566463],[123.32041168212925,9.613309860229549],[123.32018280029308,9.613809585571346],[123.32000732421898,9.614009857177791],[123.31979370117199,9.614250183105469],[123.31945800781284,9.614830017089844],[123.31916809082031,9.615489959716797],[123.31893157958996,9.616160392761344],[123.31876373291038,9.616789817810115],[123.31862640380905,9.617360115051383],[123.31861877441406,9.61793041229248],[123.31871795654297,9.618479728698674],[123.31900787353561,9.618900299072209],[123.319129943848,9.619059562683049],[123.31931304931652,9.619299888610954],[123.31965637207065,9.619669914245605],[123.31997680664074,9.620089530944881],[123.32034301757858,9.620530128478947],[123.3207702636721,9.620909690856934],[123.3211822509769,9.62129020690918],[123.32161712646518,9.62158012390148],[123.32195281982422,9.621919631958008],[123.32221221923828,9.622289657593],[123.3224105834961,9.62271976470953],[123.32251739501987,9.623220443725643],[123.32272338867188,9.62372016906761],[123.32277679443382,9.624050140380803],[123.33376312255893,9.624219894409237],[123.34281158447266,9.624199867248535],[123.36193084716842,9.62411022186285],[123.39304351806652,9.622440338134822],[123.39048767089866,9.61569976806652],[123.38298034668003,9.59430980682373],[123.3823699951173,9.592240333557186],[123.37713623046898,9.575510025024528],[123.37473297119152,9.567850112915096],[123.37452697753918,9.564909934997615],[123.37403869628906,9.560629844665527],[123.37349700927768,9.559080123901367]]]}},{"type":"Feature","properties":{"ID_0":177,"ISO":"PHL","NAME_0":"Philippines","ID_1":25,"NAME_1":"Cebu","ID_2":469,"NAME_2":"Malabuyoc","NL_NAME_2":null,"VARNAME_2":null,"TYPE_2":"Bayan|Munisipyo","ENGTYPE_2":"Municipality","PROVINCE":"Cebu","REGION":"Central Visayas (Region VII)"},"geometry":{"type":"Polygon","coordinates":[[[123.35817718505893,9.706379890442122],[123.36045074462936,9.706110000610579],[123.36155700683605,9.706219673156852],[123.3655929565432,9.706080436706543],[123.37010192871094,9.705369949340877],[123.37468719482422,9.703980445861873],[123.37902069091831,9.702690124511832],[123.38136291503906,9.702219963073674],[123.3847885131836,9.701549530029297],[123.38733673095726,9.701519966125488],[123.38921356201183,9.700880050659237],[123.3922119140625,9.699970245361328],[123.42356109619152,9.690279960632381],[123.41520690918003,9.677459716797102],[123.4058837890625,9.6565198898316],[123.40200042724621,9.64865970611578],[123.39848327636753,9.63805007934576],[123.39304351806652,9.622440338134822],[123.36193084716842,9.62411022186285],[123.34281158447266,9.624199867248535],[123.33376312255893,9.624219894409237],[123.32277679443382,9.624050140380803],[123.32282257080124,9.624239921569824],[123.32301330566452,9.624690055847395],[123.32308959960972,9.625200271606445],[123.32315063476585,9.625699996948299],[123.3231201171875,9.626199722290266],[123.32330322265625,9.626689910888786],[123.32333374023472,9.627189636230412],[123.32333374023472,9.627730369567814],[123.32337188720703,9.6282701492309],[123.32356262207031,9.628720283508358],[123.32364654541061,9.629210472107047],[123.3237228393557,9.62936973571783],[123.32383728027389,9.62963962554943],[123.32388305664062,9.630120277404785],[123.32389068603527,9.630620002746582],[123.32391357421898,9.631119728088436],[123.32398986816418,9.631469726562557],[123.32401275634788,9.631589889526367],[123.32408142089855,9.632089614868221],[123.32409667968784,9.632630348205623],[123.32412719726562,9.633210182189998],[123.32437896728527,9.63362026214611],[123.32443237304688,9.633709907531966],[123.32470703125,9.63422966003418],[123.32498168945358,9.6347398757934],[123.32518005371128,9.635279655456486],[123.32540893554688,9.63572025299078],[123.32552337646496,9.636190414428768],[123.32568359375045,9.636670112609863],[123.32579803466808,9.63710975646984],[123.32582855224632,9.637530326843375],[123.32582855224632,9.63772010803217],[123.32584381103516,9.637909889221191],[123.32584381103516,9.638259887695256],[123.32582855224632,9.638589859009016],[123.32582855224632,9.638689994812125],[123.32582092285179,9.638919830322209],[123.3257827758789,9.639280319213924],[123.32568359375045,9.639710426330794],[123.32556915283237,9.64021015167242],[123.32543945312523,9.640760421752987],[123.3251419067384,9.641220092773665],[123.32476806640636,9.64163970947277],[123.32444763183594,9.64208984375],[123.3241577148442,9.642530441284237],[123.32396697998092,9.642999649047908],[123.32405090332031,9.64363956451416],[123.32392120361351,9.644100189208984],[123.32380676269543,9.644550323486555],[123.32360839843761,9.644940376281795],[123.32334899902366,9.645290374755916],[123.32305145263683,9.64562034606945],[123.32270812988315,9.645930290222282],[123.3224487304692,9.64622974395752],[123.32238769531273,9.646300315856934],[123.32227325439464,9.646539688110352],[123.32215881347656,9.646769523620605],[123.32200622558616,9.647270202636719],[123.3221664428711,9.647740364074707],[123.32219696044945,9.647820472717228],[123.32227325439464,9.648019790649357],[123.32240295410156,9.6482896804809],[123.32251739501987,9.648650169372615],[123.32266235351574,9.648909568786564],[123.32272338867188,9.649189949035758],[123.32279205322266,9.649479866027832],[123.32312774658214,9.650899887085188],[123.32362365722668,9.652359962463493],[123.32383728027389,9.65279960632347],[123.32392883300781,9.653349876403809],[123.32412719726562,9.653900146484318],[123.32418823242199,9.65447998046875],[123.32433319091797,9.654990196228141],[123.32447052001987,9.655429840088118],[123.32466125488315,9.6557998657226],[123.32466888427768,9.65618991851818],[123.3244781494144,9.656599998474121],[123.32436370849621,9.65707015991211],[123.32422637939487,9.657549858093375],[123.32417297363293,9.658080101013184],[123.32417297363293,9.658610343933105],[123.32417297363293,9.659139633178825],[123.32417297363293,9.659649848938216],[123.32417297363293,9.660140037536735],[123.32422637939487,9.660579681396712],[123.32430267334007,9.66071987152111],[123.32440948486374,9.660940170288086],[123.32444763183594,9.661310195922908],[123.32444763183594,9.66166019439703],[123.32444763183594,9.662019729614258],[123.32444763183594,9.662409782409668],[123.3244400024414,9.662859916687069],[123.32441711425815,9.663410186767635],[123.32433319091797,9.663979530334586],[123.32420349121116,9.664569854736385],[123.32417297363293,9.665200233459473],[123.32420349121116,9.665690422058162],[123.32420349121116,9.665820121765137],[123.3244018554692,9.666370391845817],[123.32446289062511,9.666870117187443],[123.32446289062511,9.666910171508732],[123.32457733154308,9.667369842529297],[123.32469940185547,9.667830467224121],[123.32472229003906,9.668310165405387],[123.3247528076173,9.668800354003906],[123.32480621337925,9.669269561767578],[123.32472991943405,9.669750213623104],[123.32472991943405,9.670289993286246],[123.32476806640636,9.67090988159191],[123.3247528076173,9.671569824218807],[123.32495117187511,9.672240257263184],[123.32499694824253,9.6729097366333],[123.32505035400425,9.673529624938965],[123.32525634765648,9.674039840698356],[123.32543182373081,9.67444038391119],[123.32553100585949,9.674779891967887],[123.32554626464889,9.675149917602539],[123.32549285888717,9.675569534301815],[123.32539367675781,9.67599010467535],[123.32536315918014,9.676099777221737],[123.32552337646496,9.676630020141545],[123.32562255859409,9.676879882812727],[123.32565307617188,9.67693042755127],[123.32573699951217,9.677160263061523],[123.32579040527344,9.677419662475643],[123.32584381103516,9.677749633789062],[123.32597351074219,9.678330421447697],[123.32608795166027,9.678899765014648],[123.32615661621094,9.679499626159782],[123.32639312744163,9.680020332336426],[123.32665252685558,9.680549621582145],[123.32691955566406,9.681090354919547],[123.32702636718795,9.681320190429801],[123.32716369628929,9.681630134582633],[123.32733917236362,9.682209968567008],[123.32752227783237,9.682749748230094],[123.32774353027344,9.683219909668082],[123.32778930664108,9.683670043945312],[123.32785034179722,9.684040069580305],[123.32800292968761,9.684339523315543],[123.32804870605503,9.684670448303223],[123.32805633544922,9.685059547424316],[123.32808685302746,9.685489654541016],[123.32830810546898,9.68591022491455],[123.32848358154331,9.686380386352539],[123.32864379882812,9.686849594116154],[123.32882690429688,9.687279701233024],[123.32895660400402,9.687669754028434],[123.32911682128952,9.687950134277571],[123.32917785644577,9.688260078430403],[123.32924652099643,9.688559532165641],[123.32940673828125,9.68887042999279],[123.32949829101608,9.689299583435172],[123.32969665527389,9.689780235290527],[123.32981872558628,9.690360069274902],[123.33001708984398,9.690910339355469],[123.33027648925793,9.691399574280013],[123.33056640625011,9.691849708557243],[123.3308563232423,9.692259788513184],[123.33112335205078,9.692649841308594],[123.33138275146484,9.692999839782715],[123.33155822753906,9.69336032867443],[123.3316879272461,9.69373989105219],[123.33186340332065,9.694080352783203],[123.33200836181652,9.69451999664318],[123.33216857910202,9.69497013092041],[123.33222198486374,9.69550037384056],[123.33222961425827,9.696080207824934],[123.33278656005882,9.696820259094295],[123.33284759521484,9.697739601135368],[123.33328247070312,9.698080062866325],[123.33350372314499,9.698490142822266],[123.33371734619152,9.698869705200423],[123.3339462280278,9.699239730834904],[123.33416748046875,9.699649810791072],[123.33441162109398,9.700110435485897],[123.33451080322311,9.700719833374137],[123.33471679687534,9.701330184936467],[123.33492279052734,9.70199012756359],[123.33515930175815,9.702619552612418],[123.33553314209018,9.703120231628532],[123.33583068847668,9.70359992980957],[123.33606719970703,9.704070091247559],[123.33611297607456,9.704569816589355],[123.33606719970703,9.70506954193121],[123.33587646484375,9.70551967620861],[123.33583068847668,9.70596981048584],[123.33583068847668,9.706379890442122],[123.33586120605503,9.706760406494197],[123.33596801757812,9.707090377807617],[123.33605194091831,9.70746040344244],[123.33609771728527,9.707900047302246],[123.33612823486351,9.708410263061523],[123.33625793457031,9.708939552307186],[123.33641815185592,9.709509849548454],[123.33666229248047,9.71004962921154],[123.33692169189453,9.710590362548942],[123.33714294433605,9.711119651794434],[123.33733367919933,9.711649894714412],[123.33753204345714,9.71210956573492],[123.33778381347656,9.712490081787223],[123.33796691894565,9.71277046203619],[123.33775329589889,9.711979866027946],[123.34146118164085,9.711449623107967],[123.34454345703125,9.711090087890739],[123.3470230102539,9.710590362548942],[123.34934234619186,9.70991039276123],[123.35212707519565,9.709210395813045],[123.35442352294956,9.708419799804801],[123.35520172119163,9.707960128784293],[123.35704803466797,9.707030296325797],[123.35817718505893,9.706379890442122]]]}},{"type":"Feature","properties":{"ID_0":177,"ISO":"PHL","NAME_0":"Philippines","ID_1":25,"NAME_1":"Cebu","ID_2":472,"NAME_2":"Minglanilla","NL_NAME_2":null,"VARNAME_2":null,"TYPE_2":"Bayan|Munisipyo","ENGTYPE_2":"Municipality","PROVINCE":"Cebu","REGION":"Central Visayas (Region VII)"},"geometry":{"type":"Polygon","coordinates":[[[123.78536987304699,10.287799835205021],[123.79354858398438,10.280690193176326],[123.79778289794933,10.281599998474121],[123.80547332763672,10.269550323486328],[123.80602264404331,10.268739700317383],[123.80715942382858,10.26801967620861],[123.80821228027344,10.267379760742244],[123.80959320068371,10.266440391540584],[123.81063842773438,10.26587963104248],[123.81214904785156,10.26546955108654],[123.8127593994144,10.264200210571516],[123.81358337402389,10.262089729309082],[123.8133773803711,10.260919570922852],[123.81263732910202,10.25994014740013],[123.81188201904308,10.259079933166618],[123.811561584473,10.257559776306152],[123.81179809570347,10.256600379943961],[123.81237792968784,10.25547027587885],[123.81236267089855,10.25426959991455],[123.81198883056675,10.25327014923107],[123.81211090087936,10.25236988067627],[123.81257629394554,10.25129032135004],[123.81227874755871,10.250049591064453],[123.81237792968784,10.248720169067383],[123.81298065185547,10.247579574585075],[123.81360626220714,10.246970176697005],[123.81429290771507,10.246649742126579],[123.81491851806686,10.24625015258789],[123.8155670166019,10.245490074157829],[123.81581878662132,10.24464035034191],[123.81593322753952,10.244489669799862],[123.81629943847679,10.2430801391601],[123.81617736816418,10.241720199584961],[123.81572723388695,10.240630149841309],[123.81516265869186,10.239890098571834],[123.814697265625,10.239480018615666],[123.81403350830112,10.23882007598877],[123.81395721435547,10.238380432128963],[123.81398010253918,10.23797988891613],[123.81458282470726,10.237739562988224],[123.8133773803711,10.237649917602539],[123.81220245361351,10.23750972747797],[123.81086730957054,10.23727035522461],[123.81063079833984,10.237219810485897],[123.81020355224655,10.237250328064022],[123.8097763061528,10.23733043670677],[123.80937194824219,10.237429618835392],[123.8091812133789,10.237460136413574],[123.80892181396484,10.237500190734863],[123.80848693847702,10.237529754638729],[123.80782318115234,10.237830162048397],[123.80725860595703,10.237899780273551],[123.80677032470749,10.237899780273551],[123.8064193725586,10.237830162048397],[123.80536651611328,10.237830162048397],[123.8047332763673,10.23787975311285],[123.80439758300781,10.237899780273551],[123.80384063720703,10.237970352172795],[123.80342102050804,10.237970352172795],[123.8021011352539,10.237899780273551],[123.80120849609386,10.237719535827864],[123.80069732666016,10.237620353698674],[123.80063629150402,10.237620353698674],[123.80034637451183,10.23754978179943],[123.79992675781284,10.23748970031744],[123.7998733520509,10.23748970031744],[123.79924011230469,10.237420082092285],[123.79895782470749,10.237420082092285],[123.7986068725586,10.23735046386713],[123.79821014404331,10.237210273742733],[123.79770660400413,10.236860275268612],[123.79724121093795,10.2369003295899],[123.79701232910168,10.236920356750488],[123.79576110839844,10.236920356750488],[123.7946472167971,10.236920356750488],[123.79380798339889,10.236860275268612],[123.79283142089855,10.236439704895076],[123.79255676269554,10.235759735107422],[123.79241180419967,10.235400199890194],[123.79226684570335,10.234709739685059],[123.7920608520509,10.23402023315424],[123.79184722900436,10.233679771423454],[123.79136657714844,10.233200073242188],[123.79112243652366,10.233099937439079],[123.79080963134777,10.233039855957088],[123.79046630859375,10.232950210571346],[123.79010772705078,10.232769966125488],[123.78968048095737,10.232549667358398],[123.78912353515648,10.232419967651424],[123.78867340087925,10.232099533081168],[123.7883071899414,10.231670379638786],[123.78793334960938,10.231349945068303],[123.78743743896484,10.231269836425781],[123.78704833984375,10.231089591980094],[123.78669738769577,10.230850219726676],[123.78633880615246,10.230680465698242],[123.78620910644531,10.230609893798828],[123.78616333007835,10.230580329895133],[123.78597259521507,10.23050975799572],[123.78575897216808,10.230360031127987],[123.78562927246094,10.230290412902832],[123.78530120849632,10.230050086975154],[123.78494262695312,10.22992038726818],[123.78462219238293,10.22976016998291],[123.78446960449253,10.231399536132926],[123.78385162353527,10.232760429382552],[123.7835464477539,10.233739852905273],[123.7825927734375,10.2354097366333],[123.78092956542969,10.236539840698185],[123.77951812744175,10.237719535827864],[123.7791900634769,10.23882007598877],[123.77880859375034,10.239290237426871],[123.77822875976597,10.240449905395451],[123.7777099609375,10.241279602050838],[123.776893615723,10.242440223694075],[123.77619934082077,10.2438001632691],[123.77583312988293,10.245400428771973],[123.77583312988293,10.246270179748592],[123.77590942382812,10.246809959411735],[123.77599334716797,10.247500419616813],[123.77543640136764,10.248880386352539],[123.7745285034182,10.249349594116211],[123.7733612060548,10.250220298767147],[123.77259826660168,10.251130104064941],[123.77261352539074,10.252169609069824],[123.77306365966797,10.252969741821346],[123.77237701416016,10.253669738769759],[123.7716064453125,10.253780364990291],[123.77143859863327,10.25543022155756],[123.77229309082031,10.256179809570426],[123.77258300781295,10.256950378418082],[123.7720184326173,10.25790023803711],[123.7714767456057,10.258009910583553],[123.77081298828148,10.258810043335075],[123.76972961425793,10.259140014648438],[123.76873779296875,10.258950233459473],[123.76640319824253,10.259329795837402],[123.76486206054688,10.260060310363826],[123.76342010498092,10.26123046875],[123.76312255859375,10.262299537658748],[123.76183319091831,10.262280464172363],[123.76061248779342,10.263079643249739],[123.76097106933605,10.264169692993164],[123.76152038574264,10.265130043030013],[123.76119995117222,10.265910148620605],[123.7598114013673,10.266739845275822],[123.75868988037121,10.267709732055778],[123.75823974609375,10.268340110778865],[123.75798034667969,10.269519805908203],[123.75803375244163,10.269780158996639],[123.75830078125011,10.270629882812557],[123.75837707519531,10.271730422973576],[123.75804901123047,10.273659706115723],[123.75752258300793,10.274550437927246],[123.75662231445347,10.276049613952864],[123.75567626953159,10.27733039855957],[123.75498199462913,10.278289794921932],[123.75422668457031,10.27931022644043],[123.75389862060558,10.280590057373047],[123.75414276123081,10.281949996948242],[123.75435638427734,10.283249855041731],[123.75466918945324,10.284589767456168],[123.75447845458996,10.285630226135197],[123.75389099121139,10.286609649658317],[123.75361633300793,10.286990165710563],[123.75311279296875,10.287179946899357],[123.75190734863315,10.287500381469783],[123.75057220459018,10.287440299987793],[123.7489471435548,10.287549972534237],[123.7480697631836,10.288290023803711],[123.74756622314453,10.289460182189941],[123.74727630615268,10.28997993469244],[123.74227142333996,10.299220085143986],[123.74185180664062,10.299860000610408],[123.74185943603516,10.300319671630916],[123.74198150634777,10.300840377807617],[123.74236297607433,10.301690101623535],[123.74289703369175,10.302439689636344],[123.74382781982467,10.30317020416254],[123.7545318603519,10.309690475464095],[123.755126953125,10.310319900512695],[123.75540161132812,10.3107204437257],[123.75546264648483,10.31128978729248],[123.75530242919922,10.312129974365462],[123.7456207275394,10.334589958190975],[123.75109100341831,10.343379974365291],[123.75618743896496,10.352230072021598],[123.7615966796875,10.360340118408203],[123.76761627197311,10.36824989318842],[123.770263671875,10.37106990814209],[123.77169036865268,10.372529983520565],[123.77169799804722,10.369230270385799],[123.7717437744144,10.364370346069336],[123.77216339111328,10.361180305481014],[123.7724075317384,10.356080055236816],[123.7729263305664,10.34920978546154],[123.77226257324253,10.340029716491642],[123.77142333984375,10.333219528198356],[123.77056884765625,10.326729774475154],[123.7812118530278,10.325770378112793],[123.78267669677734,10.325550079345817],[123.78340148925804,10.317270278930778],[123.78536987304699,10.287799835205021]]]}},{"type":"Feature","properties":{"ID_0":177,"ISO":"PHL","NAME_0":"Philippines","ID_1":25,"NAME_1":"Cebu","ID_2":473,"NAME_2":"Moalboal","NL_NAME_2":null,"VARNAME_2":null,"TYPE_2":"Bayan|Munisipyo","ENGTYPE_2":"Municipality","PROVINCE":"Cebu","REGION":"Central Visayas (Region VII)"},"geometry":{"type":"MultiPolygon","coordinates":[[[[123.3800735473634,9.997819900512809],[123.380126953125,9.997810363769531],[123.38088989257812,9.997810363769531],[123.38115692138672,9.99785041809082],[123.38162231445358,9.997909545898494],[123.38224029541016,9.997940063476676],[123.38249206542969,9.99777984619135],[123.3826904296875,9.997639656066951],[123.3829727172855,9.99717044830328],[123.38318634033203,9.996669769287166],[123.38334655761764,9.996139526367188],[123.38352203369163,9.995599746704102],[123.38343048095726,9.99501037597662],[123.3835678100586,9.99442005157482],[123.38361358642601,9.993809700012434],[123.38366699218795,9.993200302124023],[123.38382720947266,9.992609977722225],[123.3839263916019,9.991999626159668],[123.38408660888683,9.991419792175293],[123.38408660888683,9.991299629211426],[123.38408660888683,9.99085998535162],[123.38445281982433,9.990559577941951],[123.38445281982433,9.990280151367244],[123.3852767944336,9.989439964294434],[123.3852767944336,9.98917007446289],[123.38593292236328,9.988519668579102],[123.38638305664085,9.988059997558537],[123.38667297363304,9.98777961730957],[123.38667297363304,9.987689971924055],[123.38667297363304,9.98750019073492],[123.38694763183605,9.987219810485954],[123.38694763183605,9.987159729003906],[123.38694763183605,9.986940383911246],[123.3872222900394,9.986669540405217],[123.3872222900394,9.986390113830566],[123.3874969482423,9.9861097335816],[123.3874969482423,9.985830307007063],[123.38834381103516,9.984999656677246],[123.38861083984375,9.984999656677246],[123.38889312744175,9.984720230102539],[123.38916778564453,9.984720230102539],[123.38944244384811,9.984439849853743],[123.38971710205101,9.984439849853743],[123.38977813720749,9.984390258789176],[123.39026641845714,9.983889579773063],[123.39055633544933,9.983889579773063],[123.39111328125045,9.983329772949219],[123.39111328125045,9.983059883117676],[123.39124298095726,9.982919692993278],[123.39167022705078,9.982500076294002],[123.39167022705078,9.981940269470158],[123.39111328125045,9.981389999389648],[123.39083099365234,9.981389999389648],[123.38999938964855,9.980560302734432],[123.38971710205101,9.980560302734432],[123.38916778564453,9.979999542236328],[123.38909912109375,9.979729652404785],[123.3890762329105,9.979419708251953],[123.38912200927746,9.97914981842041],[123.38913726806675,9.979040145873967],[123.3891830444336,9.978850364685172],[123.38929748535156,9.978610038757324],[123.38947296142578,9.978380203247013],[123.38977050781295,9.978119850158805],[123.39006042480469,9.977820396423397],[123.3901824951173,9.977490425109806],[123.39019012451183,9.97716999053955],[123.39024353027344,9.976889610290755],[123.39028930664085,9.976790428161564],[123.39044189453125,9.97655963897705],[123.39074707031261,9.976180076599235],[123.39092254638717,9.975799560546989],[123.39084625244175,9.97550010681158],[123.39071655273438,9.97521018981945],[123.3905029296875,9.974949836731014],[123.39024353027344,9.97474002838129],[123.39013671875,9.974499702453613],[123.39021301269577,9.97420978546154],[123.39024353027344,9.973919868469238],[123.39021301269577,9.973600387573299],[123.38997650146496,9.973270416259709],[123.38971710205101,9.972900390625227],[123.38948822021484,9.972510337829647],[123.38939666748092,9.972069740295353],[123.38939666748092,9.971599578857422],[123.38934326171898,9.97113037109375],[123.3891830444336,9.970669746398926],[123.38916015625,9.970190048218],[123.38916015625,9.969759941101131],[123.38912200927746,9.969440460205192],[123.3888778686528,9.969240188598633],[123.38816833496105,9.969129562377873],[123.38803100585938,9.969220161438045],[123.38778686523449,9.969360351562443],[123.38790130615246,9.96967983245861],[123.38806915283214,9.970100402832145],[123.3882064819336,9.970589637756348],[123.38810729980514,9.97085952758789],[123.38784790039062,9.97099971771246],[123.3875732421875,9.971179962158146],[123.38725280761719,9.97128963470459],[123.38699340820312,9.971260070800895],[123.38674163818371,9.971139907836857],[123.38651275634766,9.971039772033748],[123.38630676269531,9.970849990844954],[123.38609313964866,9.97058010101324],[123.38584136962925,9.97025012969965],[123.38565063476597,9.96984004974371],[123.38562011718773,9.969380378723201],[123.38574981689453,9.968970298767033],[123.38587188720703,9.968609809875545],[123.38594055175781,9.968219757080135],[123.38580322265636,9.967599868774471],[123.3857116699221,9.9668998718264],[123.38597106933605,9.966170310974121],[123.38591766357422,9.965589523315487],[123.38600921630905,9.965120315551815],[123.3862533569336,9.964710235595703],[123.38636016845714,9.9641504287722],[123.38639068603561,9.963540077209473],[123.38639068603561,9.962920188903809],[123.38639068603561,9.962309837341309],[123.38643646240234,9.961730003356934],[123.38665771484409,9.961279869079704],[123.38687133789062,9.960869789123535],[123.38700103759766,9.960450172424316],[123.38719940185547,9.960080146789608],[123.3873672485355,9.959770202636776],[123.38741302490268,9.95967960357666],[123.38758850097656,9.959259986877555],[123.38741302490268,9.95868015289318],[123.38696289062545,9.958169937133732],[123.3865432739259,9.957850456237793],[123.38622283935581,9.957570075988997],[123.38601684570358,9.95724964141857],[123.38600158691429,9.956850051879883],[123.38613891601562,9.95646953582758],[123.38636016845714,9.956170082092342],[123.38661193847656,9.955949783325252],[123.38697052001999,9.955900192260799],[123.38735961914097,9.955889701843205],[123.38762664794945,9.955809593200627],[123.38771057128918,9.955599784851131],[123.3875732421875,9.955289840698299],[123.38735198974655,9.954890251159782],[123.38728332519531,9.954460144043082],[123.38733673095726,9.954000473022518],[123.38752746582054,9.953539848327694],[123.38787841796886,9.95314979553234],[123.38828277587902,9.952899932861328],[123.38861846923828,9.952730178833235],[123.38894653320347,9.952469825744629],[123.38921356201183,9.952219963073844],[123.38925170898483,9.95197963714594],[123.38913726806675,9.951740264892578],[123.38899230957031,9.951479911804313],[123.38890838623047,9.951129913330192],[123.38894653320347,9.950710296630916],[123.3891525268557,9.95038986206049],[123.38947296142578,9.950149536132812],[123.38973999023438,9.949910163879395],[123.38992309570312,9.949649810791016],[123.39005279541016,9.949379920959473],[123.39013671875,9.94906997680664],[123.39021301269577,9.948710441589355],[123.39029693603538,9.948309898376579],[123.39051818847656,9.947919845581168],[123.39086914062523,9.94764041900629],[123.39134216308616,9.947469711303768],[123.39148712158249,9.947440147399902],[123.39169311523449,9.94738960266136],[123.39185333251953,9.947349548340071],[123.39230346679733,9.947259902954215],[123.39269256591842,9.94719028472906],[123.39304351806652,9.947110176086483],[123.39333343505893,9.946920394897688],[123.3935775756836,9.946629524230957],[123.39376068115234,9.946310043334961],[123.39398193359386,9.945980072021598],[123.39424896240234,9.945639610290641],[123.39449310302757,9.945269584655762],[123.39456176757824,9.945110321044922],[123.39467620849632,9.944879531860352],[123.3948974609375,9.944689750671387],[123.39514923095714,9.944689750671387],[123.39518737793003,9.94470024108898],[123.39543151855503,9.944780349731559],[123.39571380615246,9.94495964050293],[123.3959732055664,9.945199966430607],[123.39615631103516,9.945469856262207],[123.39634704589844,9.945699691772461],[123.39647674560558,9.945969581604004],[123.39663696289108,9.946310043334961],[123.39674377441406,9.946760177612418],[123.39684295654308,9.947259902954215],[123.39675140380871,9.9477796554566],[123.39663696289108,9.94826984405529],[123.396522521973,9.94867992401123],[123.39639282226585,9.949000358581657],[123.39627075195324,9.94929027557373],[123.39618682861362,9.949589729309139],[123.39610290527355,9.949959754943848],[123.3959732055664,9.950420379638672],[123.39575195312534,9.950909614563045],[123.39556884765659,9.95137023925787],[123.39550018310592,9.951749801635856],[123.39533996582043,9.952099800109977],[123.39504241943393,9.952420234680403],[123.39462280273438,9.952699661254883],[123.39415740966842,9.952930450439453],[123.39383697509811,9.953160285949764],[123.39386749267578,9.953419685363883],[123.3940124511721,9.95376014709484],[123.39407348632812,9.954159736633358],[123.39399719238293,9.954620361328182],[123.39389801025425,9.955120086670036],[123.39378356933639,9.955630302429256],[123.3936233520509,9.95613002777111],[123.39349365234375,9.956629753112907],[123.39354705810547,9.957180023193416],[123.39364624023483,9.9576997756958],[123.39366149902378,9.958109855651912],[123.39360809326183,9.958410263061637],[123.39349365234375,9.958629608154297],[123.39334106445335,9.958809852600325],[123.39322662353527,9.959039688110408],[123.39327239990268,9.959369659423828],[123.39335632324219,9.959790229797363],[123.39335632324219,9.960309982299918],[123.39343261718761,9.960869789123535],[123.39353942871116,9.96142959594738],[123.3936004638673,9.961999893188477],[123.39364624023483,9.962420463562012],[123.4012832641605,9.959440231323242],[123.40351104736374,9.958600044250602],[123.40582275390636,9.958729743957576],[123.40878295898472,9.958849906921444],[123.41722106933594,9.957619667053223],[123.42273712158203,9.957099914550838],[123.42803955078159,9.956939697265739],[123.43489074707031,9.956809997558594],[123.44119262695324,9.956350326538029],[123.44257354736328,9.956110000610352],[123.44763946533237,9.955380439758244],[123.45275115966808,9.954710006713924],[123.45584106445347,9.954139709472656],[123.46141815185581,9.953129768371582],[123.46613311767612,9.952520370483512],[123.4713134765625,9.951410293579158],[123.47561645507824,9.95001029968273],[123.477577209473,9.949500083923283],[123.4786834716798,9.94933032989502],[123.48137664794967,9.948699951171932],[123.48359680175781,9.948260307311955],[123.4873275756836,9.94744968414301],[123.49120330810547,9.946619987487793],[123.49301910400436,9.94678020477295],[123.4937667846682,9.947119712829647],[123.49108123779308,9.939849853515625],[123.49031829833996,9.934479713439885],[123.4891815185548,9.929550170898438],[123.48892211914062,9.928560256958121],[123.48490905761719,9.914560317993221],[123.48412322998081,9.912619590759334],[123.48181915283214,9.903539657592773],[123.48103332519531,9.900569915771598],[123.47633361816406,9.887339591980208],[123.4742889404298,9.880419731140137],[123.46688842773483,9.883890151977596],[123.45877838134766,9.887809753418026],[123.45149993896518,9.891309738159123],[123.44621276855469,9.893650054931868],[123.4418869018557,9.89525032043457],[123.43763732910156,9.896599769592285],[123.43237304687534,9.897649765014648],[123.42961120605469,9.89795970916748],[123.42675018310547,9.89828968048107],[123.42395782470726,9.898590087890739],[123.42371368408203,9.898610115051326],[123.41818237304688,9.899209976196403],[123.40033721923862,9.901180267333928],[123.40026855468795,9.901160240173567],[123.40000152587947,9.901180267333928],[123.40000152587947,9.90139007568365],[123.39975738525425,9.901619911193904],[123.39971923828136,9.901670455932617],[123.39971923828136,9.902219772338867],[123.40058135986385,9.902660369873331],[123.40106964111351,9.903420448303393],[123.4013900756836,9.904170036316032],[123.4013900756836,9.904439926147575],[123.40132141113281,9.904520034790323],[123.40110778808594,9.904720306396712],[123.40125274658214,9.90491962432867],[123.40132141113281,9.90501976013195],[123.4013900756836,9.905360221862736],[123.40074920654297,9.905969619750977],[123.40013885498081,9.906539916992244],[123.40022277832031,9.906900405883789],[123.40033721923862,9.907440185546875],[123.40042114257812,9.908129692077864],[123.40000152587947,9.908889770507926],[123.39943695068416,9.909440040588436],[123.39916992187568,9.909440040588436],[123.39916992187568,9.90954971313488],[123.39916992187568,9.90972042083763],[123.39903259277344,9.909859657287711],[123.39888763427734,9.90999984741211],[123.39888763427734,9.910090446472282],[123.39888763427734,9.910280227661076],[123.39881896972656,9.91049003601097],[123.39861297607456,9.911109924316634],[123.39861297607456,9.911669731140307],[123.39888763427734,9.91193962097168],[123.39888763427734,9.912220001220817],[123.39907836914062,9.912409782409611],[123.39916992187568,9.912500381469783],[123.39916992187568,9.913330078125],[123.3989028930664,9.91376018524187],[123.39885711669979,9.91382026672386],[123.3986663818365,9.91417026519781],[123.39885711669979,9.915209770202694],[123.39888763427734,9.915329933166731],[123.39881134033237,9.916359901428166],[123.39888000488304,9.917260169982967],[123.39842987060581,9.91835021972679],[123.39839172363293,9.918439865112305],[123.39810943603538,9.918869972229004],[123.39827728271496,9.919420242309684],[123.39837646484386,9.919969558715934],[123.39855957031261,9.920530319213867],[123.3985366821289,9.920999526977539],[123.39839935302757,9.921400070190543],[123.39837646484386,9.921730041503906],[123.39810180664097,9.922019958496207],[123.3980331420903,9.922149658203182],[123.3979187011721,9.922369956970329],[123.39779663085949,9.922769546508846],[123.39778137207077,9.923199653625488],[123.39777374267578,9.923520088195744],[123.39775848388672,9.923600196838493],[123.39763641357445,9.92393970489502],[123.39742279052746,9.924180030822697],[123.39734649658226,9.924260139465446],[123.39703369140636,9.924690246582145],[123.39682769775436,9.925310134887809],[123.39684295654308,9.926099777221737],[123.39714050293003,9.926609992980957],[123.39733886718784,9.927020072937069],[123.39732360839855,9.927140235900936],[123.39729309082031,9.927459716796875],[123.39730072021484,9.92788028717041],[123.39723968505871,9.92825031280529],[123.39707946777389,9.928589820861816],[123.39700317382812,9.928720474243221],[123.39685058593761,9.928990364074764],[123.39665985107433,9.929400444030762],[123.39662170410156,9.92947006225586],[123.3963623046875,9.930009841919002],[123.39604187011719,9.930560111999512],[123.39572906494163,9.9309597015382],[123.39560699462902,9.931099891662598],[123.39536285400436,9.93169975280773],[123.395263671875,9.932069778442383],[123.39520263671875,9.932229995727482],[123.39499664306675,9.932660102844352],[123.39479827880893,9.932979583740348],[123.39469909667969,9.933219909668026],[123.39467620849632,9.933270454406738],[123.39446258544933,9.933480262756461],[123.3943481445317,9.933549880981388],[123.39417266845714,9.933659553527832],[123.39388275146484,9.933919906616268],[123.3936004638673,9.934260368347395],[123.39334869384788,9.934700012207031],[123.39321136474655,9.934989929199332],[123.39311218261719,9.935190200805891],[123.3927230834961,9.935480117797852],[123.39218139648472,9.935640335083121],[123.39211273193405,9.935649871826286],[123.39160156250011,9.935729980468807],[123.39138793945312,9.935930252075252],[123.39111328125045,9.936169624328613],[123.39082336425781,9.93642997741722],[123.3905029296875,9.936470031738509],[123.38963317871139,9.936579704284782],[123.38922119140636,9.936900138855037],[123.38874816894565,9.937089920044173],[123.3883285522461,9.937319755554256],[123.38794708251953,9.937569618225098],[123.3875732421875,9.9376802444458],[123.38720703125,9.937669754028548],[123.38688659667969,9.937540054321403],[123.38680267333984,9.937470436096248],[123.38658142089889,9.937299728393555],[123.38630676269531,9.936900138855037],[123.38606262207031,9.936900138855037],[123.38580322265636,9.936929702758846],[123.38552856445335,9.936949729919434],[123.38522338867199,9.936949729919434],[123.3848571777346,9.93694019317627],[123.38450622558628,9.93684005737299],[123.38420104980469,9.936619758606014],[123.3839035034182,9.936340332031364],[123.3835678100586,9.93607044219982],[123.38316345214878,9.93583965301525],[123.3827362060548,9.935640335083121],[123.38227844238304,9.93548965454113],[123.3818588256836,9.935259819030875],[123.3813934326173,9.935009956359863],[123.38086700439499,9.93480014801031],[123.38041687011719,9.934579849243164],[123.38009643554733,9.934359550476074],[123.37998199462925,9.934200286865234],[123.379920959473,9.934109687805403],[123.3797225952153,9.933890342712402],[123.37944793701172,9.933609962463436],[123.37830352783203,9.933609962463436],[123.3756790161134,9.933609962463436],[123.3752670288086,9.933609962463436],[123.375,9.933890342712402],[123.37473297119152,9.933890342712402],[123.37361145019577,9.935000419616756],[123.37361145019577,9.935830116271916],[123.3727798461914,9.936670303344727],[123.37268829345703,9.93677997589134],[123.37246704101608,9.937379837036076],[123.37243652343761,9.937459945678654],[123.37216186523472,9.938010215759391],[123.37175750732422,9.938599586487044],[123.37132263183639,9.939160346984806],[123.37098693847656,9.939570426940975],[123.37088775634811,9.939689636230526],[123.37053680419933,9.940259933471737],[123.37023162841797,9.940779685974121],[123.36991882324219,9.941200256347656],[123.36968231201206,9.941590309143066],[123.36943817138706,9.941909790039006],[123.36917114257858,9.942179679870605],[123.36888885498047,9.942449569702148],[123.36860656738327,9.942720413207951],[123.36834716796909,9.942999839782829],[123.36810302734409,9.94330978393566],[123.3679428100586,9.943630218506087],[123.36781311035156,9.943949699401855],[123.36775207519531,9.94408988952648],[123.36769104003929,9.94425010681175],[123.36753845214844,9.944560050964583],[123.36728668212902,9.944879531860352],[123.36694335937545,9.94517040252697],[123.36666107177734,9.945560455322322],[123.3665466308596,9.945690155029297],[123.36647033691406,9.945790290832633],[123.36633300781261,9.945949554443473],[123.3661117553711,9.946499824523983],[123.3659286499028,9.947050094604492],[123.36579895019577,9.947580337524641],[123.36562347412143,9.948049545288143],[123.36551666259766,9.948519706726074],[123.36535644531295,9.948909759521484],[123.36531066894554,9.94929027557373],[123.36528778076206,9.949689865112305],[123.36521911621139,9.950160026550407],[123.36524963378906,9.95071983337408],[123.3654174804692,9.95133018493658],[123.36560058593795,9.95193958282465],[123.36583709716797,9.95250034332281],[123.36607360839866,9.953040122986067],[123.36624145507847,9.95359992980957],[123.36638641357456,9.95415019989025],[123.36657714843784,9.954689979553336],[123.36682128906284,9.955209732055891],[123.36701965332054,9.955750465393123],[123.36728668212902,9.956239700317496],[123.36753845214844,9.956709861755485],[123.36775207519531,9.95718955993658],[123.3678665161134,9.957690238952694],[123.367958068848,9.957960128784237],[123.3680191040039,9.958149909973372],[123.36811065673828,9.958609580993766],[123.3683319091798,9.959030151367301],[123.36855316162132,9.959469795227108],[123.36860656738327,9.959959983825797],[123.3686676025394,9.960510253906477],[123.3688201904298,9.961099624633846],[123.36888122558594,9.961750030517805],[123.368896484375,9.96238994598383],[123.3689117431644,9.962940216064567],[123.36892700195335,9.963319778442326],[123.36894226074219,9.963549613952637],[123.36873626709007,9.964019775390568],[123.36872863769565,9.964449882507438],[123.36892700195335,9.964710235595703],[123.3691635131836,9.964969635009822],[123.36933898925781,9.965299606323356],[123.36947631835949,9.965669631958008],[123.3696517944336,9.965959548950309],[123.36971282958984,9.966300010681096],[123.36975097656295,9.966629981994856],[123.36991119384766,9.966939926147688],[123.37010192871094,9.967289924621639],[123.37029266357422,9.96770000457775],[123.37046813964844,9.968179702759016],[123.37055969238327,9.968759536743391],[123.37066650390625,9.969329833984489],[123.37075805664108,9.96979999542242],[123.37078857421875,9.970270156860408],[123.37072753906261,9.970800399780387],[123.37085723876953,9.971170425415039],[123.37122344970726,9.971369743347168],[123.37110900878918,9.9718399047851],[123.3712387084961,9.972209930419979],[123.3713607788086,9.97251987457281],[123.37139129638706,9.972869873046875],[123.37139129638706,9.973290443420467],[123.37139129638706,9.973750114440975],[123.37139129638706,9.97422981262207],[123.37139129638706,9.974690437316895],[123.37139129638706,9.975119590759277],[123.37136840820312,9.975520133972282],[123.3712768554692,9.975899696350098],[123.37111663818371,9.976320266723633],[123.3708724975586,9.976810455322493],[123.37065124511741,9.977390289306868],[123.37053680419933,9.978019714355469],[123.3703231811528,9.978569984436035],[123.37008666992188,9.979029655456543],[123.36979675293014,9.979430198669547],[123.36994934082043,9.979840278625488],[123.36992645263672,9.98019027709961],[123.36978149414074,9.98048019409191],[123.3697280883789,9.980750083923454],[123.36966705322277,9.981010437011662],[123.3694992065432,9.981169700622502],[123.36932373046875,9.981490135192928],[123.36920166015636,9.98208999633789],[123.3690567016605,9.982609748840446],[123.368896484375,9.983019828796387],[123.36873626709007,9.983400344848633],[123.36862182617199,9.983849525451774],[123.36852264404308,9.984339714050293],[123.36859130859375,9.984800338745117],[123.36869049072266,9.985280036926383],[123.36888885498047,9.985730171203613],[123.36907196044922,9.98620986938488],[123.36920166015636,9.986749649047965],[123.36929321289097,9.987360000610352],[123.3691635131836,9.98814964294445],[123.36927032470703,9.988550186157227],[123.36955261230514,9.98882007598877],[123.36979675293014,9.989159584045467],[123.37006378173862,9.9895601272583],[123.37024688720737,9.990010261535701],[123.37036132812523,9.990500450134391],[123.37050628662155,9.990969657898063],[123.37059783935547,9.991479873657283],[123.37081146240246,9.99199008941656],[123.37101745605503,9.99254035949707],[123.37124633789062,9.993109703064022],[123.37149047851574,9.99368000030529],[123.37185668945324,9.994110107421989],[123.3722763061528,9.99440956115717],[123.37267303466831,9.994600296020451],[123.37296295166016,9.994709968566895],[123.37315368652344,9.994850158691463],[123.37336730957077,9.995059967041016],[123.37362670898472,9.995340347290153],[123.37387084960972,9.995690345764274],[123.374061584473,9.99606990814209],[123.37420654296909,9.996500015258732],[123.37448120117188,9.996899604797477],[123.37486267089844,9.997300148010254],[123.37547302246139,9.9975204467774],[123.37610626220737,9.997679710388411],[123.37673187255893,9.997559547424373],[123.37731170654331,9.997599601745662],[123.37777709960949,9.99785041809082],[123.37818145751976,9.998149871826229],[123.37859344482456,9.998220443725813],[123.37935638427768,9.997920036315918],[123.3800735473634,9.997819900512809]]]]}},{"type":"Feature","properties":{"ID_0":177,"ISO":"PHL","NAME_0":"Philippines","ID_1":25,"NAME_1":"Cebu","ID_2":474,"NAME_2":"Naga City","NL_NAME_2":null,"VARNAME_2":null,"TYPE_2":"Lungsod|Siyudad","ENGTYPE_2":"City","PROVINCE":"Cebu","REGION":"Central Visayas (Region VII)"},"geometry":{"type":"Polygon","coordinates":[[[123.7489471435548,10.287549972534237],[123.75057220459018,10.287440299987793],[123.75190734863315,10.287500381469783],[123.75311279296875,10.287179946899357],[123.75361633300793,10.286990165710563],[123.75389099121139,10.286609649658317],[123.75447845458996,10.285630226135197],[123.75466918945324,10.284589767456168],[123.75435638427734,10.283249855041731],[123.75414276123081,10.281949996948242],[123.75389862060558,10.280590057373047],[123.75422668457031,10.27931022644043],[123.75498199462913,10.278289794921932],[123.75567626953159,10.27733039855957],[123.75662231445347,10.276049613952864],[123.75752258300793,10.274550437927246],[123.75804901123047,10.273659706115723],[123.75837707519531,10.271730422973576],[123.75830078125011,10.270629882812557],[123.75803375244163,10.269780158996639],[123.75798034667969,10.269519805908203],[123.75823974609375,10.268340110778865],[123.75868988037121,10.267709732055778],[123.7598114013673,10.266739845275822],[123.76119995117222,10.265910148620605],[123.76152038574264,10.265130043030013],[123.76097106933605,10.264169692993164],[123.76061248779342,10.263079643249739],[123.76183319091831,10.262280464172363],[123.76312255859375,10.262299537658748],[123.76342010498092,10.26123046875],[123.76486206054688,10.260060310363826],[123.76640319824253,10.259329795837402],[123.76873779296875,10.258950233459473],[123.76972961425793,10.259140014648438],[123.77081298828148,10.258810043335075],[123.7714767456057,10.258009910583553],[123.7720184326173,10.25790023803711],[123.77258300781295,10.256950378418082],[123.77229309082031,10.256179809570426],[123.77143859863327,10.25543022155756],[123.7716064453125,10.253780364990291],[123.77237701416016,10.253669738769759],[123.77306365966797,10.252969741821346],[123.77261352539074,10.252169609069824],[123.77259826660168,10.251130104064941],[123.7733612060548,10.250220298767147],[123.7745285034182,10.249349594116211],[123.77543640136764,10.248880386352539],[123.77599334716797,10.247500419616813],[123.77590942382812,10.246809959411735],[123.77583312988293,10.246270179748592],[123.77583312988293,10.245400428771973],[123.77619934082077,10.2438001632691],[123.776893615723,10.242440223694075],[123.7777099609375,10.241279602050838],[123.77822875976597,10.240449905395451],[123.77880859375034,10.239290237426871],[123.7791900634769,10.23882007598877],[123.77951812744175,10.237719535827864],[123.78092956542969,10.236539840698185],[123.7825927734375,10.2354097366333],[123.7835464477539,10.233739852905273],[123.78385162353527,10.232760429382552],[123.78446960449253,10.231399536132926],[123.78462219238293,10.22976016998291],[123.7845382690432,10.229720115661621],[123.78436279296875,10.229630470275936],[123.78410339355469,10.22949028015131],[123.78388977050827,10.229499816894645],[123.78379821777344,10.229539871215934],[123.78372192382812,10.229579925537223],[123.78365325927746,10.229610443115348],[123.78333282470737,10.229789733886719],[123.78308105468761,10.23003959655773],[123.78246307373047,10.230179786682129],[123.78189086914062,10.230179786682129],[123.78058624267624,10.229849815368766],[123.78009033203159,10.229749679565487],[123.77957916259788,10.229660034179744],[123.77918243408237,10.22949028015131],[123.77912902832065,10.229479789733887],[123.77871704101574,10.229280471801815],[123.77835845947311,10.229129791259822],[123.77808380126953,10.228960037231559],[123.77617645263672,10.22842979431158],[123.77445220947266,10.22807979583763],[123.77430725097668,10.228070259094352],[123.77391052246139,10.22803974151634],[123.77336883544933,10.227919578552303],[123.76976776123092,10.227279663085938],[123.76802062988293,10.22694015502941],[123.76706695556652,10.226380348205566],[123.76648712158214,10.22603988647461],[123.7653732299807,10.22535037994379],[123.76481628418014,10.224519729614315],[123.76412200927768,10.223830223083496],[123.76341247558594,10.22284030914318],[123.76328277587936,10.222649574279899],[123.76316833496128,10.221489906311149],[123.76306915283214,10.221159934997559],[123.76304626464889,10.22084045410162],[123.76306152343761,10.220529556274641],[123.76313018798828,10.220230102539062],[123.76331329345703,10.219949722290266],[123.76344299316418,10.219619750976506],[123.76358032226562,10.219280242920036],[123.76358032226562,10.218859672546444],[123.76328277587936,10.217760086059513],[123.76328277587936,10.217069625854606],[123.76335144043003,10.216239929199219],[123.76290893554733,10.215760231018123],[123.76260375976585,10.21553039550787],[123.76241302490257,10.215250015258903],[123.7623214721682,10.21498012542736],[123.76228332519577,10.214719772338924],[123.76210021972668,10.21455001831049],[123.76196289062534,10.214420318603516],[123.76152038574264,10.214280128479118],[123.76116943359386,10.214380264282227],[123.7608795166019,10.214509963989201],[123.76061248779342,10.214630126953239],[123.7603530883789,10.214659690856934],[123.76007843017578,10.214579582214355],[123.75985717773483,10.214400291442985],[123.75990295410156,10.214119911193848],[123.7602767944336,10.213749885559139],[123.76093292236328,10.213279724121207],[123.76116180419933,10.212869644165096],[123.76101684570347,10.212619781494254],[123.76096343994152,10.212249755859432],[123.76088714599632,10.2121000289917],[123.76075744628952,10.211819648742903],[123.7605590820317,10.211669921875],[123.75982666015636,10.211480140686035],[123.75955963134788,10.210379600525016],[123.75962829589855,10.209199905395508],[123.7596817016605,10.208399772644157],[123.75969696044922,10.208100318908919],[123.76011657714878,10.20740985870367],[123.76017761230514,10.207240104675407],[123.7602767944336,10.206939697265852],[123.75990295410156,10.20668983459467],[123.75962066650402,10.206359863281477],[123.75942993164074,10.205989837646484],[123.75924682617199,10.205610275268668],[123.75916290283237,10.205200195312557],[123.75898742675804,10.204790115356388],[123.75871276855514,10.204420089721737],[123.75847625732433,10.20403957366949],[123.75837707519531,10.203579902648926],[123.7584228515625,10.203049659728947],[123.75855255126953,10.202480316162166],[123.75856018066406,10.201970100402946],[123.7584228515625,10.201530456542969],[123.75818634033203,10.201160430908317],[123.75820922851597,10.200799942016602],[123.75829315185558,10.200469970703182],[123.75820922851597,10.200169563293514],[123.75791931152355,10.199919700622672],[123.7577362060548,10.19966983795166],[123.7575836181644,10.19941043853754],[123.7574234008789,10.199090003967285],[123.75729370117188,10.19882965087885],[123.75721740722656,10.198699951171875],[123.75700378418003,10.198249816894474],[123.75686645507847,10.197739601135254],[123.75670623779297,10.197250366211051],[123.75657653808605,10.196780204773063],[123.75640869140648,10.196379661560059],[123.7562408447269,10.196040153503361],[123.75598144531295,10.195830345153865],[123.75573730468773,10.19567012786871],[123.75547027587936,10.19556999206543],[123.75482940673828,10.195240020752067],[123.7540969848634,10.19486045837408],[123.7538223266605,10.194580078125114],[123.7529907226567,10.194580078125114],[123.75235748291061,10.194720268249512],[123.75215148925781,10.19478988647461],[123.75186920166016,10.195190429687443],[123.75173950195335,10.195369720459041],[123.75153350830112,10.195280075073299],[123.75128173828159,10.195159912109489],[123.75100708007812,10.195010185241756],[123.75071716308628,10.194879531860352],[123.75042724609375,10.1947603225708],[123.75012207031295,10.19468975067133],[123.74865722656261,10.194580078125114],[123.74817657470714,10.194580078125114],[123.74783325195358,10.194439888000545],[123.74761962890636,10.194160461426009],[123.74726867675827,10.193889617919979],[123.74726867675827,10.19347000122076],[123.74727630615268,10.193409919738713],[123.74733734130893,10.192990303039664],[123.74738311767578,10.192500114440975],[123.74701690673874,10.192290306091422],[123.74659729003906,10.19207954406744],[123.74639892578148,10.191869735717887],[123.74604797363281,10.191599845886344],[123.74597930908203,10.191320419311637],[123.74591064453136,10.19048976898199],[123.74651336669956,10.190070152282715],[123.74684906005871,10.189660072326774],[123.74656677246128,10.188759803771973],[123.74588012695358,10.188070297241325],[123.74447631835972,10.18764972686779],[123.74416351318405,10.18667030334467],[123.74388885498058,10.18667030334467],[123.74360656738293,10.186389923095703],[123.74333190918003,10.186389923095703],[123.74305725097679,10.186109542846737],[123.7427673339846,10.186109542846737],[123.74223327636719,10.185560226440543],[123.74166870117188,10.185560226440543],[123.74141693115268,10.185420036315918],[123.7412109375,10.185310363769531],[123.74091339111374,10.18511962890625],[123.74070739746094,10.184860229492301],[123.74051666259766,10.184599876404036],[123.74031829833984,10.184359550476188],[123.740028381348,10.184129714965934],[123.73979949951183,10.183870315551758],[123.73964691162143,10.18367004394554],[123.7394790649414,10.183429718017692],[123.7391967773442,10.183250427246094],[123.73882293701217,10.18317985534668],[123.7384262084961,10.183090209961165],[123.73815155029297,10.182840347289982],[123.7381362915039,10.182539939880485],[123.738319396973,10.182229995727653],[123.7384872436528,10.181909561157227],[123.7384490966798,10.181579589843807],[123.73821258544922,10.181280136108398],[123.73793792724643,10.181059837341252],[123.73766326904297,10.181059837341252],[123.73739624023438,10.181280136108398],[123.73710632324264,10.18152999877941],[123.73676300048851,10.181699752807674],[123.73632049560547,10.181639671325627],[123.73592376708984,10.181329727172795],[123.73560333251964,10.18097972869873],[123.73536682128906,10.18068981170677],[123.73497009277344,10.18047046661377],[123.73473358154308,10.180379867553938],[123.7343978881836,10.180279731750488],[123.73401641845703,10.18013954162609],[123.733642578125,10.179860115051213],[123.73326110839844,10.179490089416731],[123.73280334472656,10.1791801452639],[123.73229217529297,10.178890228271428],[123.73179626464855,10.17862987518322],[123.73105621337936,10.178339958190918],[123.72429656982422,10.184840202331543],[123.71465301513717,10.195249557495345],[123.70655059814453,10.20382022857666],[123.681396484375,10.223819732666243],[123.66348266601608,10.237750053405875],[123.67561340332065,10.255339622497615],[123.67845916748047,10.259229660034123],[123.68064117431686,10.260880470275879],[123.68348693847656,10.264080047607479],[123.68580627441418,10.267620086669922],[123.68721771240234,10.269729614257926],[123.69207000732422,10.274359703063965],[123.70110321044967,10.283519744873274],[123.71589660644531,10.297369956970329],[123.72409057617188,10.305749893188477],[123.72930908203136,10.304969787597884],[123.73523712158226,10.303569793701229],[123.74236297607433,10.301690101623535],[123.74198150634777,10.300840377807617],[123.74185943603516,10.300319671630916],[123.74185180664062,10.299860000610408],[123.74227142333996,10.299220085143986],[123.74727630615268,10.28997993469244],[123.74756622314453,10.289460182189941],[123.7480697631836,10.288290023803711],[123.7489471435548,10.287549972534237]]]}},{"type":"Feature","properties":{"ID_0":177,"ISO":"PHL","NAME_0":"Philippines","ID_1":25,"NAME_1":"Cebu","ID_2":475,"NAME_2":"Oslob","NL_NAME_2":null,"VARNAME_2":null,"TYPE_2":"Bayan|Munisipyo","ENGTYPE_2":"Municipality","PROVINCE":"Cebu","REGION":"Central Visayas (Region VII)"},"geometry":{"type":"MultiPolygon","coordinates":[[[[123.43446350097702,9.519189834594954],[123.43399810791016,9.518759727478084],[123.43335723876953,9.51863002777094],[123.4328384399414,9.518650054931697],[123.43269348144577,9.518659591674805],[123.43206787109398,9.518810272216797],[123.4315185546875,9.518859863281193],[123.43106842041016,9.518810272216797],[123.4307632446289,9.51863002777094],[123.43048095703125,9.518489837646541],[123.4301986694336,9.518260002136458],[123.42989349365268,9.518050193786735],[123.42958831787132,9.517829895019588],[123.42919158935581,9.517640113830794],[123.42881011962925,9.517399787902946],[123.42845153808594,9.517100334167537],[123.4279937744144,9.516839981079102],[123.4275817871096,9.51646995544445],[123.42717742919933,9.516130447387752],[123.42682647705124,9.515810012817496],[123.42656707763672,9.515449523925781],[123.42635345458984,9.515069961547965],[123.42604064941418,9.514679908752385],[123.42561340332031,9.514340400695914],[123.42516326904297,9.51393985748291],[123.42460632324253,9.513620376586914],[123.42402648925793,9.513299942016658],[123.42347717285179,9.512909889221305],[123.42302703857456,9.512499809265137],[123.42260742187511,9.512189865112305],[123.42111206054733,9.510829925537166],[123.42111206054733,9.510560035705623],[123.4205474853519,9.51000022888195],[123.42028045654297,9.51000022888195],[123.41999816894531,9.509719848632812],[123.41999816894531,9.509440422058105],[123.41944122314453,9.508890151977766],[123.41916656494152,9.508890151977766],[123.41889190673862,9.50860977172863],[123.41860961914074,9.50860977172863],[123.41816711425781,9.50817966461193],[123.4180526733403,9.50806045532238],[123.41777801513672,9.50806045532238],[123.41750335693393,9.507780075073242],[123.41750335693393,9.507639884948844],[123.41719818115234,9.507439613342228],[123.41692352294956,9.507220268249569],[123.41655731201172,9.506930351257324],[123.41618347167969,9.506560325622615],[123.41580963134766,9.506110191345215],[123.41539001464889,9.505680084228572],[123.41488647460972,9.50529956817627],[123.41429901123058,9.505049705505485],[123.4136428833009,9.504940032959212],[123.41310119628952,9.504719734191895],[123.41268157958996,9.50448989868164],[123.41239166259777,9.504309654235954],[123.41221618652378,9.504170417785701],[123.41194152832054,9.504170417785701],[123.41113281250045,9.503350257873592],[123.41084289550781,9.50333023071289],[123.4102783203125,9.502779960632324],[123.41000366210949,9.502779960632324],[123.40972137451183,9.502499580383358],[123.40915679931675,9.502499580383358],[123.4080581665039,9.50139045715332],[123.40778350830078,9.50139045715332],[123.40766906738281,9.501130104064885],[123.4074630737307,9.500889778137207],[123.40720367431675,9.50059032440197],[123.40691375732422,9.500289916992244],[123.40669250488304,9.499990463256836],[123.40666961669933,9.499719619751033],[123.40638732910168,9.499719619751033],[123.4058303833009,9.499170303344954],[123.40556335449219,9.499170303344954],[123.40528106689499,9.498889923095817],[123.40499877929688,9.498889923095817],[123.40471649169956,9.49860954284668],[123.4044418334961,9.49860954284668],[123.40416717529297,9.498330116271973],[123.4038925170903,9.498330116271973],[123.4027328491211,9.49717998504633],[123.40249633789085,9.496939659118652],[123.40249633789085,9.49666976928711],[123.40222167968795,9.496390342712402],[123.40209197998058,9.496390342712402],[123.40194702148438,9.496390342712402],[123.40165710449264,9.496109962463436],[123.4013900756836,9.496109962463436],[123.40110778808594,9.49582958221447],[123.40083312988327,9.49582958221447],[123.40055847167969,9.495559692382926],[123.40028381347668,9.495559692382926],[123.39987182617188,9.495149612426815],[123.39861297607456,9.493889808654728],[123.39842224121128,9.493889808654728],[123.39833068847656,9.493889808654728],[123.39778137207077,9.493330001831112],[123.39778137207077,9.493160247802848],[123.39778137207077,9.493060111999569],[123.3974761962894,9.492699623108024],[123.3961105346682,9.491109848022575],[123.39595794677734,9.490949630737248],[123.39581298828159,9.490619659423885],[123.39555358886764,9.489999771118221],[123.39555358886764,9.489740371704102],[123.39555358886764,9.489439964294547],[123.395263671875,9.489179611206112],[123.39527893066406,9.488889694213867],[123.39504241943393,9.488659858703613],[123.39499664306675,9.48861026763916],[123.39499664306675,9.488539695739746],[123.39499664306675,9.488470077514592],[123.39499664306675,9.488329887390194],[123.39472198486328,9.488059997558821],[123.39472198486328,9.487779617309684],[123.39415740966842,9.48721981048584],[123.39415740966842,9.4866695404055],[123.39389038085949,9.486390113830623],[123.39389038085949,9.486109733581486],[123.39382171630882,9.485759735107365],[123.39360809326183,9.485560417175293],[123.39360809326183,9.484439849853516],[123.39277648925804,9.483610153198299],[123.39277648925804,9.483329772949332],[123.39221954345703,9.482780456543082],[123.39221954345703,9.482500076293945],[123.39193725585972,9.482219696044979],[123.39193725585972,9.481940269470272],[123.39167022705078,9.4816703796389],[123.39167022705078,9.481109619140625],[123.38999938964855,9.479439735412598],[123.38999938964855,9.479169845581055],[123.38963317871139,9.478790283203068],[123.38861083984375,9.477780342101994],[123.38712310791027,9.476280212402457],[123.3852767944336,9.474439620971737],[123.3852767944336,9.474169731140137],[123.38445281982433,9.473329544067383],[123.38445281982433,9.472780227661133],[123.38416290283214,9.472499847412166],[123.38416290283214,9.47222042083746],[123.38388824462902,9.471940040588493],[123.38361358642601,9.471110343933105],[123.38361358642601,9.470560073852766],[123.38333129882835,9.47027969360363],[123.38333129882835,9.469719886779785],[123.383056640625,9.469440460205135],[123.383056640625,9.469169616699446],[123.38276672363327,9.468890190124569],[123.38276672363327,9.468609809875431],[123.3822174072269,9.468059539794922],[123.3822174072269,9.467780113220215],[123.38194274902344,9.467499732971248],[123.38194274902344,9.467220306396598],[123.38166809082031,9.466939926147461],[123.38166809082031,9.46527957916254],[123.3813934326173,9.46500015258789],[123.3813934326173,9.464440345764217],[123.37993621826172,9.462989807128906],[123.37991333007858,9.462960243225211],[123.37966156005905,9.4627103805542],[123.37944793701172,9.462499618530387],[123.37944793701172,9.46222019195551],[123.3791732788086,9.461939811706543],[123.3791732788086,9.461669921875],[123.37889099121094,9.461389541626033],[123.37889099121094,9.460559844970817],[123.37860870361328,9.46028041839594],[123.37860870361328,9.459879875183162],[123.37860870361328,9.459440231323356],[123.37832641601608,9.459170341491813],[123.37832641601608,9.458889961242619],[123.3780517578125,9.458609580993652],[123.37812042236328,9.458569526672363],[123.3780670166019,9.458149909973145],[123.37803649902344,9.45769023895258],[123.37795257568405,9.45728015899681],[123.3778228759769,9.456939697265682],[123.37777709960949,9.456669807434082],[123.37750244140659,9.456390380859602],[123.37750244140659,9.455829620361328],[123.37722015380871,9.455559730529728],[123.37722015380871,9.455280303955078],[123.376953125,9.454999923706112],[123.376953125,9.454719543457145],[123.37666320800827,9.454449653625602],[123.37666320800827,9.454170227050895],[123.37610626220737,9.45361042022705],[123.37610626220737,9.453330039978084],[123.3752670288086,9.452500343322697],[123.3752670288086,9.45221996307373],[123.37391662597656,9.4508695602417],[123.37361145019577,9.450559616088867],[123.37361145019577,9.450119972229231],[123.373611450196,9.449999809265194],[123.37335968017578,9.449749946594409],[123.37333679199219,9.449720382690543],[123.37333679199219,9.449440002441577],[123.37304687500068,9.449170112609806],[123.37304687500068,9.44888973236084],[123.37252044677734,9.448360443115348],[123.37249755859375,9.448329925537394],[123.37249755859375,9.44806003570585],[123.37227630615303,9.447839736938704],[123.37222290039108,9.447779655456486],[123.37222290039108,9.44771003723173],[123.37222290039108,9.44721984863304],[123.3719482421875,9.446940422058162],[123.3719482421875,9.446390151977653],[123.37167358398449,9.446100234985352],[123.37167358398449,9.445830345153809],[123.37139129638729,9.445830345153809],[123.37082672119197,9.44528007507347],[123.37055206298851,9.44528007507347],[123.37014770507824,9.444869995117358],[123.37000274658237,9.444720268249455],[123.37000274658237,9.444439888000488],[123.36943054199253,9.443900108337402],[123.36943054199253,9.443840026855753],[123.36945343017578,9.443610191345272],[123.36853790283237,9.442709922790641],[123.3683319091798,9.442500114440918],[123.3683319091798,9.442219734191951],[123.36694335937545,9.440830230712947],[123.36672973632824,9.440830230712947],[123.36666870117188,9.440830230712947],[123.36554718017624,9.439720153808594],[123.36554718017624,9.439439773559627],[123.36499786376964,9.438890457153548],[123.36499786376964,9.43861007690441],[123.36444091796886,9.438059806823674],[123.36444091796886,9.437780380249023],[123.36416625976585,9.4375],[123.36416625976585,9.43721961975109],[123.36389160156295,9.436940193176383],[123.36389160156295,9.436849594116211],[123.36389160156295,9.436389923095703],[123.36360931396484,9.436109542846737],[123.36360931396484,9.43583011627203],[123.36305236816406,9.43527984619152],[123.36305236816406,9.435000419616642],[123.36250305175827,9.43443965911888],[123.36138916015636,9.433329582214355],[123.36123657226597,9.433329582214355],[123.36110687255882,9.433329582214355],[123.36028289794956,9.432499885559139],[123.36028289794956,9.4321804046632],[123.36028289794956,9.43194961547863],[123.3597564697269,9.431429862976074],[123.35944366455124,9.431110382080135],[123.35930633544967,9.431110382080135],[123.35916900634766,9.431110382080135],[123.35887908935592,9.430820465087834],[123.35778045654342,9.429719924926815],[123.35778045654342,9.429439544677848],[123.3566665649414,9.428330421447754],[123.3566665649414,9.428059577941895],[123.35556793212925,9.426959991455192],[123.35527801513683,9.42667007446289],[123.35527801513683,9.426589965820312],[123.35527801513683,9.426389694213924],[123.35360717773472,9.424719810485897],[123.35340118408249,9.424510002136174],[123.35285186767578,9.423959732055664],[123.35270690918003,9.423819541931266],[123.35243225097679,9.423540115356388],[123.35236358642578,9.423509597778434],[123.35167694091842,9.43389034271246],[123.35205841064499,9.446680068969727],[123.35164642333996,9.456469535827864],[123.35070037841808,9.485079765320052],[123.35050201416027,9.488719940185774],[123.35257720947311,9.497969627380428],[123.3537216186528,9.503319740295467],[123.35472106933616,9.508819580078182],[123.35533905029297,9.510939598083553],[123.35854339599655,9.518679618835563],[123.360107421875,9.523110389709473],[123.36549377441429,9.537929534912337],[123.36885070800827,9.547280311584586],[123.36921691894554,9.5486097335816],[123.37065124511741,9.551779747009391],[123.3712387084961,9.553449630737362],[123.37349700927768,9.559080123901367],[123.37403869628906,9.560629844665527],[123.37452697753918,9.564909934997615],[123.37473297119152,9.567850112915096],[123.37713623046898,9.575510025024528],[123.3823699951173,9.592240333557186],[123.38298034668003,9.59430980682373],[123.39048767089866,9.61569976806652],[123.39304351806652,9.622440338134822],[123.40773010253918,9.615220069885254],[123.42373657226574,9.607210159301701],[123.433387756348,9.60214996337902],[123.47041320800781,9.583180427551326],[123.47044372558594,9.583049774169922],[123.47045135498092,9.583009719848633],[123.47032165527389,9.582530021667537],[123.47016906738281,9.581970214843864],[123.47029113769543,9.581259727478027],[123.47003936767578,9.580670356750545],[123.46980285644543,9.580050468444881],[123.46968078613281,9.579400062561035],[123.469482421875,9.57880020141613],[123.46939086914062,9.578300476074276],[123.46936798095749,9.578180313110465],[123.46930694580124,9.578029632568473],[123.46914672851574,9.577599525451774],[123.46887207031273,9.577079772949219],[123.46861267089878,9.576580047607422],[123.46836853027355,9.576109886169434],[123.46817016601608,9.575650215148926],[123.46806335449219,9.575180053710938],[123.46795654296875,9.574749946594295],[123.46784973144565,9.574370384216309],[123.46775817871094,9.574020385742188],[123.46762084960949,9.573719978332463],[123.4675064086914,9.57343006134056],[123.46740722656295,9.573129653930664],[123.46724700927746,9.572870254516545],[123.46714782714878,9.572569847107047],[123.46701049804688,9.572259902954215],[123.46698760986328,9.57184028625511],[123.46701049804688,9.57133007049572],[123.46675109863293,9.57089996337902],[123.46658325195335,9.570750236511344],[123.46637725830112,9.570579528808594],[123.46597290039062,9.570340156555176],[123.46576690673828,9.56995964050293],[123.46555328369186,9.569580078124943],[123.46527862548828,9.569210052490462],[123.46499633789097,9.568849563598746],[123.4647674560548,9.568490028381348],[123.46460723876987,9.568110466003532],[123.46440124511764,9.567810058593807],[123.46418762207043,9.567540168762264],[123.46405029296875,9.56725025177002],[123.46391296386741,9.566980361938477],[123.46378326416061,9.566690444946516],[123.46360015869152,9.56641006469738],[123.46341705322277,9.566209793090763],[123.46336364746094,9.566129684448242],[123.4630737304692,9.565839767456112],[123.4627914428711,9.565520286560172],[123.46250915527378,9.565170288086051],[123.46222686767578,9.56482028961193],[123.46219635009788,9.564769744873047],[123.4619827270509,9.564459800720215],[123.46163940429688,9.564160346984977],[123.46119689941406,9.56394004821783],[123.460693359375,9.563830375671444],[123.46028137207065,9.563610076904297],[123.45995330810547,9.563349723816032],[123.45964813232456,9.563070297241211],[123.45935821533203,9.562789916992188],[123.45906066894577,9.562509536743221],[123.45873260498047,9.562239646911678],[123.45867156982445,9.562190055847282],[123.45836639404331,9.561969757080305],[123.45803833007812,9.561690330505485],[123.45778656005871,9.561470031738338],[123.45773315429733,9.56140995025629],[123.45747375488281,9.561149597168082],[123.45722961425815,9.56089973449707],[123.45702362060558,9.560620307922363],[123.45686340332054,9.560299873352108],[123.45665740966831,9.559969902038574],[123.4564437866211,9.559650421142635],[123.45625305175781,9.559300422668514],[123.45614624023483,9.559000015258789],[123.45613098144531,9.558950424194393],[123.45604705810547,9.558589935302848],[123.45584869384766,9.558340072631836],[123.45561981201195,9.558070182800293],[123.45527648925781,9.55778026580822],[123.4550476074221,9.557550430297908],[123.45471954345703,9.557220458984375],[123.45471954345703,9.557040214538688],[123.45471954345703,9.556949615478516],[123.45464324951183,9.556859970093],[123.4546127319336,9.556839942932072],[123.45443725585983,9.556670188903865],[123.45443725585983,9.556389808654842],[123.45417022705112,9.556110382080192],[123.45417022705112,9.555830001831055],[123.45388793945324,9.555560111999512],[123.45388793945324,9.555279731750488],[123.45361328125023,9.555000305176009],[123.45361328125023,9.554439544677734],[123.45333099365257,9.554169654846135],[123.45333099365257,9.55333042144781],[123.45276641845749,9.552780151367301],[123.45276641845749,9.549220085144157],[123.45275878906273,9.549169540405273],[123.45249938964844,9.548890113830566],[123.45249938964844,9.5486097335816],[123.45221710205112,9.54833030700695],[123.45221710205112,9.548060417175407],[123.45207214355503,9.547909736633414],[123.45194244384766,9.547780036926213],[123.45172882080078,9.54734992980957],[123.45134735107422,9.546990394592342],[123.45088958740234,9.546669960022086],[123.4504165649414,9.546369552612532],[123.449951171875,9.546050071716422],[123.44949340820324,9.54572963714594],[123.44905853271484,9.54539012908947],[123.44869232177734,9.545029640197754],[123.44834136962902,9.544719696044922],[123.44830322265625,9.544679641723633],[123.44803619384766,9.544429779052791],[123.44777679443371,9.54411983489996],[123.44750213623081,9.543749809265137],[123.44719696044933,9.54331016540533],[123.44687652587925,9.542770385742244],[123.4465484619144,9.542169570922795],[123.44621276855469,9.541540145874023],[123.44584655761764,9.541090011596793],[123.4457931518557,9.541029930114803],[123.44538116455078,9.540559768676985],[123.44502258300815,9.540140151977539],[123.44474792480491,9.539730072021428],[123.44458770751987,9.539319992065657],[123.44445037841831,9.538960456848258],[123.44435119628918,9.538629531860408],[123.44420623779331,9.538330078125],[123.44405364990246,9.538009643554744],[123.44391632080078,9.537639617919865],[123.44384002685547,9.537170410156193],[123.44364166259766,9.53666973114008],[123.44348144531261,9.536089897155705],[123.4433364868164,9.535490036010799],[123.44316864013672,9.534810066223088],[123.44297790527344,9.534339904785156],[123.44293975830101,9.534259796142578],[123.44275665283203,9.533769607543888],[123.44255065917991,9.533359527588118],[123.4424667358403,9.533089637756575],[123.4424285888673,9.532979965209961],[123.44223785400402,9.532679557800293],[123.44203948974655,9.532360076904297],[123.44181823730469,9.531990051269645],[123.44148254394543,9.531660079956112],[123.44111633300793,9.531339645385856],[123.44075012207077,9.531040191650447],[123.44033813476574,9.530779838562012],[123.43993377685592,9.530489921569881],[123.43946838378906,9.530229568481502],[123.4390869140625,9.529959678649902],[123.43905639648472,9.529939651489371],[123.43876647949219,9.529520034790096],[123.43852996826206,9.529100418090877],[123.43830108642578,9.528719902038574],[123.43810272216831,9.528389930725211],[123.4380111694336,9.52803993225109],[123.43786621093761,9.527759552001953],[123.43771362304722,9.527469635009822],[123.43762969970703,9.527299880981388],[123.43755340576172,9.527139663696289],[123.43740081787132,9.526740074157772],[123.4372329711914,9.526309967041072],[123.43710327148449,9.525850296020565],[123.43697357177734,9.525420188904036],[123.43685913085938,9.52503967285162],[123.43670654296886,9.524689674377498],[123.43663024902378,9.52429008483898],[123.43646240234375,9.523880004882812],[123.4364013671875,9.523380279541016],[123.4363632202153,9.522870063781795],[123.43620300292969,9.522439956665266],[123.43614196777355,9.522049903869686],[123.4361190795903,9.521679878234863],[123.43608856201172,9.521400451660156],[123.43607330322288,9.521289825439453],[123.4358901977539,9.520870208740234],[123.43567657470737,9.520429611206282],[123.43551635742188,9.520259857177848],[123.43547821044956,9.520219802856559],[123.43530273437523,9.520059585571289],[123.4349594116211,9.519749641418457],[123.43486022949253,9.519680023193473],[123.43446350097702,9.519189834594954]]]]}},{"type":"Feature","properties":{"ID_0":177,"ISO":"PHL","NAME_0":"Philippines","ID_1":25,"NAME_1":"Cebu","ID_2":477,"NAME_2":"Pinamungahan","NL_NAME_2":null,"VARNAME_2":null,"TYPE_2":"Bayan|Munisipyo","ENGTYPE_2":"Municipality","PROVINCE":"Cebu","REGION":"Central Visayas (Region VII)"},"geometry":{"type":"Polygon","coordinates":[[[123.68348693847656,10.264080047607479],[123.68064117431686,10.260880470275879],[123.67845916748047,10.259229660034123],[123.67561340332065,10.255339622497615],[123.66348266601608,10.237750053405875],[123.65699768066452,10.23260974884056],[123.65544128417969,10.230939865112362],[123.65381622314487,10.2289400100708],[123.65184783935592,10.2269802093507],[123.65061950683605,10.225460052490234],[123.64968109130893,10.223469734191951],[123.64849090576172,10.22196006774925],[123.6466217041019,10.220270156860352],[123.64465332031295,10.217670440673828],[123.64447784423862,10.217459678650016],[123.64219665527344,10.214300155639705],[123.6368637084961,10.206219673156738],[123.63213348388706,10.199620246887434],[123.63102722167969,10.198209762573185],[123.618202209473,10.204640388488883],[123.61643218994175,10.205539703369254],[123.61570739746094,10.205929756164608],[123.61370849609386,10.206999778747502],[123.61113739013683,10.208930015563965],[123.6070175170903,10.211350440979231],[123.60469818115234,10.212599754333496],[123.60196685791016,10.214189529418945],[123.6001663208009,10.215180397033748],[123.59828186035168,10.216050148010254],[123.59571075439476,10.217269897461051],[123.59127044677734,10.218970298767204],[123.58924102783203,10.219809532165527],[123.58442687988281,10.222290039062443],[123.582763671875,10.22321987152094],[123.58148193359386,10.223990440368652],[123.57985687255871,10.225079536437931],[123.57845306396507,10.225859642028922],[123.57791900634766,10.226619720458984],[123.5775299072269,10.227689743042049],[123.57660675048828,10.228540420532454],[123.57594299316418,10.230330467224121],[123.5754623413086,10.231369972229231],[123.57512664794922,10.232999801635799],[123.57438659667969,10.233909606933537],[123.57346343994152,10.234040260315169],[123.57296752929688,10.23400020599388],[123.57243347168003,10.234720230102482],[123.57240295410156,10.235329627990723],[123.57234954834007,10.235969543457145],[123.57235717773483,10.236689567565918],[123.57240295410156,10.237079620361328],[123.57244873046898,10.237540245056152],[123.57270812988293,10.238699913024902],[123.57283020019554,10.239230155944881],[123.5729370117192,10.23972034454357],[123.5727767944336,10.240349769592342],[123.57253265380871,10.240750312805176],[123.57232666015636,10.241200447082747],[123.57205200195347,10.241789817810115],[123.57219696044922,10.243040084838867],[123.57247924804688,10.243969917297363],[123.57259368896484,10.244239807128906],[123.57272338867199,10.244560241699332],[123.57340240478538,10.245169639587402],[123.57401275634766,10.245719909668082],[123.57431030273438,10.245949745178166],[123.57454681396507,10.245940208435059],[123.57476043701172,10.246359825134277],[123.57476043701172,10.247050285339412],[123.5747222900394,10.247759819030762],[123.57467651367188,10.248120307922477],[123.57450103759766,10.248519897461165],[123.57440948486374,10.249010086059684],[123.57421875000045,10.249460220336914],[123.57409667968784,10.24993991851818],[123.57409667968784,10.250470161437988],[123.57393646240234,10.250960350036678],[123.57389831543003,10.251500129699934],[123.57395172119175,10.25203990936285],[123.57415771484398,10.25242996215843],[123.57444763183616,10.252779960632552],[123.57444763183616,10.253060340881348],[123.5749969482423,10.253609657287598],[123.5749969482423,10.253890037536735],[123.57527923583996,10.254170417785872],[123.57527923583996,10.254440307617244],[123.57554626464889,10.254719734191951],[123.57631683349655,10.25590038299572],[123.57666778564453,10.256660461425781],[123.57673645019554,10.256779670715332],[123.5770187377932,10.257209777832031],[123.57716369628906,10.257630348205566],[123.57716369628906,10.258009910583553],[123.57716369628906,10.258179664611816],[123.57729339599621,10.259380340576115],[123.57729339599621,10.260829925537166],[123.57731628418014,10.260919570922852],[123.57750701904342,10.261799812317122],[123.57778167724632,10.26200008392334],[123.57833862304722,10.262350082397461],[123.57848358154331,10.262419700622786],[123.57882690429699,10.262559890747184],[123.57917785644577,10.26276016235363],[123.57924652099643,10.262969970703125],[123.5793914794923,10.263190269470272],[123.57952880859375,10.263380050659293],[123.57967376709018,10.263799667358512],[123.57994842529308,10.264010429382381],[123.58001708984375,10.264080047607479],[123.58009338378906,10.264080047607479],[123.5802230834961,10.263799667358512],[123.58036041259788,10.263589859008789],[123.58051300048874,10.263440132141113],[123.5805816650394,10.26344966888422],[123.58099365234375,10.26344966888422],[123.5811004638673,10.26352977752697],[123.58119964599643,10.263589859008789],[123.58155059814453,10.263730049133358],[123.58197021484409,10.263870239257756],[123.58231353759766,10.264149665832633],[123.58238220214844,10.264280319213924],[123.58238220214844,10.265089988708723],[123.58238220214844,10.265390396118278],[123.58223724365246,10.265729904174748],[123.58223724365246,10.26642990112299],[123.58223724365246,10.266630172729606],[123.58217620849632,10.267259597778548],[123.58223724365246,10.267669677734318],[123.58245849609398,10.2681503295899],[123.58265686035202,10.268360137939453],[123.58273315429722,10.26856994628912],[123.58287048339878,10.268850326538143],[123.58287048339878,10.270299911498967],[123.58307647705078,10.270779609680233],[123.5831527709961,10.271200180053825],[123.5831527709961,10.271369934082031],[123.5831527709961,10.271889686584416],[123.58307647705078,10.272009849548454],[123.582763671875,10.272560119628963],[123.58255767822288,10.272919654846191],[123.58242034912155,10.273269653320312],[123.58225250244152,10.273539543151855],[123.58222198486374,10.273619651794434],[123.58212280273438,10.27383995056175],[123.58190917968784,10.274089813232422],[123.58159637451195,10.27433013916027],[123.58139801025425,10.274519920349064],[123.58126831054733,10.274640083313102],[123.58114624023472,10.275159835815487],[123.58114624023472,10.275679588317871],[123.58116912841797,10.276229858398551],[123.58142852783203,10.276960372924918],[123.58154296875,10.277569770812988],[123.58157348632824,10.277709960937557],[123.58155059814453,10.278499603271484],[123.58167266845714,10.279170036316032],[123.58178710937523,10.279809951782227],[123.5820083618164,10.280340194702205],[123.58216094970737,10.280750274658146],[123.58217620849632,10.280810356140194],[123.58217620849632,10.28125],[123.58197784423851,10.281620025634822],[123.58174133300781,10.28195953369152],[123.5816421508789,10.282360076904354],[123.58173370361328,10.28283977508545],[123.58188629150413,10.283379554748535],[123.58197021484409,10.283949851989803],[123.5819320678711,10.28450965881342],[123.5818481445317,10.285079956054688],[123.58183288574219,10.285630226135197],[123.58186340332043,10.285750389099235],[123.58194732666016,10.286109924316463],[123.58180236816406,10.28715038299572],[123.58173370361328,10.28732967376709],[123.5814208984375,10.288009643554744],[123.58101654052768,10.288920402526799],[123.58075714111374,10.289500236511174],[123.58013153076217,10.291359901428166],[123.57922363281295,10.292889595031966],[123.57874298095726,10.293370246887207],[123.57858276367188,10.293580055236873],[123.57833099365246,10.2939195632934],[123.57833099365246,10.294719696044922],[123.57861328125011,10.295000076293888],[123.5790405273442,10.296039581298828],[123.57959747314476,10.297360420226994],[123.58071136474621,10.299079895019588],[123.58196258544956,10.300120353698844],[123.5832214355471,10.30136966705345],[123.58434295654308,10.302129745483512],[123.58489227294967,10.303299903869686],[123.58528137207077,10.30558013916027],[123.58528137207077,10.305839538574219],[123.58528137207077,10.306110382080021],[123.58556365966797,10.306460380554142],[123.5858383178711,10.307359695434684],[123.58598327636741,10.307490348815918],[123.58603668212936,10.307840347290039],[123.58603668212936,10.308529853821028],[123.58598327636741,10.30887985229515],[123.58535003662143,10.309639930725211],[123.58506774902344,10.3098402023316],[123.58471679687511,10.310119628906477],[123.58444213867222,10.310529708862418],[123.58415985107433,10.311019897460938],[123.58402252197266,10.311499595642204],[123.583740234375,10.311849594116325],[123.58339691162121,10.31233024597168],[123.58297729492188,10.312609672546387],[123.58268737792969,10.312890052795524],[123.58242034912155,10.313300132751465],[123.58235168457065,10.313710212707633],[123.58235168457065,10.314129829406852],[123.58204650878918,10.314499855041504],[123.58178710937523,10.314889907836914],[123.58178710937523,10.315580368042049],[123.58200073242188,10.316069602966422],[123.58220672607422,10.316410064697209],[123.58228302001999,10.31676006317133],[123.58228302001999,10.317649841308537],[123.58213806152344,10.318070411682129],[123.58186340332043,10.318690299987793],[123.58164978027389,10.319310188293457],[123.5814437866211,10.319589614868278],[123.58087921142578,10.320280075073185],[123.57997894287132,10.321390151977539],[123.57984924316406,10.321450233459586],[123.57972717285156,10.322059631347656],[123.57964324951172,10.322739601135481],[123.57952880859375,10.323450088500977],[123.57967376709018,10.32411003112793],[123.57977294921886,10.324740409851188],[123.57997131347668,10.32526969909668],[123.58001708984375,10.325400352478141],[123.5801467895509,10.325750350952262],[123.58017730712936,10.325860023498649],[123.58032226562545,10.3262300491333],[123.58035278320324,10.326299667358455],[123.5804214477539,10.326470375061035],[123.58051300048874,10.326680183410758],[123.58059692382812,10.326999664306868],[123.58064270019554,10.327159881591797],[123.58068084716797,10.327280044555664],[123.58070373535202,10.327340126037654],[123.58080291748047,10.327630043029785],[123.58087158203125,10.328120231628645],[123.58103942871094,10.328579902648983],[123.58114624023472,10.329099655151367],[123.58139801025425,10.329589843750057],[123.58171844482456,10.330069541931152],[123.5820922851567,10.330479621887264],[123.5824432373048,10.330880165100098],[123.582763671875,10.331310272216797],[123.58306884765625,10.331789970398063],[123.58338928222668,10.332300186157454],[123.58367156982433,10.332880020141658],[123.58396148681652,10.333479881286621],[123.5841903686528,10.334099769592285],[123.58444976806675,10.3346204757691],[123.58470153808639,10.334989547729492],[123.58489227294967,10.33528995513916],[123.58544158935547,10.335519790649471],[123.58599853515625,10.336830139160384],[123.58656311035179,10.338279724121094],[123.5868377685548,10.338970184326172],[123.58738708496105,10.339870452880803],[123.58788299560581,10.340559959411621],[123.58815765380871,10.340840339660588],[123.58834075927746,10.340959548950138],[123.59929656982422,10.332150459289608],[123.61280059814499,10.321940422058105],[123.61622619628952,10.319780349731559],[123.62394714355491,10.314999580383358],[123.63110351562545,10.310689926147575],[123.63744354248047,10.306260108947754],[123.63822937011753,10.305660247802791],[123.64234161376964,10.302680015564022],[123.64974975585983,10.297060012817496],[123.65139770507847,10.295579910278263],[123.65886688232422,10.28985977172863],[123.66632843017578,10.283619880676213],[123.67475891113293,10.276289939880371],[123.68580627441418,10.267620086669922],[123.68348693847656,10.264080047607479]]]}},{"type":"Feature","properties":{"ID_0":177,"ISO":"PHL","NAME_0":"Philippines","ID_1":25,"NAME_1":"Cebu","ID_2":479,"NAME_2":"Ronda","NL_NAME_2":null,"VARNAME_2":null,"TYPE_2":"Bayan|Munisipyo","ENGTYPE_2":"Municipality","PROVINCE":"Cebu","REGION":"Central Visayas (Region VII)"},"geometry":{"type":"Polygon","coordinates":[[[123.46278381347656,9.976360321044922],[123.45931243896496,9.9760103225708],[123.45498657226562,9.976409912109489],[123.44978332519565,9.976710319519043],[123.44680786132858,9.977069854736442],[123.44529724121105,9.977219581603947],[123.441162109375,9.977849960327262],[123.43586730957065,9.978590011596737],[123.43182373046875,9.979129791259822],[123.42838287353516,9.979260444641113],[123.42362976074219,9.979630470275936],[123.4188385009769,9.980199813842717],[123.41660308837925,9.980890274047852],[123.41565704345726,9.981280326843262],[123.41259765625034,9.982080459594783],[123.41162109375,9.9824800491333],[123.4101028442384,9.983110427856559],[123.40838623046886,9.984250068664608],[123.4073867797855,9.984900474548567],[123.40554046630893,9.98620986938488],[123.40519714355469,9.986359596252385],[123.40381622314487,9.986590385437125],[123.40283966064453,9.986630439758414],[123.40222167968795,9.986669540405217],[123.40222167968795,9.98750019073492],[123.40194702148438,9.98777961730957],[123.40194702148438,9.988059997558537],[123.40165710449264,9.98832988739008],[123.40155029296898,9.988940238952637],[123.40132141113281,9.989649772643986],[123.4012832641605,9.990340232849121],[123.4015274047855,9.99071979522705],[123.40173339843773,9.990799903869629],[123.40196228027344,9.990900039672908],[123.4022369384769,9.991220474243164],[123.40249633789085,9.991570472717285],[123.40277099609386,9.991939544677848],[123.40297698974632,9.992300033569393],[123.40303039550781,9.992369651794547],[123.4032211303711,9.992890357971191],[123.40339660644531,9.993459701538313],[123.40348052978516,9.993599891662711],[123.40371704101574,9.994000434875716],[123.40409088134777,9.994469642639217],[123.40505218505871,9.995539665222282],[123.40519714355469,9.996040344238395],[123.40554046630893,9.99713039398199],[123.40602874755882,9.997890472412053],[123.40625762939453,9.998330116272086],[123.40632629394531,9.99845981597906],[123.40659332275402,9.99907016754156],[123.40750122070312,10],[123.40772247314464,10.000280380249023],[123.40778350830078,10.000280380249023],[123.40778350830078,10.000829696655273],[123.40860748291038,10.001669883728084],[123.40882110595703,10.002909660339412],[123.4088821411134,10.0035400390625],[123.40888977050804,10.003609657287654],[123.40888977050804,10.003890037536621],[123.40860748291038,10.004170417785758],[123.40944671630871,10.005000114440975],[123.40944671630871,10.005559921264592],[123.40915679931675,10.005829811096135],[123.40915679931675,10.006110191345329],[123.40833282470749,10.006939888000488],[123.40825653076172,10.008270263671818],[123.4086532592778,10.008709907531795],[123.40875244140625,10.00918960571289],[123.40882110595703,10.009480476379451],[123.40888977050804,10.009849548339844],[123.40888977050804,10.010160446166992],[123.40888977050804,10.011300086975211],[123.40886688232433,10.011529922485465],[123.408729553223,10.012889862060604],[123.4086532592778,10.013580322265739],[123.40863037109375,10.013830184936523],[123.40873718261719,10.01414966583252],[123.4088363647461,10.014430046081657],[123.4088592529298,10.014749526977596],[123.40875244140625,10.015210151672477],[123.40870666503952,10.015339851379451],[123.4085464477539,10.015769958496094],[123.40830993652355,10.016320228576603],[123.40804290771484,10.016719818115348],[123.40801239013706,10.016759872436637],[123.40766906738281,10.017100334167594],[123.40730285644531,10.017459869384822],[123.40696716308605,10.017880439758414],[123.40666961669933,10.01834964752203],[123.40638732910168,10.01881027221691],[123.4061508178711,10.019269943237418],[123.40595245361328,10.019740104675407],[123.40573883056663,10.020239830017204],[123.405517578125,10.020790100097713],[123.40532684326172,10.02136039733898],[123.40534210205112,10.02196979522705],[123.40556335449219,10.022529602050895],[123.4058303833009,10.023059844970646],[123.40605926513706,10.0235595703125],[123.40624237060581,10.0240097045899],[123.40637969970714,10.02439975738531],[123.40646362304688,10.024780273437727],[123.4066314697269,10.025119781494254],[123.40672302246094,10.025480270385799],[123.40689849853516,10.025810241699332],[123.40691375732422,10.025870323181152],[123.40693664550827,10.026180267333984],[123.40695190429699,10.026590347290153],[123.40695953369152,10.027070045471248],[123.40701293945347,10.027569770813216],[123.40715789794933,10.028019905090446],[123.40724945068393,10.02844047546381],[123.40737915039108,10.028779983520508],[123.4074935913086,10.029100418090934],[123.40756225585983,10.029470443725586],[123.40778350830078,10.029809951782283],[123.40802764892601,10.030229568481559],[123.40825653076172,10.030759811401367],[123.40853118896518,10.031299591064453],[123.40886688232433,10.031760215759277],[123.40915679931675,10.032259941101074],[123.40944671630871,10.032790184021053],[123.40959930419922,10.03308963775629],[123.41007995605469,10.033639907837028],[123.41062164306686,10.03477954864502],[123.41081237793014,10.035320281982422],[123.42485809326172,10.028710365295353],[123.4307632446289,10.02595043182373],[123.43740081787132,10.023079872131404],[123.44843292236328,10.01807022094738],[123.45745086669922,10.013919830322266],[123.4684219360355,10.008830070495833],[123.48916625976574,9.999119758605957],[123.49114990234375,9.998189926147461],[123.50813293457031,9.991200447082633],[123.50443267822277,9.981920242309798],[123.49963378906295,9.981439590454045],[123.49472808837936,9.980779647827148],[123.49009704589889,9.979969978332463],[123.4847412109375,9.97926998138422],[123.47968292236362,9.978380203247013],[123.47807312011719,9.97821044921875],[123.4746322631836,9.97772026062006],[123.46916198730491,9.97710990905773],[123.46278381347656,9.976360321044922]]]}},{"type":"Feature","properties":{"ID_0":177,"ISO":"PHL","NAME_0":"Philippines","ID_1":25,"NAME_1":"Cebu","ID_2":480,"NAME_2":"Samboan","NL_NAME_2":null,"VARNAME_2":null,"TYPE_2":"Bayan|Munisipyo","ENGTYPE_2":"Municipality","PROVINCE":"Cebu","REGION":"Central Visayas (Region VII)"},"geometry":{"type":"Polygon","coordinates":[[[123.30120086669956,9.46039962768549],[123.30058288574253,9.46033954620367],[123.30046844482422,9.46088981628418],[123.30020141601597,9.461449623108024],[123.29981231689487,9.461890220642147],[123.29955291748092,9.462349891662654],[123.29949951171898,9.46282958984375],[123.29940032958996,9.463270187378043],[123.29924011230503,9.46370983123802],[123.29914855957031,9.46420001983654],[123.29900360107433,9.46465015411377],[123.29884338378952,9.465060234069881],[123.29866790771518,9.465450286865462],[123.29842376708996,9.465800285339412],[123.29837036132812,9.466270446777344],[123.29834747314487,9.466580390930176],[123.29833221435558,9.466739654541016],[123.29826354980491,9.46716022491455],[123.29814910888706,9.467519760131836],[123.29807281494163,9.467860221862793],[123.2980422973634,9.468230247497672],[123.29795074462902,9.468580245971737],[123.29779815673828,9.468939781189022],[123.2977523803711,9.46914005279541],[123.29769897460983,9.469349861145133],[123.29753112793003,9.469739913940543],[123.29750061035179,9.470149993896484],[123.29750061035179,9.470569610595703],[123.29747009277355,9.470959663391113],[123.29731750488327,9.471309661865234],[123.29720306396518,9.471679687500057],[123.29701995849632,9.472040176391602],[123.29695129394565,9.4724702835083],[123.29695129394565,9.472979545593262],[123.29694366455124,9.47301959991455],[123.29689788818371,9.473549842834473],[123.29670715332043,9.474140167236328],[123.29669952392624,9.47476959228527],[123.29667663574219,9.475379943847656],[123.29667663574219,9.475429534912223],[123.29666900634766,9.475939750671444],[123.29666900634766,9.476440429687557],[123.29666900634766,9.476909637451229],[123.29666900634766,9.477359771728459],[123.29666900634766,9.477829933166618],[123.29666900634766,9.478320121765137],[123.2966537475586,9.478819847106934],[123.29653167724621,9.4792995452882],[123.2964096069336,9.47974967956543],[123.29638671875034,9.480170249938965],[123.29638671875034,9.480560302734375],[123.29638671875034,9.480930328369197],[123.29638671875034,9.481329917907772],[123.29638671875034,9.481769561767578],[123.29638671875034,9.48223972320568],[123.29643249511753,9.4827299118042],[123.29663848876976,9.483200073242188],[123.29675292968795,9.483719825744686],[123.29667663574219,9.48423957824707],[123.29666900634766,9.48478984832758],[123.29666900634766,9.485369682312012],[123.29666900634766,9.485969543457088],[123.29667663574219,9.486559867858887],[123.29676055908237,9.487130165100325],[123.29691314697277,9.48760986328125],[123.29695129394565,9.488030433654785],[123.29699707031261,9.488349914550781],[123.29715728759766,9.488579750061035],[123.2972412109375,9.488880157470703],[123.29737854003918,9.489190101623535],[123.29749298095714,9.48954963684082],[123.29759216308616,9.489950180053825],[123.2977523803711,9.490340232849178],[123.29781341552734,9.490790367126408],[123.29798126220726,9.491220474243278],[123.29808807373092,9.49170970916748],[123.29823303222668,9.492090225219783],[123.29826354980491,9.492179870605469],[123.29830169677734,9.492509841919002],[123.29834747314487,9.49269008636469],[123.29833984375034,9.493220329284668],[123.29839324951172,9.493729591369629],[123.29856872558594,9.494190216064453],[123.29863739013683,9.494720458984432],[123.29882049560558,9.495240211486816],[123.29888153076172,9.49578952789301],[123.29888916015625,9.496370315551871],[123.29888153076172,9.49645042419445],[123.298866271973,9.496580123901424],[123.298866271973,9.496640205383414],[123.29885101318405,9.49695968627941],[123.29869842529297,9.49740982055664],[123.2986831665039,9.497540473938045],[123.29863739013683,9.497710227966309],[123.29860687255905,9.498089790344466],[123.29857635498047,9.498579978942985],[123.29843902587902,9.498909950256348],[123.29843139648449,9.498979568481673],[123.29828643798862,9.499409675598201],[123.29810333251987,9.499810218810978],[123.29810333251987,9.500300407409668],[123.29827117919967,9.500800132751522],[123.29840087890625,9.501279830932617],[123.29860687255905,9.501640319824332],[123.2987899780278,9.501959800720442],[123.2989501953125,9.502269744873274],[123.29905700683628,9.502420425415096],[123.29915618896484,9.50255012512207],[123.29927825927734,9.50288009643566],[123.29942321777389,9.50319957733177],[123.29945373535156,9.503569602966252],[123.29947662353527,9.503950119018555],[123.29965209960938,9.504289627075252],[123.2997436523442,9.504699707031364],[123.29985046386719,9.505129814148006],[123.29994201660202,9.505590438842887],[123.30000305175815,9.50607967376709],[123.30000305175815,9.50658988952631],[123.30000305175815,9.507120132446289],[123.30005645751987,9.507619857788086],[123.3002395629884,9.508069992065543],[123.30032348632858,9.508549690246582],[123.30048370361328,9.508979797363281],[123.30055236816429,9.509499549865836],[123.30062866210972,9.510049819946346],[123.30079650878906,9.51056957244873],[123.30079650878906,9.511079788207951],[123.30068969726562,9.51154994964611],[123.30058288574253,9.512029647827205],[123.30050659179733,9.512459754943848],[123.30032348632858,9.512780189514103],[123.30027770996094,9.513139724731559],[123.30027770996094,9.513569831848201],[123.30027770996094,9.514080047607479],[123.30027770996094,9.514659881592024],[123.30033111572277,9.515319824218807],[123.30050659179733,9.515879631042424],[123.30061340332031,9.51648998260498],[123.300819396973,9.517009735107536],[123.30098724365234,9.51753044128418],[123.3010864257817,9.518090248108024],[123.30116271972656,9.518690109252987],[123.30139160156284,9.519229888916072],[123.30166625976574,9.519720077514762],[123.30194091796875,9.520159721374569],[123.30217742919945,9.520540237426815],[123.30232238769531,9.520910263061467],[123.30238342285156,9.521039962768668],[123.30246734619186,9.521229743957633],[123.30254364013706,9.521479606628475],[123.30256652832031,9.521559715270996],[123.30272674560581,9.521820068359602],[123.30278015136719,9.52206039428711],[123.30280303955124,9.522120475769157],[123.30291748046909,9.522370338439941],[123.30303192138695,9.522649765014648],[123.30309295654297,9.522970199585075],[123.30326843261719,9.523280143737907],[123.30326080322266,9.523340225219727],[123.30332183837913,9.523690223693848],[123.30333709716797,9.524120330810547],[123.30332946777344,9.524570465087947],[123.30333709716797,9.524979591369572],[123.30338287353527,9.525360107421875],[123.30355072021484,9.525719642639274],[123.30359649658214,9.526169776916504],[123.30361175537155,9.526729583740348],[123.30364990234375,9.527339935302678],[123.30386352539074,9.527939796447981],[123.30393981933639,9.528329849243221],[123.30399322509811,9.528539657592717],[123.30417633056663,9.529029846191406],[123.30438995361362,9.529419898986816],[123.30449676513672,9.529840469360352],[123.30467224121094,9.530209541320914],[123.30471801757824,9.530639648437614],[123.30476379394577,9.531100273132438],[123.30494689941452,9.531519889831486],[123.30500030517578,9.53197956085205],[123.30500030517578,9.532440185546875],[123.30500030517578,9.532480239868164],[123.30499267578125,9.532730102539176],[123.30499267578125,9.53285980224615],[123.30494689941452,9.533229827880973],[123.30487060546875,9.533519744873104],[123.30476379394577,9.533780097961483],[123.30470275878952,9.53405952453619],[123.30457305908249,9.534370422363281],[123.3044204711914,9.534749984741268],[123.30428314208984,9.535200119018498],[123.30433654785168,9.535690307617188],[123.30442810058594,9.536190032959041],[123.30444335937534,9.53668022155773],[123.30448913574219,9.537170410156193],[123.30467987060547,9.537670135498047],[123.30471801757824,9.53810024261469],[123.3047332763673,9.538209915161133],[123.3047332763673,9.538769721984977],[123.3047332763673,9.539290428161621],[123.3047332763673,9.539779663086051],[123.3047332763673,9.540269851684513],[123.30471801757824,9.540760040283203],[123.3047332763673,9.541259765625057],[123.30476379394577,9.541749954223746],[123.30490875244152,9.542149543762434],[123.30499267578125,9.542539596557674],[123.30506134033203,9.542909622192496],[123.30522155761741,9.543219566345329],[123.30529022216808,9.543600082397404],[123.30538177490234,9.543970108032283],[123.30552673339889,9.544340133667106],[123.30555725097656,9.544779777527083],[123.30555725097656,9.545289993286133],[123.30560302734398,9.5458402633667],[123.30579376220726,9.546380043029785],[123.30586242675793,9.546979904174918],[123.3060073852539,9.547539710998535],[123.3061294555664,9.54811954498291],[123.30629730224643,9.54868030548107],[123.30641937255905,9.549260139465446],[123.30663299560558,9.549810409546126],[123.306678771973,9.550370216369629],[123.30674743652366,9.550900459289608],[123.306922912598,9.551349639892692],[123.30700683593761,9.551790237426815],[123.3071899414067,9.552129745483512],[123.30731964111351,9.552439689636344],[123.30747985839844,9.552700042724553],[123.30758666992199,9.552989959716854],[123.3077392578125,9.55325031280529],[123.30777740478527,9.55358982086176],[123.30779266357433,9.553640365600643],[123.30793762207031,9.553739547729492],[123.31945800781284,9.55313968658453],[123.32095336914074,9.553070068359432],[123.33645629882812,9.552700042724553],[123.37065124511741,9.551779747009391],[123.36921691894554,9.5486097335816],[123.36885070800827,9.547280311584586],[123.36549377441429,9.537929534912337],[123.360107421875,9.523110389709473],[123.35854339599655,9.518679618835563],[123.35533905029297,9.510939598083553],[123.35472106933616,9.508819580078182],[123.3537216186528,9.503319740295467],[123.35257720947311,9.497969627380428],[123.35050201416027,9.488719940185774],[123.34899139404308,9.485489845275822],[123.34754180908214,9.48307991027832],[123.34626007080078,9.480420112609977],[123.34523010253906,9.478910446167106],[123.34419250488327,9.477230072021484],[123.34374237060581,9.476619720458984],[123.34335327148472,9.476079940795842],[123.34229278564464,9.475069999694824],[123.34015655517578,9.472700119018555],[123.33802032470737,9.470660209655705],[123.33576202392578,9.469099998474121],[123.33299255371139,9.46753025054943],[123.331092834473,9.466739654541016],[123.32569885253918,9.465020179748592],[123.32512664794933,9.464839935302734],[123.3186492919923,9.462779998779524],[123.31778717041027,9.462490081787053],[123.31726837158203,9.462320327758789],[123.31659698486362,9.462200164794979],[123.31568908691418,9.462030410766715],[123.31376647949219,9.461930274963436],[123.31118774414108,9.46160984039318],[123.30120086669956,9.46039962768549]]]}},{"type":"Feature","properties":{"ID_0":177,"ISO":"PHL","NAME_0":"Philippines","ID_1":25,"NAME_1":"Cebu","ID_2":481,"NAME_2":"San Fernando","NL_NAME_2":null,"VARNAME_2":null,"TYPE_2":"Bayan|Munisipyo","ENGTYPE_2":"Municipality","PROVINCE":"Cebu","REGION":"Central Visayas (Region VII)"},"geometry":{"type":"Polygon","coordinates":[[[123.71996307373058,10.168410301208553],[123.7195968627932,10.168270111083984],[123.71952819824219,10.168279647827148],[123.7191772460942,10.168319702148438],[123.71875762939453,10.16829967498785],[123.71833801269565,10.168149948120174],[123.71827697753952,10.168120384216309],[123.7179107666019,10.167889595031738],[123.71750640869186,10.167550086975211],[123.71707916259811,10.167309761047363],[123.71669769287155,10.167289733886776],[123.71645355224632,10.166979789733944],[123.71610260009766,10.166700363159293],[123.7158203125,10.166560173034725],[123.71571350097656,10.166500091552678],[123.71543121337925,10.166339874267578],[123.71527099609375,10.16613960266119],[123.71523284912143,10.166090011596737],[123.7149429321289,10.165860176086653],[123.71456146240234,10.16569042205822],[123.71417999267578,10.165579795837516],[123.71383666992233,10.165519714355526],[123.71378326416038,10.165499687194938],[123.71357727050815,10.165399551391829],[123.71333312988315,10.165229797363395],[123.7130737304692,10.164979934692383],[123.71286010742188,10.164779663086165],[123.7128067016605,10.164730072021598],[123.71276092529331,10.164679527282715],[123.71243286132847,10.164369583129883],[123.71209716796875,10.164070129394645],[123.71177673339866,10.16380977630638],[123.71157073974621,10.163479804992676],[123.71145629882812,10.16310024261486],[123.71147155761753,10.162969589233398],[123.71151733398438,10.16265010833746],[123.71159362793014,10.162170410156364],[123.71153259277344,10.16170978546154],[123.71143341064453,10.161310195922852],[123.71141052246139,10.160929679870549],[123.71145629882812,10.160590171814022],[123.71150970458984,10.160470008850211],[123.71159362793014,10.16028022766119],[123.71160125732467,10.160010337829647],[123.71156311035168,10.159919738769474],[123.71145629882812,10.159760475158691],[123.7113265991211,10.159460067749137],[123.71109008789097,10.159150123596305],[123.71080017089855,10.158829689025879],[123.71048736572266,10.158550262451172],[123.71019744873047,10.158260345459098],[123.70993804931652,10.157959938049373],[123.70977020263695,10.157620429992676],[123.709716796875,10.157270431518612],[123.7096633911134,10.156940460205192],[123.70945739746105,10.156709671020451],[123.70894622802768,10.156519889831657],[123.70874023437545,10.156450271606502],[123.70852661132824,10.156310081481934],[123.70852661132824,10.156029701233138],[123.70860290527355,10.15569019317627],[123.70887756347702,10.155480384826717],[123.70897674560547,10.155369758606184],[123.70909118652355,10.155269622802734],[123.70942687988281,10.154999732971191],[123.70942687988281,10.15464973449707],[123.70937347412143,10.15429973602295],[123.70915985107422,10.153960227966422],[123.70894622802768,10.153679847717285],[123.70867156982422,10.153340339660758],[123.70867156982422,10.153129577636776],[123.70860290527355,10.152919769287223],[123.70845794677734,10.152850151062069],[123.7083206176759,10.152850151062069],[123.70803833007847,10.152919769287223],[123.70790100097656,10.15320014953636],[123.70768737792969,10.153409957885742],[123.70768737792969,10.154029846191406],[123.7076568603519,10.154210090637264],[123.70760345459018,10.154669761657772],[123.7074127197269,10.154979705810604],[123.70722198486362,10.155249595642147],[123.70700073242199,10.155449867248592],[123.70674133300781,10.155489921569881],[123.70646667480503,10.155360221862907],[123.70616149902344,10.155170440673885],[123.7058563232423,10.154879570007324],[123.70556640625034,10.154509544372672],[123.7052230834961,10.15419960021984],[123.7049026489259,10.153920173644963],[123.70462799072288,10.153679847717285],[123.70435333251999,10.153510093689192],[123.70401763916016,10.153349876403922],[123.703651428223,10.15320014953636],[123.70333099365234,10.152950286865178],[123.70300292968773,10.152640342712346],[123.70259857177746,10.15231990814209],[123.7021713256836,10.151980400085392],[123.70173645019543,10.151619911193904],[123.70142364501953,10.151189804077376],[123.70118713378929,10.150719642639217],[123.7010269165039,10.150239944457951],[123.70079040527378,10.149809837341309],[123.70066833496139,10.149680137634334],[123.70046997070312,10.14945030212408],[123.70012664794933,10.149109840393066],[123.69988250732422,10.148750305175838],[123.69967651367188,10.148360252380598],[123.6994400024414,10.148019790649471],[123.69917297363293,10.147640228271484],[123.69891357421875,10.147210121154785],[123.6986465454105,10.146759986877555],[123.69830322265636,10.146409988403263],[123.69795227050804,10.14612007141119],[123.69764709472668,10.145839691162223],[123.6973876953125,10.145540237426815],[123.69716644287143,10.1451997756958],[123.69699859619163,10.144840240478572],[123.69695281982422,10.144439697265739],[123.69695281982422,10.144049644470158],[123.69692993164097,10.143670082092399],[123.69687652587902,10.143289566040096],[123.6967163085942,10.142930030822868],[123.69657897949219,10.14253044128418],[123.69640350341831,10.142109870910588],[123.69624328613281,10.14171028137207],[123.69605255126953,10.14136028289795],[123.69583129882847,10.141110420227164],[123.69560241699219,10.140899658203125],[123.69554138183605,10.1408500671389],[123.69538879394577,10.140729904174862],[123.6951828002932,10.140620231628475],[123.69496917724621,10.140520095825195],[123.69474029541016,10.140310287475643],[123.6944580078125,10.139989852905387],[123.69416809082031,10.13955020904541],[123.69389343261719,10.139049530029297],[123.69361114501999,10.138569831848201],[123.6933364868164,10.13815975189209],[123.69307708740246,10.137820243835563],[123.69284820556686,10.137519836425838],[123.69270324707054,10.13718032836914],[123.69255065917969,10.136859893798885],[123.6924667358403,10.136509895324764],[123.69235229492222,10.136170387268123],[123.69219207763672,10.135840415954704],[123.69200134277344,10.13551044464117],[123.6913528442384,10.13494968414301],[123.69113922119186,10.134739875793514],[123.69113922119186,10.134539604187069],[123.69120788574253,10.134189605712947],[123.69120788574253,10.133640289306754],[123.69107055664097,10.133219718933162],[123.69046783447266,10.13185024261469],[123.69011688232456,10.131440162658748],[123.68977355957031,10.131070137023926],[123.68945312500011,10.130729675292912],[123.68920135498047,10.130410194396973],[123.68900299072266,10.130129814148006],[123.68887329101574,10.129989624023438],[123.68879699707054,10.129910469055176],[123.68860626220726,10.129719734191895],[123.68843841552734,10.129520416259766],[123.68834686279331,10.129269599914664],[123.68829345703136,10.128979682922363],[123.68818664550781,10.128950119018668],[123.68784332275413,10.128470420837402],[123.68734741210949,10.127980232238713],[123.68666076660156,10.127840042114315],[123.68637847900402,10.127639770507926],[123.6858901977539,10.127360343933049],[123.68554687500023,10.127079963684082],[123.68562316894543,10.126810073852539],[123.68617248535202,10.126950263977278],[123.68694305419967,10.127149581909237],[123.6876373291019,10.12722015380865],[123.68766021728516,10.12683010101324],[123.68760681152344,10.126680374145735],[123.6872329711914,10.126390457153263],[123.68675231933639,10.126529693603572],[123.68618774414074,10.126210212707576],[123.68604278564499,10.126179695129622],[123.68551635742188,10.126409530639705],[123.68521118164062,10.126689910888672],[123.68504333496105,10.12670993804943],[123.68460083007835,10.12660980224615],[123.68359375,10.126449584961165],[123.68316650390648,10.126500129699707],[123.68292999267624,10.126540184020996],[123.68253326416016,10.12674999237072],[123.68203735351608,10.127180099487362],[123.68215942382812,10.127949714660758],[123.68221282959007,10.128569602966422],[123.68199157714855,10.129480361938477],[123.68180084228527,10.129920005798454],[123.68138885498047,10.130339622497559],[123.68126678466842,10.130579948425407],[123.68063354492188,10.130929946899528],[123.67980957031284,10.13129997253418],[123.67870330810547,10.131569862365723],[123.67726898193405,10.131560325622615],[123.67590332031261,10.131819725036735],[123.67516326904342,10.132089614868278],[123.67414093017578,10.132439613342399],[123.6735076904298,10.133119583129883],[123.6735610961914,10.134519577026367],[123.67357635498047,10.135290145874023],[123.67328643798828,10.135860443115291],[123.6723022460942,10.136469841003532],[123.6713485717778,10.137089729309196],[123.67092132568405,10.137590408325309],[123.67076110839855,10.137999534606934],[123.67082977294922,10.138369560241756],[123.67096710205124,10.1387300491333],[123.67077636718795,10.139229774475154],[123.67027282714878,10.139949798584098],[123.66956329345703,10.140660285949764],[123.66928100585938,10.140959739685172],[123.66869354248081,10.141389846801815],[123.66757202148438,10.142379760742188],[123.66763305664062,10.142829895019588],[123.66768646240246,10.143250465393294],[123.66761779785179,10.143739700317326],[123.66010284423874,10.149290084839095],[123.6520462036134,10.154910087585506],[123.64270019531261,10.161069869995117],[123.64093780517578,10.162240028381348],[123.63675689697266,10.164930343628157],[123.61799621582031,10.175720214843864],[123.63102722167969,10.198209762573185],[123.63213348388706,10.199620246887434],[123.6368637084961,10.206219673156738],[123.64219665527344,10.214300155639705],[123.64447784423862,10.217459678650016],[123.64465332031295,10.217670440673828],[123.6466217041019,10.220270156860352],[123.64849090576172,10.22196006774925],[123.64968109130893,10.223469734191951],[123.65061950683605,10.225460052490234],[123.65184783935592,10.2269802093507],[123.65381622314487,10.2289400100708],[123.65544128417969,10.230939865112362],[123.65699768066452,10.23260974884056],[123.66348266601608,10.237750053405875],[123.681396484375,10.223819732666243],[123.70655059814453,10.20382022857666],[123.71465301513717,10.195249557495345],[123.72429656982422,10.184840202331543],[123.73105621337936,10.178339958190918],[123.73050689697266,10.178119659423771],[123.72926330566406,10.178050041198844],[123.72680664062545,10.176739692688045],[123.72653198242199,10.176460266113395],[123.72648620605503,10.176420211792106],[123.7255630493164,10.175559997558537],[123.72471618652355,10.174730300903377],[123.7241668701173,10.174320220947209],[123.72387695312534,10.174039840698242],[123.7232284545903,10.173150062561035],[123.72309875488293,10.17290019989025],[123.72293853759788,10.172599792480696],[123.72268676757812,10.172349929809513],[123.72238159179688,10.172169685363826],[123.72212982177734,10.171970367431754],[123.72190856933628,10.171770095825309],[123.72167205810558,10.171549797058162],[123.72139739990268,10.171270370483512],[123.72123718261719,10.171070098876896],[123.72112274169945,10.170920372009391],[123.72083282470726,10.170519828796387],[123.72057342529331,10.17008018493675],[123.72036743164108,10.16963005065918],[123.72035980224632,10.169580459594783],[123.72028350830078,10.169159889221191],[123.72019195556675,10.168729782104549],[123.71996307373058,10.168410301208553]]]}},{"type":"Feature","properties":{"ID_0":177,"ISO":"PHL","NAME_0":"Philippines","ID_1":25,"NAME_1":"Cebu","ID_2":485,"NAME_2":"Santander","NL_NAME_2":null,"VARNAME_2":null,"TYPE_2":"Bayan|Munisipyo","ENGTYPE_2":"Municipality","PROVINCE":"Cebu","REGION":"Central Visayas (Region VII)"},"geometry":{"type":"Polygon","coordinates":[[[123.34272003173874,9.417030334472656],[123.34224700927734,9.416769981384391],[123.34208679199264,9.416660308838004],[123.34184265136741,9.416489601135254],[123.34142303466797,9.416299819946289],[123.34105682373058,9.416060447692871],[123.34068298339878,9.4158296585083],[123.34058380126964,9.41576957702648],[123.34024047851608,9.415610313415641],[123.33968353271518,9.415510177612362],[123.33908843994186,9.415329933166504],[123.33844757080078,9.415229797363395],[123.33791351318371,9.414999961853084],[123.33740234375,9.414750099182129],[123.33690643310547,9.414549827575684],[123.3364486694336,9.414460182190169],[123.3360290527346,9.414440155029297],[123.33567047119175,9.41442012786871],[123.33538055419922,9.414250373840275],[123.33508300781295,9.414019584655705],[123.33458709716831,9.41388988494873],[123.33405303955078,9.413760185241756],[123.33352661132824,9.413599967956657],[123.33307647705101,9.41339969635004],[123.3326797485355,9.413169860839957],[123.33228302001964,9.4129896163941],[123.33187866210938,9.412719726562727],[123.33141326904342,9.412329673767147],[123.33084106445358,9.412289619445858],[123.3302230834961,9.412429809570256],[123.32959747314453,9.412440299987907],[123.32906341552757,9.412249565124625],[123.3285598754884,9.412130355835075],[123.32800292968761,9.41232013702404],[123.32742309570324,9.412449836731184],[123.32684326171886,9.412420272827148],[123.32626342773483,9.412529945373592],[123.32565307617188,9.412690162658691],[123.32502746582031,9.412810325622559],[123.32443237304688,9.412790298461971],[123.32385253906284,9.412779808044377],[123.32327270507847,9.412810325622559],[123.3226928710942,9.41294956207281],[123.32215118408203,9.41316032409668],[123.32158660888672,9.41331958770752],[123.32103729248081,9.413390159606934],[123.32055664062511,9.413570404052962],[123.32012939453125,9.413649559021223],[123.31976318359375,9.413820266723633],[123.31935119628906,9.41392993927002],[123.31893920898472,9.414110183715877],[123.31846618652355,9.414290428161735],[123.31793212890659,9.414469718933105],[123.3173828125,9.414679527282658],[123.31675720214855,9.414779663085938],[123.31617736816418,9.414999961853084],[123.31604766845703,9.415040016174373],[123.31562805175827,9.415180206298771],[123.31510925292969,9.415340423584098],[123.31458282470703,9.415390014648665],[123.31394958496094,9.41537952423107],[123.3134002685548,9.415610313415641],[123.31288146972656,9.4158296585083],[123.31234741210949,9.415989875793457],[123.31183624267612,9.416130065918026],[123.311317443848,9.416279792785701],[123.31079864501953,9.41637992858881],[123.31025695800793,9.4164199829101],[123.30972290039108,9.416430473327694],[123.30922698974632,9.416560173034668],[123.30879211425781,9.416769981384391],[123.30832672119186,9.416919708251953],[123.30783081054722,9.416950225830078],[123.30732727050804,9.416950225830078],[123.30682373046886,9.416939735412825],[123.30629730224643,9.416950225830078],[123.3057632446289,9.416950225830078],[123.30520629882847,9.416939735412825],[123.30464935302757,9.416890144348258],[123.30415344238293,9.4167098999024],[123.30361175537155,9.416669845581282],[123.30307006835938,9.416629791259993],[123.30255126953148,9.416469573974723],[123.3020477294923,9.416440010070858],[123.30158233642612,9.416649818420353],[123.30110931396496,9.416979789734114],[123.3007278442384,9.417480468750227],[123.30069732666061,9.417510032653922],[123.30030059814453,9.41814041137701],[123.30005645751987,9.418840408325252],[123.30008697509766,9.419549942016602],[123.30008697509766,9.420220375061149],[123.30001831054688,9.42088985443138],[123.30000305175815,9.42162990570074],[123.30000305175815,9.422389984130973],[123.30000305175815,9.423150062561035],[123.30000305175815,9.42389011383051],[123.30004119873047,9.424599647522086],[123.3002395629884,9.425230026245174],[123.3003387451173,9.425860404968262],[123.30053710937511,9.426389694213924],[123.30059051513672,9.426639556884709],[123.30063629150425,9.426910400390568],[123.30069732666061,9.427370071411133],[123.30063629150425,9.427760124206486],[123.30046844482422,9.428070068359318],[123.30032348632858,9.428370475769043],[123.30030822753906,9.428440093994197],[123.30029296875,9.428720474243164],[123.30030822753906,9.429129600525016],[123.30024719238315,9.429599761963118],[123.30014038085949,9.430089950561637],[123.30019378662143,9.430669784546012],[123.30027008056663,9.431269645690975],[123.3003387451173,9.431870460510368],[123.30045318603538,9.43245983123785],[123.30053710937511,9.433050155639705],[123.30059814453125,9.43362998962408],[123.3006515502932,9.43379020690918],[123.30077362060581,9.4341402053833],[123.30085754394531,9.43472957611084],[123.30100250244152,9.435319900512809],[123.30113220214889,9.435950279235897],[123.30133819580112,9.436579704284668],[123.30142974853516,9.437239646911621],[123.30162811279297,9.437820434570312],[123.30168914794933,9.438400268554688],[123.30182647705078,9.438890457153548],[123.30194854736328,9.439350128173885],[123.30209350585983,9.439789772033691],[123.30220031738281,9.44025993347168],[123.30222320556686,9.440799713134766],[123.30226135253918,9.441349983215275],[123.30245208740246,9.44186973571783],[123.30249786376953,9.442399978637809],[123.30249786376953,9.442950248718319],[123.30249786376953,9.443429946899414],[123.30249786376953,9.443499565124739],[123.3025131225586,9.444049835205078],[123.30254364013706,9.444609642028922],[123.30267333984409,9.445150375366325],[123.30271911621105,9.445710182189998],[123.30254364013706,9.446249961853084],[123.30249786376953,9.44682979583763],[123.30249786376953,9.447400093078727],[123.3025131225586,9.447910308838118],[123.30256652832031,9.448390007019043],[123.30256652832031,9.448900222778263],[123.3025131225586,9.449480056762638],[123.30249786376953,9.450139999389592],[123.30246734619186,9.450830459594727],[123.30230712890625,9.451539993286246],[123.30201721191406,9.452239990234489],[123.30190277099655,9.452939987182674],[123.30172729492222,9.453519821167106],[123.30162811279297,9.453989982605208],[123.30171966552768,9.454509735107422],[123.30164337158203,9.455069541931266],[123.30143737792969,9.455699920654354],[123.30140686035179,9.456310272216854],[123.30140686035179,9.45674991607666],[123.30126953125045,9.45707988739025],[123.30111694335949,9.457400321960506],[123.30094146728561,9.457679748535156],[123.30082702636753,9.457989692687988],[123.30092620849621,9.458450317382812],[123.30095672607456,9.458869934082259],[123.30084991455078,9.45923995971674],[123.30077362060581,9.459719657898006],[123.30059051513672,9.460249900817985],[123.30058288574253,9.46033954620367],[123.30120086669956,9.46039962768549],[123.31118774414108,9.46160984039318],[123.31376647949219,9.461930274963436],[123.31568908691418,9.462030410766715],[123.31659698486362,9.462200164794979],[123.31726837158203,9.462320327758789],[123.31778717041027,9.462490081787053],[123.3186492919923,9.462779998779524],[123.32512664794933,9.464839935302734],[123.32569885253918,9.465020179748592],[123.331092834473,9.466739654541016],[123.33299255371139,9.46753025054943],[123.33576202392578,9.469099998474121],[123.33802032470737,9.470660209655705],[123.34015655517578,9.472700119018555],[123.34229278564464,9.475069999694824],[123.34335327148472,9.476079940795842],[123.34374237060581,9.476619720458984],[123.34419250488327,9.477230072021484],[123.34523010253906,9.478910446167106],[123.34626007080078,9.480420112609977],[123.34754180908214,9.48307991027832],[123.34899139404308,9.485489845275822],[123.35050201416027,9.488719940185774],[123.35070037841808,9.485079765320052],[123.35164642333996,9.456469535827864],[123.35205841064499,9.446680068969727],[123.35167694091842,9.43389034271246],[123.35236358642578,9.423509597778434],[123.35196685791016,9.423350334167594],[123.35157775878929,9.423130035400447],[123.35119628906273,9.422860145568904],[123.3508529663086,9.422579765319938],[123.35051727294933,9.422309875488395],[123.35016632080112,9.42212009429943],[123.34985351562523,9.421910285949707],[123.34953308105514,9.421660423279036],[123.34913635253906,9.421389579773006],[123.34867858886719,9.421110153198356],[123.3481674194336,9.420800209045524],[123.34767913818405,9.420450210571403],[123.34721374511719,9.420100212097282],[123.34671783447311,9.41979026794445],[123.34620666503918,9.419520378112907],[123.34584808349632,9.419119834899902],[123.34552764892624,9.418720245361555],[123.34519195556686,9.418390274047795],[123.34478759765636,9.418120384216252],[123.34430694580112,9.41784954071045],[123.34375000000023,9.417619705200138],[123.34365844726585,9.41757965087885],[123.34336090087925,9.417420387268066],[123.34320831298828,9.417349815368596],[123.34272003173874,9.417030334472656]]]}},{"type":"Feature","properties":{"ID_0":177,"ISO":"PHL","NAME_0":"Philippines","ID_1":25,"NAME_1":"Cebu","ID_2":486,"NAME_2":"Sibonga","NL_NAME_2":null,"VARNAME_2":null,"TYPE_2":"Bayan|Munisipyo","ENGTYPE_2":"Municipality","PROVINCE":"Cebu","REGION":"Central Visayas (Region VII)"},"geometry":{"type":"Polygon","coordinates":[[[123.62006378173862,10.075070381164778],[123.63546752929699,10.06110954284668],[123.6355209350586,10.061289787292708],[123.63562774658249,10.060429573059196],[123.63549041748092,10.059740066528548],[123.63520812988281,10.058770179748592],[123.63430023193405,10.057740211486816],[123.6338119506836,10.057040214538574],[123.63346862793003,10.056699752807617],[123.63269805908237,10.056349754333496],[123.63214111328148,10.056220054626522],[123.63194274902378,10.056079864501953],[123.63157653808616,10.05601024627697],[123.63115692138672,10.05601024627697],[123.63088226318371,10.056280136108512],[123.63088226318371,10.05655956268322],[123.63102722167969,10.057040214538574],[123.63172149658203,10.057530403137264],[123.63249206542969,10.057869911193961],[123.63276672363327,10.05801010131836],[123.63324737548828,10.058289527893066],[123.6338119506836,10.058770179748592],[123.63408660888672,10.059880256652946],[123.6341476440432,10.060420036315861],[123.63423156738315,10.061260223388672],[123.63388061523438,10.061120033264274],[123.63355255126964,10.060870170593262],[123.63353729248092,10.060429573059196],[123.63343048095703,10.060199737548942],[123.63333892822311,10.060040473938102],[123.63320159912155,10.059789657592773],[123.63295745849655,10.059479713439941],[123.63272857666016,10.059269905090446],[123.6324615478519,10.05910968780529],[123.63215637207031,10.058919906616325],[123.63178253173828,10.058739662170467],[123.63139343261719,10.058549880981445],[123.63104248046875,10.058320045471191],[123.63073730468784,10.058239936828613],[123.6304702758789,10.05830001831066],[123.6303176879884,10.058320045471191],[123.63020324707031,10.058309555053938],[123.62991333007858,10.058219909668082],[123.62959289550815,10.05801010131836],[123.62924194335938,10.057689666748274],[123.62890625000023,10.057290077209586],[123.62863159179733,10.056819915771428],[123.62860107421886,10.056309700012207],[123.62882995605503,10.055850028991642],[123.62901306152389,10.055439949035701],[123.62908935546898,10.055000305175724],[123.62908172607456,10.05442047119152],[123.62947845459007,10.053950309753418],[123.63009643554733,10.05348014831543],[123.63021850585972,10.053079605102596],[123.62999725341797,10.052680015564079],[123.62978363037143,10.05222034454357],[123.62934112548874,10.05177021026617],[123.6291275024414,10.051300048828352],[123.62895202636764,10.050939559936637],[123.62875366210938,10.050680160522688],[123.6285629272461,10.050430297851506],[123.62831878662143,10.050200462341422],[123.62803649902355,10.049920082092285],[123.62774658203159,10.049570083618164],[123.62741088867188,10.049220085144043],[123.62706756591808,10.048919677734375],[123.62673187255893,10.048660278320426],[123.62648010253952,10.048419952392521],[123.6262435913086,10.048159599304313],[123.62616729736362,10.04794979095459],[123.6262435913086,10.04784965515148],[123.62629699707043,10.047760009765568],[123.62674713134766,10.047570228576774],[123.62696838378918,10.047269821167049],[123.62715148925781,10.046979904174805],[123.6272201538086,10.046669960021973],[123.62722778320312,10.04636001586914],[123.627197265625,10.046039581298885],[123.6271133422855,10.045740127563477],[123.62696838378918,10.045499801635799],[123.62686157226608,10.045220375061263],[123.62670898437523,10.044980049133414],[123.6266708374028,10.044670104980582],[123.62666320800827,10.044340133666992],[123.62663269042969,10.043999671936035],[123.62645721435547,10.043700218200797],[123.6262435913086,10.04341983795166],[123.62612915039074,10.043100357055664],[123.62605285644531,10.042779922485408],[123.62590026855514,10.04251956939703],[123.6258468627932,10.042240142822493],[123.62583923339878,10.041959762573356],[123.62590026855514,10.041680335998478],[123.62605285644531,10.041390419006404],[123.62609863281295,10.041069984436149],[123.62605285644531,10.040719985962028],[123.62581634521484,10.040360450744629],[123.6255569458009,10.039939880371037],[123.6253280639653,10.039460182189941],[123.62518310546898,10.038940429687614],[123.62497711181652,10.038450241088924],[123.62480926513717,10.03804969787609],[123.62474060058594,10.037579536437931],[123.6247329711914,10.037179946899414],[123.6247329711914,10.036840438842717],[123.6247329711914,10.036520004272461],[123.6247329711914,10.036190032959098],[123.62470245361351,10.035840034484977],[123.62461853027389,10.035479545593262],[123.62448120117188,10.035120010376033],[123.62439727783214,10.03477954864502],[123.62423706054733,10.03450012207037],[123.62404632568405,10.034259796142692],[123.62378692626953,10.034049987792969],[123.6235504150394,10.033800125122298],[123.6233062744144,10.033470153808594],[123.62333679199219,10.033329963684196],[123.62304687500045,10.033060073852596],[123.62304687500045,10.032779693603459],[123.62286376953136,10.03258037567133],[123.62277984619175,10.032500267028809],[123.62277984619175,10.032290458679427],[123.62277984619175,10.032219886779842],[123.62229919433605,10.031740188598746],[123.62167358398438,10.031109809875488],[123.62167358398438,10.030830383300781],[123.62139129638706,10.030559539794922],[123.62124633789074,10.029999732971305],[123.62139129638706,10.029439926147461],[123.62139129638706,10.028610229492244],[123.62167358398438,10.028329849243278],[123.62167358398438,10.028059959411735],[123.62194824218795,10.027779579162598],[123.62167358398438,10.02750015258789],[123.62167358398438,10.027339935302791],[123.62167358398438,10.026940345764274],[123.62139129638706,10.026670455932674],[123.62139129638706,10.026390075683537],[123.62123107910156,10.026229858398438],[123.62110900878906,10.02610969543457],[123.62110900878906,10.02556037902832],[123.62107086181675,10.025400161743391],[123.62095642089855,10.02511024475092],[123.62088012695347,10.024709701538143],[123.62090301513672,10.024230003357047],[123.62103271484375,10.023750305175781],[123.6212387084961,10.023360252380371],[123.62139129638706,10.023059844970646],[123.62169647216797,10.022749900817814],[123.62194824218795,10.02250003814703],[123.62194824218795,10.021940231323356],[123.62191009521496,10.021610260009822],[123.62178802490234,10.02118968963623],[123.62169647216797,10.020640373230037],[123.6216812133789,10.02003002166748],[123.62172698974621,10.019430160522575],[123.62188720703125,10.01891040802002],[123.62187957763672,10.018440246582031],[123.62172698974621,10.01803016662609],[123.62167358398438,10.01764011383051],[123.62167358398438,10.017279624938965],[123.62165832519554,10.016909599304313],[123.62158966064487,10.016530036926326],[123.62143707275402,10.016139984130973],[123.62135314941418,10.015720367431868],[123.62122344970703,10.015359878540153],[123.62114715576183,10.015009880066032],[123.6211624145509,10.014619827270451],[123.62113189697311,10.014240264892692],[123.62110900878906,10.01389026641857],[123.62113952636764,10.01360034942627],[123.62110137939453,10.013349533081168],[123.62100219726608,10.01307010650629],[123.62090301513672,10.012740135193098],[123.62082672119175,10.012780189514217],[123.62082672119175,10.01249980926525],[123.62062835693393,10.01171970367443],[123.62059020996105,10.011340141296444],[123.62055969238327,10.011030197143612],[123.62027740478516,10.01056003570568],[123.62027740478516,10.00971984863304],[123.62027740478516,10.009099960327376],[123.62035369873047,10.008749961853084],[123.62027740478516,10.008330345153865],[123.62027740478516,10.007780075073299],[123.62055206298828,10.007499694824332],[123.62055206298828,10.006950378417912],[123.62082672119175,10.006669998168945],[123.62082672119175,10.005829811096135],[123.62035369873047,10.005350112915096],[123.62000274658214,10.005000114440975],[123.62000274658214,10.004199981689453],[123.62000274658214,10.003890037536621],[123.61972045898449,10.003609657287654],[123.61972045898449,10.002779960632438],[123.6188888549807,10.001939773559798],[123.61878967285179,10.001669883728084],[123.61859893798851,10.001409530639648],[123.61840057373081,10.00121021270752],[123.61815643310581,10.001070022582951],[123.61794281005905,10.000929832458553],[123.61770629882858,10.000860214233398],[123.6174468994144,10.000809669494743],[123.61717987060592,10.000709533691406],[123.61686706543003,10.000579833984432],[123.61653137207031,10.000450134277287],[123.61614990234375,10.000349998474348],[123.61614227294922,10.0002698898316],[123.61611175537143,10],[123.61621856689476,9.999179840088004],[123.61605072021518,9.998539924621582],[123.61604309082077,9.998490333557356],[123.61576843261719,9.997449874877987],[123.61554718017601,9.996809959411564],[123.61531066894531,9.996439933777083],[123.61527252197311,9.996339797973633],[123.61515808105503,9.996009826660213],[123.61502838134811,9.995559692382812],[123.61499786376953,9.995039939880485],[123.61504364013683,9.99448013305664],[123.61511993408203,9.994299888610954],[123.61515808105503,9.994210243225098],[123.61525726318371,9.993949890136832],[123.61549377441406,9.993419647216854],[123.61579895019577,9.99297046661377],[123.61598968505905,9.992650032043514],[123.61607360839844,9.992509841918945],[123.61638641357433,9.992079734802246],[123.61669921875023,9.991649627685547],[123.61695098876964,9.991169929504451],[123.6172103881836,9.99069976806652],[123.61726379394554,9.990650177001953],[123.61746978759766,9.990300178527832],[123.61763000488315,9.989899635315169],[123.61766815185547,9.989850044250602],[123.61786651611328,9.989569664001408],[123.6181869506836,9.989330291748047],[123.61830139160168,9.988949775695744],[123.6180419921875,9.988260269165153],[123.6181106567384,9.987810134887752],[123.61839294433628,9.987440109252873],[123.61868286132824,9.986989974975643],[123.61858367919956,9.986379623413143],[123.61872863769565,9.98573970794672],[123.61903381347702,9.985179901123104],[123.61947631835983,9.984729766845646],[123.62000274658214,9.984310150146598],[123.62055969238327,9.983889579773063],[123.62110900878906,9.983480453491211],[123.62164306640659,9.98307037353527],[123.62209320068405,9.98262023925787],[123.622352600098,9.98206996917736],[123.62239074707043,9.982040405273494],[123.62268066406261,9.981630325317326],[123.62299346923851,9.98118972778326],[123.62333679199219,9.980770111083984],[123.62365722656273,9.980360031128043],[123.62397766113281,9.979960441589355],[123.62419128418014,9.979550361633414],[123.62438964843761,9.979180335998535],[123.62447357177734,9.978919982910156],[123.62451171875023,9.978779792785758],[123.6246795654298,9.97836971282959],[123.62478637695324,9.977910041809082],[123.6248168945317,9.977820396423397],[123.62494659423874,9.977450370788517],[123.62500762939499,9.977000236511287],[123.62506866455112,9.976619720459212],[123.62525177001964,9.97632980346674],[123.62545013427768,9.976039886474666],[123.62557983398483,9.975689888000716],[123.62547302246116,9.975219726562557],[123.62507629394565,9.974729537963867],[123.62476348876999,9.974200248718205],[123.62448883056652,9.973690032958984],[123.62419128418014,9.973239898681754],[123.62390899658203,9.972789764404354],[123.62367248535202,9.972279548645076],[123.62346649169945,9.971710205078125],[123.62338256835938,9.971039772033748],[123.62323760986374,9.970689773559627],[123.62303924560592,9.970520019531193],[123.62286376953136,9.970359802246094],[123.62270355224632,9.970190048218],[123.62267303466808,9.970159530639705],[123.62252807617233,9.969920158386458],[123.62249755859386,9.969610214233626],[123.62249755859386,9.969240188598633],[123.62251281738304,9.96881961822504],[123.62249755859386,9.968350410461369],[123.6224822998048,9.968219757080135],[123.62245178222656,9.967880249023438],[123.62223815917969,9.967470169067496],[123.62201690673862,9.967089653015194],[123.62191009521496,9.96669960021984],[123.62171173095749,9.966360092163143],[123.62165069580101,9.966039657592887],[123.62165069580101,9.965880393982047],[123.6210098266605,9.966139793395996],[123.61411285400402,9.967729568481445],[123.6136398315432,9.967840194702148],[123.60888671875,9.968939781189079],[123.59577178955124,9.971529960632267],[123.58309936523449,9.974390029907227],[123.57669830322311,9.975799560546989],[123.55832672119163,9.980059623718319],[123.55621337890659,9.980420112609863],[123.53925323486351,9.984270095825309],[123.52892303466797,9.986370086669979],[123.51653289794933,9.989270210266227],[123.50813293457031,9.991200447082633],[123.51429748535156,10.004079818725586],[123.51761627197311,10.0110502243042],[123.51976013183594,10.014980316162166],[123.52629089355491,10.028450012207145],[123.53296661376976,10.041950225830021],[123.53529357910156,10.045860290527287],[123.54692077636719,10.06149959564209],[123.54810333251964,10.063420295715389],[123.55084991455078,10.065750122070312],[123.55844879150425,10.076189994812069],[123.57852172851574,10.095939636230526],[123.59413146972656,10.08882999420166],[123.59854888916027,10.086700439453125],[123.61483764648483,10.07787036895752],[123.62006378173862,10.075070381164778]]]}},{"type":"Feature","properties":{"ID_0":177,"ISO":"PHL","NAME_0":"Philippines","ID_1":25,"NAME_1":"Cebu","ID_2":490,"NAME_2":"Talisay City","NL_NAME_2":null,"VARNAME_2":null,"TYPE_2":"Lungsod|Siyudad","ENGTYPE_2":"City","PROVINCE":"Cebu","REGION":"Central Visayas (Region VII)"},"geometry":{"type":"Polygon","coordinates":[[[123.791259765625,10.328450202941838],[123.803466796875,10.326339721679915],[123.81204986572266,10.327260017395133],[123.81244659423874,10.326910018921012],[123.81317901611328,10.326939582824707],[123.81411743164062,10.327839851379508],[123.8144683837894,10.328229904174918],[123.81494903564464,10.328419685363883],[123.81655883789074,10.327260017395133],[123.81720733642624,10.32691955566412],[123.81802368164108,10.326669692993107],[123.81849670410179,10.327139854431266],[123.81880950927768,10.327790260314885],[123.81902313232422,10.328080177307356],[123.81951141357433,10.328180313110295],[123.82067108154308,10.32717037200922],[123.823486328125,10.324549674987907],[123.82450866699264,10.32161998748785],[123.82491302490268,10.320139884948787],[123.82405853271484,10.317259788513184],[123.82290649414062,10.315910339355582],[123.82241821289108,10.314160346984863],[123.82240295410179,10.312529563903809],[123.82164001464866,10.311240196228255],[123.8208465576173,10.309749603271484],[123.82029724121105,10.308670043945426],[123.81974029541061,10.307359695434684],[123.82804107666016,10.296540260314941],[123.82967376709018,10.294380187988224],[123.83966827392601,10.283029556274414],[123.84130859375034,10.28054046630865],[123.84297943115246,10.279999732971248],[123.84394836425793,10.279230117797852],[123.84641265869152,10.279069900512752],[123.84812927246105,10.278249740600643],[123.84966278076183,10.276769638061637],[123.85057830810547,10.275830268859863],[123.85119628906261,10.274860382080078],[123.85180664062534,10.273859977722111],[123.85254669189499,10.27190017700201],[123.85282135009788,10.270560264587402],[123.85308837890636,10.269820213317871],[123.85339355468773,10.269399642944336],[123.85739135742222,10.266550064087028],[123.8618621826173,10.263930320739803],[123.86319732666027,10.263030052185172],[123.86428833007812,10.262559890747184],[123.86570739746139,10.261949539184684],[123.86766815185547,10.261859893798771],[123.87296295166061,10.262060165405387],[123.87561798095726,10.262129783630314],[123.87522125244152,10.261480331421012],[123.87460327148438,10.26072025299078],[123.87418365478538,10.260379791259766],[123.87381744384766,10.260169982910213],[123.8737564086914,10.260160446167106],[123.87354278564487,10.260100364685115],[123.87304687500023,10.260169982910213],[123.87214660644577,10.260169982910213],[123.8720092773442,10.260100364685115],[123.8718719482423,10.259889602661246],[123.8717269897461,10.259619712829704],[123.87138366699264,10.259129524231184],[123.8709411621096,10.25829029083252],[123.8706665039067,10.258040428161678],[123.87045288085949,10.257760047912711],[123.87026977539074,10.25745010375988],[123.87007904052746,10.257149696350154],[123.86917877197266,10.256580352783203],[123.868408203125,10.256509780883789],[123.86798858642601,10.256090164184513],[123.86736297607422,10.255399703979606],[123.86737823486374,10.254579544067383],[123.86718750000045,10.254240036010856],[123.86694335937523,10.253840446472168],[123.86666870117233,10.253390312194938],[123.86638641357422,10.25292015075695],[123.86609649658249,10.252440452575684],[123.86575317382812,10.252030372619743],[123.86533355712936,10.251709938049316],[123.86496734619175,10.251350402832088],[123.86470031738327,10.25090026855463],[123.86444091796909,10.2504301071167],[123.86438751220737,10.250309944152832],[123.86419677734409,10.24993991851818],[123.86412048339844,10.249440193176383],[123.86392974853516,10.24899959564209],[123.86377716064464,10.248550415039176],[123.8632965087894,10.248270034789982],[123.86290740966808,10.24794006347679],[123.86253356933628,10.247790336608887],[123.86210632324253,10.247730255127067],[123.86161041259766,10.247540473938102],[123.86100769043003,10.247500419616813],[123.86036682128952,10.247500419616813],[123.85975646972668,10.247500419616813],[123.85920715332043,10.247460365295524],[123.85877990722656,10.247260093688965],[123.85839080810547,10.247220039367676],[123.8580093383789,10.247209548950252],[123.85764312744186,10.247159957885799],[123.85732269287155,10.2469997406007],[123.85698699951172,10.24689960479742],[123.85690307617199,10.246850013732967],[123.85665893554688,10.246700286865462],[123.856239318848,10.246580123901424],[123.855712890625,10.246549606323299],[123.85505676269531,10.246620178222713],[123.85444641113304,10.246520042419434],[123.85392761230469,10.246370315551701],[123.8535385131836,10.246109962463493],[123.85323333740234,10.24584007263195],[123.85295104980503,10.245599746704045],[123.85265350341797,10.24540996551525],[123.85241699218761,10.245200157165527],[123.85222625732433,10.24495983123802],[123.85209655761719,10.244779586791992],[123.85204315185581,10.244709968566838],[123.85183715820312,10.244420051574764],[123.85163879394531,10.24405956268322],[123.8513412475586,10.24368953704834],[123.85096740722702,10.2433500289917],[123.85057830810547,10.243060111999739],[123.85018920898438,10.242770195007267],[123.84986114501964,10.242420196533203],[123.84976959228538,10.242199897766227],[123.84974670410168,10.242159843444938],[123.84966278076183,10.241939544677962],[123.84931182861374,10.241570472717228],[123.84896087646484,10.241209983825684],[123.84863281250023,10.240850448608455],[123.84832763671886,10.24046993255621],[123.84799194335972,10.240139961242619],[123.84760284423862,10.239970207214355],[123.84726715087902,10.23978042602539],[123.84697723388683,10.239729881286678],[123.84668731689453,10.239709854125977],[123.8463973999028,10.239640235900993],[123.8460922241211,10.239540100097713],[123.84574890136753,10.239459991455305],[123.84535980224621,10.239439964294434],[123.8449478149414,10.239399909973145],[123.8445434570317,10.2391996383667],[123.84403991699253,10.239029884338436],[123.84352874755905,10.238789558410758],[123.84306335449219,10.238439559936467],[123.84293365478516,10.23832988739025],[123.8426208496096,10.23803997039795],[123.84221649169933,10.237649917602539],[123.84185791015648,10.237319946289176],[123.84145355224621,10.237139701843489],[123.84111785888706,10.236949920654354],[123.84078979492222,10.236769676208496],[123.84043884277344,10.236630439758358],[123.84010314941452,10.2364501953125],[123.83966827392601,10.236359596252498],[123.83925628662121,10.236209869384993],[123.83882904052768,10.236080169677848],[123.83846282958984,10.235830307006836],[123.83811187744152,10.235560417175293],[123.8377609252932,10.235300064086857],[123.83740997314453,10.235039710998649],[123.83706665039074,10.234809875488338],[123.83689880371116,10.234439849853516],[123.83666992187545,10.234169960021973],[123.83638763427734,10.234439849853516],[123.83585357666038,10.234439849853516],[123.83557128906295,10.234829902648926],[123.83550262451172,10.235179901123047],[123.83557128906295,10.235320091247615],[123.83557128906295,10.235619544983024],[123.83557128906295,10.236149787902832],[123.83550262451172,10.236490249633789],[123.8354263305664,10.236630439758358],[123.83522033691406,10.23684024810791],[123.83500671386764,10.237050056457633],[123.83473205566406,10.23738956451416],[123.83467864990246,10.237799644470272],[123.83466339111328,10.23793983459484],[123.83466339111328,10.23890018463129],[123.83466339111328,10.238949775695914],[123.83466339111328,10.239259719848746],[123.83457183837936,10.239259719848746],[123.83445739746094,10.239259719848746],[123.83416748046875,10.239049911499023],[123.83416748046875,10.23843002319336],[123.83416748046875,10.237810134887695],[123.83424377441452,10.237460136413574],[123.83438873291027,10.23684024810791],[123.83445739746094,10.2362899780274],[123.83445739746094,10.234490394592399],[123.83438873291027,10.234419822692985],[123.83424377441452,10.234140396118278],[123.83403778076195,10.234009742736816],[123.83381652832043,10.234009742736816],[123.83326721191418,10.234560012817383],[123.8326416015625,10.23490047454834],[123.83187866210938,10.235320091247615],[123.83033752441406,10.235799789428711],[123.82922363281295,10.236080169677848],[123.82837677001953,10.236539840698185],[123.82743072509777,10.23684024810791],[123.82704925537121,10.236960411071777],[123.82537841796875,10.23723030090332],[123.82462310791016,10.237429618835392],[123.8232192993164,10.237790107727108],[123.82206726074219,10.237790107727108],[123.82099914550781,10.237790107727108],[123.82050323486374,10.237790107727108],[123.81918334960972,10.237850189208984],[123.81799316406261,10.237919807434082],[123.81638336181675,10.237990379333553],[123.81572723388695,10.23787975311285],[123.81520080566406,10.237790107727108],[123.81484985351597,10.237759590149153],[123.81458282470726,10.237739562988224],[123.81398010253918,10.23797988891613],[123.81395721435547,10.238380432128963],[123.81403350830112,10.23882007598877],[123.814697265625,10.239480018615666],[123.81516265869186,10.239890098571834],[123.81572723388695,10.240630149841309],[123.81617736816418,10.241720199584961],[123.81629943847679,10.2430801391601],[123.81593322753952,10.244489669799862],[123.81581878662132,10.24464035034191],[123.8155670166019,10.245490074157829],[123.81491851806686,10.24625015258789],[123.81429290771507,10.246649742126579],[123.81360626220714,10.246970176697005],[123.81298065185547,10.247579574585075],[123.81237792968784,10.248720169067383],[123.81227874755871,10.250049591064453],[123.81257629394554,10.25129032135004],[123.81211090087936,10.25236988067627],[123.81198883056675,10.25327014923107],[123.81236267089855,10.25426959991455],[123.81237792968784,10.25547027587885],[123.81179809570347,10.256600379943961],[123.811561584473,10.257559776306152],[123.81188201904308,10.259079933166618],[123.81263732910202,10.25994014740013],[123.8133773803711,10.260919570922852],[123.81358337402389,10.262089729309082],[123.8127593994144,10.264200210571516],[123.81214904785156,10.26546955108654],[123.81063842773438,10.26587963104248],[123.80959320068371,10.266440391540584],[123.80821228027344,10.267379760742244],[123.80715942382858,10.26801967620861],[123.80602264404331,10.268739700317383],[123.80547332763672,10.269550323486328],[123.79778289794933,10.281599998474121],[123.79354858398438,10.280690193176326],[123.78536987304699,10.287799835205021],[123.78340148925804,10.317270278930778],[123.78267669677734,10.325550079345817],[123.7846374511721,10.326009750366211],[123.78527832031261,10.326319694519043],[123.78897094726562,10.327719688415641],[123.7897872924807,10.32818984985363],[123.79057312011753,10.328370094299316],[123.791259765625,10.328450202941838]]]}},{"type":"Feature","properties":{"ID_0":177,"ISO":"PHL","NAME_0":"Philippines","ID_1":25,"NAME_1":"Cebu","ID_2":491,"NAME_2":"Toledo City","NL_NAME_2":null,"VARNAME_2":null,"TYPE_2":"Lungsod|Siyudad","ENGTYPE_2":"City","PROVINCE":"Cebu","REGION":"Central Visayas (Region VII)"},"geometry":{"type":"Polygon","coordinates":[[[123.68200683593761,10.451689720153922],[123.68286895751987,10.451169967651367],[123.6841812133789,10.451530456543082],[123.68534851074253,10.451549530029524],[123.68579101562545,10.450900077819824],[123.68567657470737,10.44976997375494],[123.68679046630882,10.44839954376232],[123.68858337402378,10.448579788208008],[123.68978881835938,10.447799682617188],[123.69116210937511,10.446840286254883],[123.69181060791016,10.446379661560002],[123.69249725341808,10.445460319519157],[123.69341278076172,10.445839881896916],[123.69465637207031,10.445210456848145],[123.69567108154297,10.444160461425781],[123.6960372924807,10.443739891052246],[123.69624328613281,10.442399978637809],[123.69605255126953,10.441599845886287],[123.69525146484386,10.440939903259505],[123.69509887695312,10.440670013427791],[123.69497680664074,10.440469741821346],[123.69589996337936,10.439040184021223],[123.69693756103516,10.43828010559082],[123.69728851318405,10.4379301071167],[123.69724273681686,10.437430381774902],[123.69721984863281,10.437179565429744],[123.69728088378929,10.435859680175895],[123.69789123535156,10.435250282287654],[123.69799804687545,10.434809684753532],[123.69815826416016,10.434189796447868],[123.6983413696289,10.434189796447868],[123.69940948486362,10.434189796447868],[123.70001220703125,10.433429718017805],[123.69986724853516,10.432209968566838],[123.7006607055664,10.430760383606014],[123.7008666992192,10.429900169372615],[123.70156860351585,10.429759979248047],[123.70240020751964,10.430500030517578],[123.70298004150402,10.430370330810604],[123.70304870605469,10.430350303649846],[123.7034912109375,10.4302597045899],[123.70484161376953,10.430640220642317],[123.70568847656295,10.43039989471447],[123.70568847656295,10.429409980773926],[123.70539093017601,10.428649902343693],[123.70546722412121,10.42753982543951],[123.70609283447266,10.427559852600098],[123.7066879272461,10.427579879760799],[123.70712280273438,10.42716026306158],[123.70807647705078,10.426980018615723],[123.7096633911134,10.427189826965389],[123.71056365966797,10.426429748535156],[123.71095275878906,10.426650047302303],[123.71159362793014,10.42667007446289],[123.71221160888672,10.426090240478459],[123.71293640136764,10.426600456237907],[123.71430969238281,10.427470207214412],[123.71528625488315,10.427470207214412],[123.7157669067384,10.42796993255638],[123.71633148193371,10.429249763488826],[123.71700286865268,10.42965030670166],[123.718017578125,10.430060386657772],[123.71839141845703,10.431269645690918],[123.71880340576183,10.431989669799918],[123.71961212158249,10.432680130004996],[123.720252990723,10.432740211486816],[123.72087860107422,10.43284988403326],[123.72168731689464,10.432530403137264],[123.72170257568405,10.43220043182373],[123.72138977050815,10.431650161743221],[123.72112274169945,10.43074989318859],[123.72123718261719,10.430210113525447],[123.72168731689464,10.429860115051326],[123.72236633300804,10.429789543152083],[123.72315216064453,10.429730415344181],[123.72382354736362,10.428609848022404],[123.72434997558605,10.427570343017692],[123.72553253173862,10.426779747009277],[123.72676849365234,10.42704963684082],[123.72814178466842,10.426230430603084],[123.72894287109398,10.424980163574332],[123.72956848144531,10.424249649047908],[123.73033142089844,10.424460411071777],[123.73075866699241,10.42508983612072],[123.73127746582031,10.425180435180891],[123.73171234130882,10.424309730529785],[123.7320327758789,10.423139572143555],[123.73264312744175,10.422989845275879],[123.73297119140659,10.421739578247127],[123.73417663574253,10.4205904006958],[123.73509979248047,10.419500350952148],[123.73590850830101,10.419260025024471],[123.73695373535179,10.419540405273438],[123.7379302978519,10.42020034790039],[123.73858642578125,10.419659614562988],[123.73964691162143,10.41975021362316],[123.74104309082065,10.419699668884277],[123.74189758300793,10.418979644775504],[123.74211120605514,10.418549537658805],[123.74215698242188,10.417650222778263],[123.74252319335938,10.416720390319767],[123.74217987060581,10.415769577026424],[123.74111938476574,10.414360046386662],[123.74044799804688,10.413120269775334],[123.74031829833984,10.41205024719244],[123.7406234741211,10.411149978637638],[123.74125671386719,10.409919738769645],[123.74195098876953,10.409290313720646],[123.74273681640625,10.408639907837028],[123.76119995117222,10.395979881286735],[123.76973724365246,10.39064025878912],[123.77027130126953,10.388279914856014],[123.77098846435581,10.385649681091365],[123.77153778076172,10.383000373840275],[123.7718887329105,10.379220008850154],[123.77194976806663,10.376790046691951],[123.77169036865268,10.372529983520565],[123.770263671875,10.37106990814209],[123.76761627197311,10.36824989318842],[123.7615966796875,10.360340118408203],[123.75618743896496,10.352230072021598],[123.75109100341831,10.343379974365291],[123.7456207275394,10.334589958190975],[123.75530242919922,10.312129974365462],[123.75546264648483,10.31128978729248],[123.75540161132812,10.3107204437257],[123.755126953125,10.310319900512695],[123.7545318603519,10.309690475464095],[123.74382781982467,10.30317020416254],[123.74289703369175,10.302439689636344],[123.74236297607433,10.301690101623535],[123.73523712158226,10.303569793701229],[123.72930908203136,10.304969787597884],[123.72409057617188,10.305749893188477],[123.71589660644531,10.297369956970329],[123.70110321044967,10.283519744873274],[123.69207000732422,10.274359703063965],[123.68721771240234,10.269729614257926],[123.68580627441418,10.267620086669922],[123.67475891113293,10.276289939880371],[123.66632843017578,10.283619880676213],[123.65886688232422,10.28985977172863],[123.65139770507847,10.295579910278263],[123.64974975585983,10.297060012817496],[123.64234161376964,10.302680015564022],[123.63822937011753,10.305660247802791],[123.63744354248047,10.306260108947754],[123.63110351562545,10.310689926147575],[123.62394714355491,10.314999580383358],[123.61622619628952,10.319780349731559],[123.61280059814499,10.321940422058105],[123.59929656982422,10.332150459289608],[123.58834075927746,10.340959548950138],[123.58857727050827,10.34111022949213],[123.58934783935581,10.341870307922363],[123.58956146240234,10.342200279235954],[123.58963012695312,10.342280387878532],[123.58976745605469,10.342769622802734],[123.58984375,10.343259811401595],[123.58997344970737,10.343669891357536],[123.59046173095714,10.34463977813732],[123.5907363891605,10.344849586486873],[123.5910873413086,10.34519004821783],[123.59130096435558,10.345470428466797],[123.59143829345749,10.345740318298397],[123.59158325195324,10.346090316772461],[123.59163665771518,10.346509933471907],[123.59213256835938,10.347399711608944],[123.59248352050781,10.347889900207633],[123.59310913085949,10.348099708557356],[123.59339141845703,10.348299980163574],[123.59394836425781,10.348919868469238],[123.59414672851562,10.349129676818961],[123.59436798095737,10.34926986694336],[123.59454345703136,10.349300384521541],[123.59471893310547,10.34934043884283],[123.5951309204105,10.349410057067928],[123.59533691406273,10.349550247192326],[123.59583282470737,10.349679946899471],[123.5960083007817,10.349740028381348],[123.59625244140625,10.349820137023869],[123.59674072265636,10.349889755249023],[123.59750366210949,10.349960327148494],[123.59792327880905,10.350029945373592],[123.5984802246096,10.350099563598746],[123.59895324707054,10.350410461425895],[123.59931945800815,10.350649833679256],[123.5998764038086,10.350930213928223],[123.60072326660202,10.351409912109318],[123.60140991210949,10.351900100708008],[123.60191345214866,10.35208988189703],[123.60195922851562,10.352120399475154],[123.60252380371094,10.352310180664176],[123.60324859619163,10.352789878845215],[123.60370635986362,10.352939605713118],[123.60434722900436,10.353199958801383],[123.60498809814487,10.353400230407942],[123.60552215576183,10.353670120239315],[123.60600280761753,10.353910446166992],[123.60635375976562,10.354100227356014],[123.60643005371094,10.354109764099121],[123.60688781738327,10.354220390319824],[123.6073379516605,10.354379653930664],[123.60778045654342,10.354490280151424],[123.60819244384777,10.354630470275993],[123.60858917236351,10.354789733886832],[123.60896301269543,10.355059623718375],[123.60933685302746,10.355299949646223],[123.6093978881836,10.355330467224178],[123.60948944091797,10.355409622192496],[123.6098403930664,10.355690002441463],[123.60994720459018,10.355779647827148],[123.61009979248058,10.355879783630598],[123.6103134155278,10.356019973754996],[123.61077880859398,10.356349945068416],[123.61121368408249,10.356659889221248],[123.61161041259777,10.35696983337408],[123.61196899414062,10.357290267944336],[123.61331176757858,10.358209609985408],[123.61341094970703,10.358280181884993],[123.61393737793014,10.35861968994152],[123.6141510009769,10.358969688415641],[123.61448669433605,10.359390258789176],[123.61463928222656,10.359939575195426],[123.61483001708984,10.360389709472656],[123.61485290527355,10.36044025421154],[123.61485290527355,10.361049652099553],[123.61505126953136,10.362079620361385],[123.61505126953136,10.363459587097282],[123.61525726318371,10.364020347595215],[123.61547088623092,10.364359855652083],[123.61575317382812,10.364569664001465],[123.61602783203148,10.364850044250602],[123.61644744873047,10.365119934082145],[123.61670684814453,10.365229606628418],[123.61694335937545,10.365329742431697],[123.61741638183594,10.365400314331112],[123.61784362792991,10.365400314331112],[123.6184692382817,10.365469932556266],[123.61930847167969,10.36553955078125],[123.61992645263706,10.365679740905819],[123.6204223632817,10.365880012512207],[123.62097930908214,10.366160392761174],[123.62146759033226,10.366439819336051],[123.6216812133789,10.366709709167594],[123.6219635009769,10.366849899291992],[123.6221694946289,10.366990089416731],[123.6224365234375,10.367270469665527],[123.62246704101608,10.367300033569563],[123.62251281738304,10.367400169372502],[123.62278747558628,10.367959976196516],[123.62300109863281,10.368860244750977],[123.62315368652355,10.369199752807845],[123.62348937988315,10.369890213012752],[123.62419128418014,10.37057971954357],[123.62452697753906,10.370929718017692],[123.62489318847679,10.37106990814209],[123.62502288818393,10.371139526367244],[123.62523651123047,10.371210098266829],[123.62621307373081,10.371430397033805],[123.62664031982422,10.371649742126465],[123.62703704833984,10.371919631958008],[123.62744903564464,10.372190475463867],[123.62783813476574,10.372449874878157],[123.62830352783214,10.37261962890625],[123.62847137451172,10.372699737548828],[123.62875366210938,10.372819900512638],[123.62906646728527,10.373000144958496],[123.62917327880871,10.373060226440543],[123.62944793701183,10.37324047088623],[123.62959289550815,10.373330116272086],[123.63004302978538,10.373609542846737],[123.63046264648438,10.373900413513127],[123.6308364868164,10.374170303344727],[123.63112640380893,10.374429702758846],[123.63140869140625,10.374620437622127],[123.6316604614259,10.37479019165039],[123.63191223144531,10.374979972839355],[123.63220214843795,10.375200271606502],[123.63265991210938,10.375300407409782],[123.63313293457031,10.375430107116927],[123.63343811035156,10.375679969787598],[123.63371276855469,10.375929832458553],[123.63400268554688,10.376210212707576],[123.63423919677757,10.376649856567383],[123.6346893310548,10.37714958190918],[123.63516235351562,10.3776597976684],[123.63571166992188,10.377829551696834],[123.63617706298828,10.378040313720703],[123.63662719726585,10.378259658813704],[123.63810729980514,10.379229545593319],[123.63844299316429,10.37944030761713],[123.63941955566406,10.38053989410406],[123.63977050781273,10.381930351257381],[123.63997650146484,10.382889747619743],[123.64005279541027,10.383549690246696],[123.64005279541027,10.383589744567985],[123.63999938964844,10.384160041809082],[123.63834381103538,10.38416957855236],[123.6377792358403,10.38471984863287],[123.6377792358403,10.38556003570568],[123.63694763183594,10.386389732361067],[123.63694763183594,10.386670112609863],[123.6372222900394,10.386940002441406],[123.6372222900394,10.387220382690373],[123.63749694824219,10.38749980926525],[123.63749694824219,10.387780189514388],[123.6377792358403,10.388059616088924],[123.6377792358403,10.388330459594727],[123.63804626464878,10.388609886169434],[123.63804626464878,10.38889026641857],[123.63834381103538,10.389169692993278],[123.63834381103538,10.38943958282482],[123.63861083984409,10.389719963073787],[123.63861083984409,10.390279769897404],[123.63889312744152,10.390560150146598],[123.63889312744152,10.391110420227278],[123.63916778564453,10.391389846801758],[123.63916778564453,10.391670227050781],[123.63970184326206,10.391880035400447],[123.64019012451172,10.392430305481014],[123.64095306396484,10.393260002136174],[123.64158630371116,10.395270347595215],[123.64151000976562,10.396220207214583],[123.64170837402344,10.396699905395508],[123.64193725585949,10.397219657898063],[123.64193725585949,10.397780418395996],[123.64221954345703,10.398059844970703],[123.64221954345703,10.399169921875057],[123.64250183105514,10.3994398117066],[123.64277648925781,10.3994398117066],[123.64305877685547,10.399720191955566],[123.64333343505893,10.399720191955566],[123.64363098144531,10.399419784545842],[123.64389038085983,10.399169921875057],[123.64389038085983,10.398329734802246],[123.6441574096682,10.398059844970703],[123.6441574096682,10.396389961242676],[123.64499664306652,10.396389961242676],[123.64527893066418,10.396670341491813],[123.64527893066418,10.396940231323185],[123.64555358886764,10.397219657898063],[123.64555358886764,10.398329734802246],[123.64527893066418,10.398610115051383],[123.64527893066418,10.3994398117066],[123.64555358886764,10.399720191955566],[123.64555358886764,10.40027999877941],[123.64527893066418,10.400560379028377],[123.64527893066418,10.40083026885992],[123.64499664306652,10.40110969543457],[123.64499664306652,10.401940345764274],[123.6451110839846,10.402059555053825],[123.64555358886764,10.40250015258789],[123.64555358886764,10.402640342712516],[123.64556884765636,10.403180122375602],[123.64586639404331,10.403779983520508],[123.6458969116211,10.403840065002555],[123.64604949951206,10.403840065002555],[123.6464614868164,10.403840065002555],[123.64758300781284,10.404109954834098],[123.64835357666038,10.404250144958496],[123.648719787598,10.404620170593319],[123.64919281005871,10.405079841613883],[123.65200805664062,10.407879829406795],[123.65218353271484,10.408049583435059],[123.65322875976608,10.408829689025993],[123.6537475585942,10.40890979766857],[123.65428924560547,10.409020423889274],[123.65486907958984,10.409139633178825],[123.6551971435548,10.409159660339412],[123.65547180175827,10.409179687500114],[123.65605926513683,10.409259796142692],[123.65661621093795,10.4093599319458],[123.65714263916016,10.40950012207054],[123.65727233886719,10.409529685974235],[123.65837097167991,10.409839630127067],[123.65927124023438,10.410030364990348],[123.65959930419956,10.410099983215332],[123.65997314453159,10.410180091857853],[123.66185760498047,10.410389900207576],[123.66367340087936,10.411080360412711],[123.6655502319336,10.412190437316838],[123.66680908203125,10.41322040557867],[123.66764831542969,10.414259910583553],[123.66764831542969,10.414369583129996],[123.66764831542969,10.414609909057674],[123.66757202148438,10.414739608764648],[123.66716003418014,10.415019989013615],[123.66696929931686,10.415129661560059],[123.66680908203125,10.415229797363338],[123.66638946533249,10.416060447692871],[123.66625213623047,10.417160034179801],[123.66625213623047,10.41812992095953],[123.66638946533249,10.418959617614746],[123.66667175292991,10.419440269470329],[123.66694641113293,10.42012977600092],[123.66735076904342,10.420869827270621],[123.66737365722656,10.420900344848633],[123.66751098632824,10.421239852905273],[123.66799163818393,10.422349929809627],[123.66813659667969,10.423939704895076],[123.66826629638683,10.424630165100211],[123.66826629638683,10.42704963684082],[123.66841125488281,10.428150177002067],[123.66861724853516,10.428910255432129],[123.66883087158214,10.429189682006779],[123.66883087158214,10.4295396804809],[123.66876220703148,10.430230140686035],[123.66869354248081,10.430500030517578],[123.66861724853516,10.4308500289917],[123.66861724853516,10.432160377502441],[123.66863250732467,10.432239532470703],[123.66869354248081,10.432649612426815],[123.66918182373047,10.43334007263195],[123.66945648193393,10.433679580688477],[123.67001342773483,10.434100151062012],[123.67057037353527,10.43443965911871],[123.67120361328125,10.434769630432243],[123.67175292968784,10.434989929199219],[123.67225646972702,10.435250282287654],[123.67243957519577,10.435359954834041],[123.6727294921875,10.435529708862305],[123.6729965209961,10.43583011627203],[123.67305755615257,10.435899734497184],[123.67333221435581,10.436269760131836],[123.67357635498047,10.436650276184082],[123.67375946044922,10.437100410461483],[123.67391204834007,10.437649726867903],[123.67417144775402,10.438190460205135],[123.6744766235355,10.438719749450797],[123.67489624023438,10.439149856567496],[123.67532348632824,10.439490318298454],[123.6756591796875,10.43982982635498],[123.6759414672855,10.440130233764705],[123.67611694335983,10.44048023223877],[123.67632293701206,10.440799713134766],[123.67643737792969,10.44120025634777],[123.6766128540039,10.441599845886287],[123.67666625976574,10.442040443420353],[123.67666625976574,10.442489624023665],[123.67666625976574,10.442959785461426],[123.67662048339844,10.443449974060115],[123.67642974853516,10.443940162658635],[123.67640686035156,10.44406986236578],[123.67633056640659,10.44445991516119],[123.6761474609375,10.44491004943842],[123.67608642578136,10.445349693298397],[123.67595672607422,10.445719718933105],[123.67581939697288,10.44608020782482],[123.6756591796875,10.446470260620174],[123.67552185058605,10.44694995880127],[123.67527770996094,10.447489738464355],[123.67503356933605,10.448089599609489],[123.67487335205101,10.448740005493107],[123.67474365234386,10.449310302734375],[123.67469024658203,10.449790000915641],[123.67456054687511,10.450169563293457],[123.67446899414097,10.450570106506461],[123.67445373535156,10.451000213623104],[123.67445373535156,10.451490402221623],[123.67445373535156,10.452019691467285],[123.67453765869186,10.452569961547852],[123.67456054687511,10.452650070190373],[123.67513275146496,10.452850341796989],[123.67584991455078,10.453140258789062],[123.67632293701206,10.453300476074219],[123.67664337158249,10.45331954956066],[123.67754364013695,10.453840255737305],[123.67919921875,10.453969955444279],[123.6797485351567,10.453729629516602],[123.68057250976597,10.453370094299373],[123.68150329589844,10.452409744262695],[123.68200683593761,10.451689720153922]]]}}]}